f0,f1,f2,f3,f4,f5,f6,f7,f8,f9,f10,f11,f12,f13,f14,f15,f16,f17,f18,f19,target
1.4708480797171202,-0.3604500349721058,-0.591601788478004,-0.728227934075907,0.9416897883522466,1.065963719731826,0.01783225452975753,-0.596183868845102,1.840712330849497,-1.4970928966436117,-1.2026715077719918,-0.6039675144875425,2.8992558245414797,0.03756685870725232,-1.2495228835952368,0.2579626921992146,0.41662771515222263,1.4082084326957716,-1.838040660792271,-0.8331415233289663,1
4.513369096850683,-2.2271030357520765,-1.1407474161824607,2.018262584731395,-2.2383576851761915,-0.49736953314026283,0.7145497614635058,0.9388833153720996,-2.3951693175130337,0.15983675761088956,0.1339418829520131,1.461499082755376,3.954171247752466,0.3090544381042879,0.5381840760606269,-7.157864698637344,-4.53221590306436,-0.08179955347087087,-9.32536185307987,0.574386351133876,1
-2.355643423564588,2.2186014621184476,-1.6032692503126353,0.8733937439215347,0.40148310163780615,0.7172635437832151,-0.8593992108172007,-1.04219021492138,-2.175965163501596,0.9802308398956834,1.4985463606698537,0.5444338239034117,-2.466257953756017,-0.47025571626635737,0.07301843867875568,-2.2035313023963914,-2.2992625816341477,-1.7427609375842528,-0.27157945768521846,-0.35928530430641653,0
-1.5961984381371241,-0.8574272400027705,1.7724336563499823,-0.6393612815270262,1.4194090709509923,-0.43852450560498196,0.28194887380905115,2.3451447234710336,1.0062296174473873,0.3891351807136445,0.238566126142076,-1.0250508969745709,-2.422974575925319,1.5798069574015499,-0.30071336372092894,4.26712005055261,2.8937751374064606,1.2366972773578149,6.034785453185585,-0.045710754645827495,0
2.8400489223571164,-2.4896002093666216,-0.8449020821702086,-1.5943617944420725,-4.688516860013304,0.45963731807481595,0.9136072175680342,-1.1435048125463358,1.2639372826816935,-2.0409277704847444,0.6756644532569768,4.176423682994823,1.3417423270599944,0.13356541553597825,1.7438193310994725,1.531188305138527,2.2698079978592087,0.05348895364493855,-3.151109495759723,1.6037018554669304,0
1.5805870754086482,0.4357683582271774,0.18409604793867684,-2.4071140619434397,-3.635329492685073,-0.5927992331786469,-0.023393960243946223,-2.167271609528518,2.016956646233224,-1.7056691667740158,-1.1013266287697099,-3.2688300227665037,2.7735566480245173,-2.382762352073065,2.7124256930148585,5.901930997231913,0.09122446799216144,-0.11674086645336967,-1.130036406695661,-0.48016958420723416,0
2.0196055173114806,-3.9261910127936313,-3.545441961439047,-0.3930299571437281,1.111432054497876,-0.09427271723096599,0.18146106348063867,-0.10164087439060743,-4.91284452788481,-1.810807128629033,0.039569724133648135,-0.3151095819950902,-9.946681004577195,-1.3135277983539944,1.165444817341374,8.87209637957218,6.3902533300564865,-3.8507704586447034,-1.7445995625031547,-0.1439999777016611,0
0.9361688824550158,0.401295047261204,1.709292218851028,1.0508259132781959,-1.6447531051031261,1.5301856237965608,-0.6421271738316033,-0.06769559501269273,-0.6854015595354916,0.04367034558241434,0.4021978249123513,-0.7786012488484919,1.7410812918289207,-2.0265777765994355,1.8232217637194612,-0.9504233532317288,-0.3423473503005896,-0.4480393645606725,-0.5265758114826407,-0.3146014474420489,0
1.3233448425509255,1.016132059267452,1.806313175932521,1.2036805423468957,-0.22040674310400224,0.6098125198747528,0.3777117601138336,-1.9230505589179563,1.4618399863144687,-2.775015095393859,1.3429563316312263,-1.9078776407900029,4.56785400895771,1.7533751987243156,2.7554346977337123,3.2685774471642897,2.97958032233417,1.8490945003339943,1.312568314254401,-1.3180920357955057,0
-0.09628968427102014,-0.3287780407200087,0.37465246656946305,0.6829085609166974,-0.0029835469949173756,0.7082662196573998,0.7756752996156893,-0.6357831132257853,-0.3949445487877058,0.37393057689764797,0.011369908798494166,1.4751547945540044,-0.2924346816507805,1.889282454250252,-0.43185659398785514,-3.6928688146047235,-1.2131369147447386,-1.8054129293123604,-2.9380121827915655,0.7834656483247346,0
-0.7559441375639462,0.46418257006200847,0.9457827912615726,1.845720779601408,3.716781792217654,0.5888319515419477,0.16696762333416318,1.2974169188694122,0.2824467631309532,0.3924525663133547,-0.6107626557317373,-3.3367991863975637,1.6095585955433367,1.460680332129137,0.21992433731706418,1.9055599009354653,0.022379613312352276,3.215991375621206,3.902606799519111,0.7859740988654604,0
-1.4443658641966695,3.0986178150671075,2.8088161989288913,-0.7132395578786703,-3.229862631386313,0.42698368386209956,-0.6545649415957302,-5.438686951183697,5.506366517076971,0.21859397216716325,1.1078232824168008,3.4690912463903727,5.955141085851607,0.11033543315937581,3.2802715664991378,2.0443662608916506,3.359815571445176,2.9933084313083813,7.358102898177841,-0.07046034046599581,0
2.8983648435265748,1.4996589815214478,0.04337672833454165,-4.678599981153914,-7.424830798949956,-1.063258686531278,-0.5532410018397994,-1.3057068403142045,1.3163198989933245,0.11403117085332659,-0.04798579485058113,-2.853607785506616,2.5673734387647316,-0.5737031442926516,2.056422635638369,5.290982378385627,-0.13855522602978154,-0.7750661689995243,0.223414163877642,-0.4596052987574804,1
3.4157921946652086,-1.308023505433988,-1.4281318764093558,0.01652503381073167,-0.9155491590832496,-0.466227391717112,-1.0414529517748186,-1.0451953921051456,-2.6339277652554998,-3.0697235774884923,0.5484632735405707,-0.7571355588294497,-1.7443601273769882,1.0033658927291456,0.9455576129642179,2.828816413438335,3.6085589875986,-2.6863589933637027,-4.747500271093112,-0.39039446711714254,0
3.7829107930112595,-2.676704410936911,-0.9132026984540895,1.7951347001822464,0.9577297234579433,-0.15723639202855216,-0.05892635452305161,0.18533609870291246,-0.7102226312607499,0.10834807381943934,2.1069401822631857,1.0967972773009877,3.5006799966652826,0.48574714745545966,-1.102631258611276,-6.064444033425319,-2.8888094226893553,0.45458786761220293,-7.938302307333519,0.8381772195994377,1
0.2697382046479859,0.7646164052582951,-0.5889323619503772,-2.505338412321146,-3.4050481995697783,0.10650540141918646,-0.5426968739026136,3.870751046221272,-1.7048804219604334,0.6963735742528117,0.7458565180985776,-0.638683752624772,-2.099114605589916,0.9192610916812918,-1.3866748076829225,0.1736317924552775,-0.9313211829699476,-0.6307614348466752,1.4475596461694642,-1.4345808609043489,1
3.1160157137108957,-2.972799919127352,0.8510492285618181,2.077139156780513,2.8533895049588227,1.4673759883276782,-0.7966125696279787,-0.5150554810704184,1.2620537723427476,1.6311357447045858,0.7536442816334635,1.8903099687932676,3.8524272463181446,0.020013805001610485,-1.334536014461161,-4.729797544514206,-0.12822070015349607,2.2448766301003724,-2.7847773517681556,2.9695095077456646,1
2.9565380835198503,-3.122052312208694,-2.574420334103814,-3.672422925715819,-2.7168903196896004,-0.11648835263103476,0.4892118246643012,-1.0002827933000527,-0.8903377496899876,-3.4168505870219614,-0.07502700039680087,-2.3701292061291412,-5.0545389091511765,0.44049449616333775,1.836134638695865,11.447429126110112,5.03491579168727,-2.9386251444209788,-2.806002099969488,-0.38277840170955824,0
-2.127964976769075,2.531763481479496,0.21382092303620093,-0.7820586359343605,-2.170530039914823,-0.0029454113325951153,-1.0588580088579944,0.18078263558291718,-0.19915442836847602,-2.110156539853068,0.11316001139278317,1.2184669944619193,-1.1915938644618014,-2.1811752376656774,0.7004612967166481,1.4043801938596208,2.075658008332125,-0.7175485532240968,3.0666124897898643,0.2632654875753966,1
1.68767079251016,2.9053127957089266,0.04541095177832566,-1.2233128127972497,0.30960954715794436,-1.911642210919043,-0.22056253440898943,-2.5614508998116596,1.1652028880724754,-0.6190010861552833,0.20431988398831982,0.19504475145067934,2.670343312391676,-1.3565450522865388,-1.96736770831905,-0.073536831029702,4.284887237824131,0.6104354855283203,2.729436920693317,-0.6481324338877777,1
-3.349912005548779,0.30198672881359667,0.4995521843236632,-0.9509963778964883,-3.1810202573532678,1.3225484628316608,-0.859438186795311,-3.641449239631963,1.7787255963734543,-2.6042881740012875,1.623843744269257,2.8711811290235714,-2.7741739211930794,1.416834082138803,3.862857531603393,4.605497475825218,2.1380503818743923,-2.8464166830015944,0.5286452088658039,-0.6759376648038271,0
3.5994190822701224,-6.384175192487525,-2.673181970847935,-0.33198528601305366,0.9006107474100427,0.3066969420298376,-0.014944079421074246,-0.5344035637836997,3.024118595150308,0.8218396523390846,-0.7962901889920904,3.5535042675401862,3.4673930126649193,1.9725799044469323,-1.3298202133050927,-3.209244234905224,-4.129854511886376,2.575096147313497,-9.02166042785403,-0.28121246228828845,1
-0.6079297793334895,-1.3101182746040683,0.7536665875836672,2.983154281760174,6.61173389322829,-1.4560464933464334,0.6037330161902218,0.8773379697393074,-1.272927356965023,2.1983223633699573,-1.6612044051839225,0.2278917326512444,-2.3189789236277876,0.6280786969002486,-2.581581248847748,-3.0855493601791624,1.4247442602945788,0.49115843401002957,1.8179228443407796,0.4288111804330056,1
-4.113945928491665,1.4640024920627066,-0.6363627981384661,-0.23768343985866847,1.0001471581504688,1.1522506518727484,-0.08163436001124397,-1.2082520312123566,0.9815761317885996,-1.4920754258508955,0.1853966564677613,1.007006261428348,-2.7536336918841413,-0.366602569838744,0.7487791917807893,3.1735157860789247,1.225846787843707,-0.25600569753212343,3.351385344904734,-1.5445997269056233,0
3.9558712062987436,-0.4926452199545326,-0.33577636986859605,-4.899760149852887,-5.73300915589015,-0.2105349403529925,-0.15914947153772793,-2.103292696979251,2.3149117102425336,0.5975883155984283,-0.6389850540666776,-2.792993523330908,2.182162465368706,-0.7163942937007461,1.729245835533833,7.491835342196293,1.4534892233321342,0.05743767333482919,0.38620763501194566,-0.03813456882464047,0
0.8234302026119623,-0.44762015516804676,0.45360702578702083,3.214605226367322,3.529717251071349,0.6793813730119062,-1.55102618198332,1.5916485694674207,-2.179261422202733,1.7128899014759336,1.575720450373765,-0.3760127309472836,0.6274854416219577,1.5051959988790395,-0.9468792079535758,-4.07491036399945,-0.7275007198255248,1.4185318839499395,0.22410572959541114,1.6038660672678657,1
0.6020082004334122,0.11175911031572316,-0.9699842231445348,0.4335156988009874,-0.780802881186362,-0.5972789358462477,0.6165793523072711,-1.0490009028413525,-2.1862349436026784,-1.118218092987319,0.18606843247054689,-0.5248863207307262,-2.0064953260074745,-1.3070983443991324,1.3625442677049424,1.4173651609511602,0.8350965196718464,-2.2120071477730257,-2.2148984413847526,0.163427820386131,0
0.054563706705563764,2.3091462972017203,-2.559824798172853,3.0912119122306336,8.528009845628517,-0.02483031412664712,0.412641361442966,1.0451106549921572,-2.197455059695977,-2.0787778654591174,-0.48658566970065326,-3.9511219728196068,1.3130107294588198,-0.42983282314785354,-3.850514976788374,-1.6544232437941297,0.7297381534223695,2.8586968521426384,0.0852866360587749,0.06614111514900174,0
2.6541048090708834,-3.7399482293019934,-3.1826226677588196,-1.70359304517791,0.8342810280149172,-1.2258922634399458,0.015123261584553639,-1.8450033395337648,0.4138719397640805,-2.3883465024973143,-0.3746228193260549,0.9409707309996194,-2.8385680774032687,0.3363229693212808,0.023797469092638024,6.772007218770904,4.547650567666907,-0.2949050471056094,-2.8190623361710174,-1.2787358548192564,0
0.08271848286022765,-0.473068703990416,3.180201126598727,-1.3683311576366943,-0.6282986519437085,1.7820241127014727,-0.36888310293702387,0.4101277937276182,4.640298841869179,-3.2098699260907724,1.4634356542609945,-0.5180624570291291,4.4097495395592565,-0.029507598619071266,-0.45040489207493173,0.7990457294247494,1.6263840810471126,1.0876511552906136,-0.2013581781574159,0.018118477625871335,0
1.7038537653516521,-0.8058734094070683,-1.0986477240456476,1.8927069178130078,-0.5761566928848139,0.6729702060319175,0.29457680054031987,1.5084098976664508,-3.811953044311367,2.263665412269807,-0.6291996069703238,1.0059814813754744,-0.5845421972612598,-0.6468363041676235,-0.6280159147219642,-6.943427113195507,-4.332889066870187,-1.637332229178996,-5.392185737964429,0.23045988062763317,1
2.631738493953497,-0.15627437378449927,-2.628415383502513,1.41411105272416,-1.712149523216678,-0.39280101688114194,-1.0866361888852818,1.1466933217817954,-3.267557324099147,-1.3206296782000932,0.6490933843875007,0.2976484574435726,1.768656210566732,0.1028142431550689,0.5690443414556474,-3.5365701260405085,-3.03795025061713,0.11357831728824064,-6.2125716345762685,1.0049302940678833,1
-2.9077138696488003,2.9234596683156995,-0.555831244305129,1.787407332286358,4.6565317871397625,1.2235796597592736,1.3349467283836431,-3.7873299144971035,1.3388449242786113,-3.014645243744003,0.554967164998613,1.2444535522572808,0.8470287428761223,0.04132683187700316,-1.4517902905467002,-2.205662694569972,1.887142966038478,-0.5510127232274031,-0.3861830808484114,1.187051150666382,1
-0.22471556689459005,2.1687650278002657,-1.0874978578014676,0.5337690236365997,8.37942305872063,-0.6610218815427124,0.7992464575172452,3.300332756277774,1.6285957063421772,-2.8063287910770027,0.035843294858049234,-3.4784253691727107,3.4765440579727045,0.5657385044539512,-6.2974436552390705,-0.18885534514169774,2.903461423539643,5.7709342039685225,4.47594120382993,0.3524229143843145,0
-1.1902037862082986,1.3125160724372804,2.531655897852993,0.36213088058716447,-1.8410270646687317,0.5053933762204634,0.050913695535472876,-2.7254343481655336,1.687676445474722,0.7444834190167504,-1.8858646178642093,1.0129423634340884,1.1313038809099225,0.1704009940620113,3.1714450292409464,2.5118542878590953,2.493229238294381,0.36697989069089554,5.03887251957207,0.6420450918935614,0
2.484793876772214,0.3637232380380897,3.9126129958779763,0.864360686163876,-2.1083938274263327,-0.037008094073233626,-0.8410484303982945,-3.1666621414327216,3.6862807241268483,-0.9851897094576418,-1.4871542357097711,-0.5676662995085748,8.054608362170272,1.6828883889478317,2.9010984906423047,-0.559525537876904,1.048137313242389,1.64429353792791,-0.583933296147879,0.09004158386695832,0
7.021820797777216,-3.6129083156044555,-0.21542486709458908,4.201881011088962,0.8137241939309925,0.07224913423620272,-0.5621623419347272,1.7996886058217676,-4.846575086135509,0.2350386960483999,0.215031942943456,1.1573087035194047,3.6346170486170513,-1.422058497167931,-2.182051379097521,-13.71768272249255,-4.571180244805821,-2.821970613425662,-15.224344835062016,-0.44352159983711503,1
-1.0626905207786415,-1.9917658545056374,-2.2411915666624798,-0.8705901075420961,0.11338755967074053,3.287761187388739,-0.14114967234280568,0.048994208975666975,-1.6089801281405678,0.6912538358395006,0.11333446390530184,3.0440058596806527,-6.245427181791596,-0.32573889318261995,-0.8517209190511768,0.6923899358404859,0.762863276078057,-2.605563343462848,-1.2746616973886293,-1.509993170579207,0
-1.158202815977193,0.5033360221288024,-1.1399084136118878,-0.0825110835228231,-1.7777890605994484,0.24245018063581938,0.06820678260283634,1.0814038257926732,-1.499688033201887,1.003069892479308,-1.7376861982453433,1.320013993964708,-2.0732483134610864,0.8179920992573367,1.1565025896397847,1.0457897850909046,-0.550248812119043,0.5722634859197371,2.6271831468786915,0.4137542029473876,1
2.138652471144803,-0.24676765866045747,-0.9843218882890006,0.16685481972566696,-1.455060544736041,0.6084916486780788,0.367199798775388,0.44102755150664985,-1.0551581148131874,-0.43373221661709094,1.5095239926988544,-0.4030821405756124,2.0949104822177476,-0.031471370203683895,-0.006064343725032506,-2.4365003287884237,-2.3105272955961973,-0.11017771373182073,-4.378803234387024,-0.20963999341916223,1
1.2930209350164532,-0.27340384518281435,-4.3838306566472305,0.9198334356586487,0.1240401490220004,-0.9204887877395782,0.8500363951895699,0.8061109801548808,-2.225132450389217,-0.6837548181056419,-0.04504447845515359,1.5724482865617357,0.9341966662772418,0.20785323813764608,-0.7139339536469458,-2.877988819048734,-3.2483085640541156,1.7310202072431746,-4.524844555542419,0.7681941281058479,1
1.8545473895058882,0.8525386678144704,1.6593856941732756,0.4388414760180712,1.1875140345574702,0.09238145899896975,-0.3996964908359908,-1.3167209208688984,3.9379297737120624,-4.08751095526405,-1.4446412530684143,-1.8065984133941226,7.884949869343563,-2.9118039447172657,0.26396387142378785,1.2759674356302235,2.3248716386959565,3.707180590764581,-0.24556766677207476,-1.950900466789381,0
-2.871209985320297,0.24240426930736558,-0.9276299889126658,0.6116140999013027,5.083341202008749,0.20783838336407062,-0.398592038913759,3.0917108581786765,-0.07172093250806873,-0.7961614968829548,-0.7845669926025229,-3.054454350415525,-2.232619827723333,-1.0373261983013427,-1.665747366543897,3.644804884855389,0.2813263153745992,2.762864226801132,4.499166804822174,-0.2954808139007823,0
-1.312617752078143,2.0375259894899145,0.7070505584395534,2.602667565530213,5.791865763705409,1.3741358241501094,-0.2810231972760544,2.3365269177582224,-1.6822108576334536,-0.4503480933456334,-0.12698781320498045,0.16454929436133503,-0.4268821549517557,-1.1714831299709862,-4.372275461210515,-5.997104894925893,1.5906471074993789,0.5575264257974593,2.003808301961256,0.16561512509672222,1
2.0480125822358515,-0.22986309809110161,-1.8875446032365892,-2.340646804710499,-2.4889084820456797,0.20792969196167435,0.650489639988436,0.9776919543555358,0.5991597326564405,2.821661499912072,0.7747733900743572,1.2606768919362628,1.570299971554165,0.6645524143941822,-1.2650277324181556,-0.08491843999034417,-1.2238232944029654,2.7685524089465563,1.9516632222714818,-0.48879979835093157,1
3.220041439485031,-4.708239133150558,1.5643548672177792,0.8775046074177465,-0.6366525360634493,1.5622651106550693,2.9452462899351,3.228734825222603,0.06038746258045747,3.400291953474411,-0.6630921738253879,1.9004252458407105,1.6592303407895768,0.25051420375559713,-0.6478927828539247,-4.628727165392008,-2.498579130169168,1.5641062739579459,-2.633666823183973,0.9205095750656788,1
2.0220082922823392,-0.5560872357353758,-2.079933357997259,2.822147113333634,-1.2847127211357732,-1.116064176071895,0.17118714374566293,-0.5987030650818315,-5.529153358793203,-1.5544394912495292,-1.184951941226075,1.8851091290452031,-3.577013573166355,-1.1429425463832155,3.6444623738109585,2.716267590465971,4.2445832591276895,-1.073206783763738,-0.2712566398840731,0.11833021889820218,0
3.932234212270437,-2.0416980229510466,-1.3139370656887746,1.731870861389643,3.774605350239088,0.949263174282309,0.4312838168862984,-0.7387432623499908,0.0013364515649788168,-0.24829330067073596,-0.12430093887849855,-0.7290510371863257,4.426171491070198,-1.1741423724811144,-3.0652075807006485,-6.818565076364355,-3.147077543313659,0.3636897964207336,-9.259235428256476,-1.4036162110718102,1
1.3360461501413357,-1.940980417047315,-0.22474058523972518,0.46980878008877425,1.387361225209155,-0.38309492115979377,-0.9230723963155776,0.25217743017553884,-1.5071096353613518,-1.1113444931348977,-0.07627815173958266,-0.04900369587833353,-2.5370191486745095,-0.2694937557039864,-0.793791554207266,-0.05305956313993166,1.7860680698273783,-2.3159079276725745,-3.412456438314383,0.6418790614777692,0
-0.2279451870821193,-0.2944430222117389,2.4307558156227316,0.6938275935167313,-0.8853247260507258,-0.8979419856402304,-0.01968075432826937,-1.6428845082728056,0.7363898851593698,1.0542318196801812,-1.0851415431623328,0.2573868203850507,0.2701914896506608,-0.37305866766391554,2.081049610270001,0.4663834238634492,0.8922681437080248,-0.9920287928298905,1.2441737355712583,2.1669592672469657,0
0.6634095038522461,-1.5334377006120192,-1.3877480076991517,-2.731442365756596,-5.792466544839452,-0.45839836321279376,0.34936355348237974,0.29112012285683075,0.4359336615174669,-0.8972654234521107,0.5076118229432475,3.231837442911505,-1.7708125557254812,0.3420994815573816,2.3591521091070864,4.666143518368054,1.672909150160042,0.047966065883575215,0.8507624879455634,-0.7967812326691752,0
3.4042095889670594,-0.29700168277130434,-3.3994420861647057,1.8509579878299816,5.8140409776089195,-1.1309873884855863,-0.125819351548333,-3.8753752872159737,-1.9654552628414137,-1.7642255355871739,-0.8489046563704645,-2.2369786681004094,0.16540225473525139,-1.0730913283626153,-1.5572186001332158,1.2764612605229986,3.1639079932549676,-0.33795575884124884,-4.539026374797764,-0.4908064664964202,0
2.537551446815057,-4.316371850642743,-2.153679635909021,-2.993183229321181,0.8893815247269438,-0.6969414601380967,-0.07459267700807634,-1.890354463977995,3.528184814210301,-3.4158589580404737,-1.4363524570391606,1.3948874963549132,-0.1642308498410046,0.3435975351782162,-1.9250020761552302,3.907081957944434,2.816914182875372,-0.5528074490845647,-6.092360989659752,-0.5430219463857897,0
-0.22635959904878122,-3.1407300342390867,1.2469810726746617,-0.83983790075975,-1.3240550230405097,0.18609302087593527,1.2962567097480018,-0.8221221202228974,4.024847080759057,-1.2968033834039066,-1.4839790594674176,2.1925531067331376,1.8839155412790978,0.22352376254153686,1.543205655425822,1.6956225857074392,-0.17711092478890333,0.9387692435386452,-1.8761305235050978,0.913711652342591,0
-2.3616695361629203,3.7521396660310202,0.512284725096714,-0.5967524689203765,3.4958836750840603,-0.61959998010369,-2.8183042862021788,-2.6973375581437673,1.9695694412931322,-1.5307046560939446,-0.2877028881291165,0.24617966962987436,0.1178185838862703,-0.21268973430511875,-3.0659849526011103,-0.6223094537955018,3.873427903134643,-0.6214007172492497,3.6614651564191383,1.3854377816563823,1
-0.45401910472166884,2.8806932824662805,-0.31758196409654926,0.4775939800167581,0.43261342188922614,-1.2732554518068595,0.13631129556366764,-0.4319175625562752,-1.526082690885256,0.46501849957571784,-0.2615672232265355,1.1875074882798204,-0.5553929690538102,-0.9022382027147664,-1.1766400293385608,-1.8598740486091643,2.2208822164443465,-0.030481330342526425,3.4543150807194283,0.9706336726114432,1
0.7903088268816113,2.0972834157106224,-2.3582984227705155,-1.0421233775859204,-1.3356146357076932,-0.8386576375205849,-0.6809088291356948,1.430780290543333,-2.7929922591664917,1.3809580264891756,1.041732852654597,-0.3690029066377212,-0.7408364261859505,0.6819932992541455,-2.5254648523064978,-4.25909726461529,-3.1042487497830553,-1.2395068888307725,-2.1750911090040974,0.404941353815343,1
1.524197333007201,-1.3269193919421403,-0.2140668956952756,-3.1039905727122643,-4.430714898793747,0.645296958431043,0.4380236053280973,1.310964701658186,1.094163827450323,1.064141094207962,1.293989213291668,1.2930802612402346,-0.3856133662659383,-0.2628168232970597,0.6338677625751334,3.7579452928716677,1.3719085253866354,1.1738282011645358,2.7836852971395376,0.3116342988074249,1
0.3618299434213226,0.18368725537790764,-1.2562364003617983,0.7051544191009196,2.925303296460562,0.13175010974729182,0.36245086862561093,0.8031236518577038,-0.7292838172362668,-5.518259900662618,-0.581443086342757,-3.279632800943215,0.20302413420341794,-0.014925372442960091,-0.6597633113596728,2.84513504248928,1.8499471476344187,-0.19787516527822513,-3.512242837986439,-0.17535817439484103,0
2.45526486869651,1.2867522234683877,-1.4643906333242502,-1.0476011560839664,-4.760207848327061,1.764825883791736,-0.7742699224040547,-0.7766138509787605,-2.951765233940224,-0.13386778717648784,0.3306132610904059,-1.1256525902735297,-0.9934900694788372,-0.22366657180344413,3.1937120718000673,5.079930829975421,2.2627542517719585,-0.5733918416524822,1.6874786158447177,-1.369463774656058,0
-0.4355997551239712,-0.45297573265664604,-0.26599571908869546,1.8498444621000745,1.6853688877645523,-2.273172202546832,0.10382923503269768,0.2700984268751516,-1.4864234535171037,1.7094876085327333,-0.8328632751545353,1.433409713943113,-1.557810239246545,0.8606854213686302,0.3477373142346003,-0.7170283956049281,0.7556792249875692,0.9567745044452949,2.431157149577752,0.6834146735600306,1
3.7714029543867955,-1.211649674363787,-1.5570870897453264,0.796833074857316,-2.4779423286985622,1.0371714725320045,0.6325827996421973,1.3892931577589647,-1.5308843100230454,2.699266904703567,-2.2690772729524014,1.0234338178672848,4.2654000262109015,-1.2428715860631347,-0.10976035510082793,-6.145041131987194,-5.510157818808954,1.9530103865837694,-5.027230611322562,-1.7101751013917943,1
2.154370350982072,-1.7229734726783725,-2.0995454930967634,-2.559381824370919,-3.025989809205604,-0.0785907959688194,0.20667762853911578,-1.160637911016089,0.17748258253559218,-0.7077639495260144,-0.13362772972677125,1.4903723537155429,-1.6355705122813087,-0.12929745703550774,0.7277382088651205,4.402197690683491,2.359305948877669,-0.6406891029843976,-1.1986065215026036,-0.05589646661359551,0
-1.8896972559088567,-1.0365250087922409,-0.8787181553672145,2.676675631409128,3.290207658807385,1.8968887478720813,1.635007165731419,0.7517029385056045,-2.854750399302736,2.638400341321828,-0.8385806594815023,3.071565698543918,-5.045419733883522,0.44103583485076286,-0.37697412537891695,-1.8713774670475325,0.9453247914044942,-0.07741059319858268,2.952378104490963,0.5516802322559695,1
-1.991456270680136,2.0114058742703906,-0.38969277666230995,3.529230934767855,3.3634069277082697,0.37638856188919934,0.27194059094054035,-0.41159925117609464,-4.561222703260471,1.2962465796453442,1.5112831241107423,-3.095290780658195,-3.9613365721514127,-0.05191835877606092,2.114721807234361,1.907646916313492,0.42147182809981765,-0.943050356516326,3.432026730261208,0.2820005425545109,0
3.358502942308017,-0.42307405815009724,-2.9827649766044253,0.6196059616686542,-4.83957222211404,-1.0622403173432842,-0.1358730483637962,2.37166856073734,-4.788856103388384,-0.30686184072957867,1.3534515614761184,1.7012702604322847,0.6258775379834414,0.29315722532296834,0.5892321537142657,-5.760031626247769,-4.612975056142062,-1.4066278954427451,-7.94857714734667,1.057059011356577,1
-2.450564731523941,1.1500453155179227,1.3644215713333931,1.9268462465920857,0.6520267966772266,-1.0108814965896014,-0.13879640094553602,-0.705899717772178,0.5405100723909398,0.21264182394857678,-0.0378867010218419,4.3190147821990905,0.32145292737405073,-2.2267615249572263,-0.048123197065143675,-4.698889386581072,0.5494570848641867,0.14261194088275753,1.980099917401969,-0.060280749027981445,1
1.4458554116614815,-3.04238575854674,-0.0555167572569637,-1.8398827679083016,-6.022442494570237,-1.5772283709195007,-0.8501977458146558,-0.20855443750410707,1.2976650656034168,-2.104289108123238,-0.25959672180927,3.514428175915571,-0.38038795161725214,-1.6382456590945336,3.8541064220826673,5.0831046893146326,2.3945512991332727,0.04893322981614001,-0.8627149350294114,0.7791306255883524,0
-0.687184627910969,-0.2948344701810557,-4.129236791205116,-3.7545389563063214,-0.2879684888326821,-0.7488116710235772,0.6632733812644779,-0.5290556981748069,3.243649536263064,0.7561235048477829,0.47758881955300486,1.7879297395379754,0.3370408258568976,2.602479874874313,-2.1400220532528493,3.539698758514787,-0.9851312211728067,3.6586490563423575,2.269274482870258,-1.2814909728688246,1
-2.2069325305529177,1.6043886278007327,-2.0181374437597377,1.300117816522357,0.32181276332832515,-0.6958299463922752,1.195941907435307,-2.0552300697229597,1.225325651869142,-2.4444150539238643,0.5567179766334188,3.004653050346536,2.670094921624083,0.8817464007600121,0.6894459643627755,-2.7388612628195017,-2.277529934717541,1.463353516019195,-2.3348559913087947,1.0570434191653657,1
3.3446283618480175,4.501416200975001,-4.440781559152088,-1.3311174508644363,4.602888024785893,2.6706753748630647,0.41362637771433536,-6.839410930479018,-0.04269814924355802,1.9513518667536496,0.5921029832024916,-2.9898258286512807,2.5652744933770566,0.9901247868928167,-3.527256887581394,2.238554412450234,3.7680755372643553,1.6854188162341852,2.6123768010815014,-0.5508574703286617,1
2.3010539695758823,-0.9735661624610721,-1.5734780543266278,2.2442890950121974,2.4726962744912795,-0.36880326518886875,0.9459409606394379,0.7205865484148359,-3.7858248074378498,0.4524101555665372,-2.0343558678843627,1.1527821166232721,-1.2681576602567344,0.1980569258851502,-2.5732779393211445,-6.825652915272168,-1.0994100836106737,-2.127173985024498,-6.16942257113568,-0.6807664465790269,1
-0.42080435071246514,-1.6766641448446964,-3.0819692599334854,-0.41136954975868323,0.7435739799922498,0.2235994544459053,-0.6944984102480514,-3.22882664778587,3.5783848191891754,-0.8737222936552635,-2.160912602766722,3.287835561732746,2.7701792532029756,0.4348929626773386,0.5853449996084255,0.9857300830345163,-1.7785322981964162,3.0510813021200103,-2.6151312253439243,-0.7736398449381301,1
1.2432050656639424,1.037049423583007,-2.3106481222770414,-1.3956745983433465,-4.742619213639757,0.7499383929448385,-1.686876951373053,2.6323615133582394,-2.7602656348011156,-1.13707446059112,0.5837114198239499,0.3677459504482219,-0.5850912746752863,-0.2523534819908905,0.722315970638125,0.6449685256342654,-1.0532524269888925,0.11292810519914365,-0.7973338462260452,-0.4928849123837181,1
-0.228405459150674,1.6512802266992876,1.223079337215251,0.9627477671857907,4.9855898855298495,-0.35844618930667493,-0.19992992311841679,-1.9689471163183674,2.5796791818170317,-1.3936085649031482,-2.070273544513395,-0.38108132016029495,3.4146704305428623,0.7429033054335988,-3.0699622326192824,-2.607340863482633,2.573889936669852,1.251960166738339,0.9104322246381042,-1.738397578521786,1
-1.265388179721614,-0.23904329188437834,-2.687549166527188,-2.396582374781614,-3.9673584843903353,-0.3039226476153726,-0.9096520258330384,-2.5605931679083467,3.820661663087751,-2.0437870710246355,1.3122079936015318,3.2548356488088652,2.761136920297477,1.2371509754787164,2.0768440418146805,2.4656757626830315,-2.6210408694032172,1.9100181661445297,-2.2343614130191654,0.2405807577265921,1
-2.980611005554622,2.1962174968523227,-0.28182836749393136,-0.6073521622517044,0.32197269701285497,0.16982667258368722,-2.431121163971628,-4.300642109435001,3.7543065413636802,-1.8563555462166312,0.5218912341350844,3.1490481341024945,2.0921984434543925,1.087940253268552,-0.2633491813722524,-1.5200166365284613,0.019295564798760045,-0.22717846477789516,-0.3452282192714161,-2.2993576962370614,1
-0.20189335505997463,-0.211016162848624,-0.8611319983011189,-0.47098880830036394,1.3994993143600372,0.5511266040869562,-0.959732334832934,-0.18232328416069699,2.4100742214434376,-0.35485810372322435,0.5570296224878031,0.06642128721772467,2.842050267100841,-1.6636899781963828,-1.2570073844264467,-0.6128775269008623,-1.6417950132170867,2.4715638468501475,-0.6345954420684712,-0.21450256682421934,1
1.0658522283398675,-2.4018411773684285,-3.0959126858716024,3.7177352742551375,1.375930801170596,-0.07004644372796487,0.7254188271577663,0.9444274696400708,-4.660002582977494,0.8619209104448883,-1.03873443416267,3.9096723813449628,-2.5349699724959414,-0.18770160587403686,0.42673358970675457,-5.324991820079982,-2.2695863758029944,-0.36078242404746175,-5.231147745622203,0.08534395552050993,1
0.9336185050311417,0.6037408696969082,0.3343795199402886,-1.77410818111227,-6.963638748483087,1.805668878116265,1.3250046549456385,0.43911415577834356,-1.584064508470998,0.15131769514644278,-1.9425705714374064,1.5630668767894327,-1.0864224448773359,-0.9723350038161879,2.5041697967420484,0.5378423177570799,-0.2294365755178973,-2.3877332719725826,-0.5124080403912296,0.6555543582884528,0
-1.1120314726209082,4.425062996015102,-3.1876860382361403,-1.0020344061426045,4.036602110044979,0.6673552844546782,0.18111228888942987,-6.406332424650674,0.3034369189232035,-0.208357767272213,0.00016050740708493661,0.9488479978908614,-1.9323132918696293,1.0018704135410883,-2.7434647441400637,2.0740701041202096,5.511412906848174,-0.9343089926189105,3.935507495024876,-1.5172538605721053,1
-0.13760530414951422,-1.1170648941379078,-0.27712313356929763,2.8493925886674902,1.3054532317874075,-1.0446665306312433,0.4548758006638433,3.469741478723414,-5.357089386729193,2.2080134147937978,0.439842886472828,2.7100193368540877,-5.613185868298287,-0.010939051960085844,-0.462376909443294,-3.155747034410956,1.6065123172954783,-0.9591681853673739,2.2605125144195695,-1.5031550695996019,1
0.4529110182916347,2.2681321140691684,-0.2122675185260099,2.1734980158058517,8.04106857191895,0.6824892092606365,0.2897844786582218,2.263544102297184,0.41586406513895274,-1.297547689606183,0.40394041606830444,-4.037369817005384,4.207486038710756,2.3330355621114673,-4.56998763433317,-1.6042126938910661,1.7476354729418224,5.179081038492743,3.739346787019536,-1.1081746964847465,0
1.9237309160099754,-3.4536628734515094,-0.93585574838165,1.4024813286331868,-0.7756259092485092,-0.11298112310661049,0.894458843105129,0.6004577195447269,-3.463398504786174,-3.3186391752102784,-1.1858149110149452,2.302737519603884,-4.79628659952585,0.3343747468732986,2.0130100883630395,2.6387852378538774,4.5103934293998265,-2.925881953482367,-4.030404254124005,-0.10798368601261019,0
-6.714166639727703,1.6902897864269808,-0.6940592781480559,-0.9351239281641871,2.665032918932952,-1.4453998367807581,-0.3564769686295441,-2.2771344311977457,3.8630661912214808,-4.1289648549734395,0.05434029414187516,2.114504322770607,-2.5319980282562247,0.36202455098846575,-0.532090347549033,2.8878421063542032,1.1147643421224342,-0.7069450896773124,1.8535359483831169,1.0970753064126277,1
2.232780998913957,-2.364926165822929,-1.638354217382779,-1.8955863515885518,-0.19124173627888555,-3.250333476195706,2.1120893272529084,1.3204915851344685,3.2089497857342955,-1.7446173069156572,-0.9246440184480313,-1.5504585498550285,4.362271216430699,0.21453291888641599,-0.48888988847340686,3.443897524445376,-1.4227669488027286,4.280825790732239,-2.046521494491688,-1.4084314903683608,1
0.23179281207902502,1.9367394225226713,0.11214665834653115,-2.0150182870387168,-4.092912036229482,-0.15350069556978385,-0.8664477699523984,-0.9414933170057764,1.6034939800907326,1.5514123915568154,0.405850266692899,0.5505764474561863,3.130304758450755,0.9067842666754293,0.520668074567977,-1.1216057435500586,-2.4140067855314262,0.7854595059696665,1.0186794368483048,-1.308684130989139,0
2.994789199752473,-1.1563705068339831,-0.1042934562140595,1.8937337004614747,1.9243175105446357,-0.7726368896531003,-2.0210023208762435,0.577772168438466,-1.5732632559452657,0.2684833411345475,-0.16090493827659874,-0.4709002424265645,2.407714994004402,0.16994471105148284,-2.0223608110857967,-6.598198235369315,-2.37589304948901,-0.7845476764082457,-6.659208716579256,-0.8853264322180604,1
2.6630552421748965,2.3396393774916344,-1.6999247098177377,-0.940222088826376,0.35168669211996595,0.5285392018314015,0.8762125793216632,0.38077373937055925,-0.41026111241266183,2.1769360554032855,0.44570914013536694,-0.5364059199100604,3.458892007454737,0.9902995470995242,-3.0033125666518536,-2.4791678062307483,0.0147635222037934,3.0933721558698104,2.5181014222350995,-0.24977261204038337,1
0.9241068285951526,0.6093795895088685,-2.9351949334455165,0.7515730379184404,1.0420154347409276,-0.4002422829318855,1.8908404200391653,-0.05248898452520889,-0.261643389321615,1.4519132940512205,-0.7988515440172963,1.4389183390172264,3.308155822147392,-0.4055873567476789,-1.9096079140041708,-5.406772588831926,-4.401636646402861,2.6318128224796267,-2.8725281451441362,-0.8330082558394402,1
3.1408798097322075,1.6013762763711301,-1.3883001478419217,1.0242969109927702,-4.379605312876897,1.1851630314393404,0.8983025496890353,-0.7441781728505773,-5.104497852897537,-0.8540122098347956,0.3424508791769014,-0.13672710593506499,-1.0109129184258199,-0.6937666074967505,3.655374986934317,2.421521965376718,2.926863856857887,-1.3175280808385321,0.14656166412512314,1.3461034238624805,0
-1.5682934083785975,0.003901445698913264,0.14437611038447695,-3.4067784448217626,-1.230366061333946,-0.058607075782472,-0.2407025718473096,-1.4403225353890627,5.514705012538074,-4.043896650254711,0.2665216499782007,0.7479103668150795,2.0255219861112814,0.4515474912395065,-0.2751933075807065,4.9908531174512465,2.2329501032127386,1.1537048553961118,0.7953087740477764,0.6301079955837326,1
2.3363112689755816,0.2666320611312203,0.12177319399343278,-0.5243097397288172,-3.5240572161879564,-0.4469775528060408,0.21930891313205408,-1.340453236414048,-0.8058819947137025,-0.23679719697688417,-0.7228347951782497,-0.8610518601382944,1.2225917072346362,0.0352953907452159,2.655065471715978,2.6489549370360477,1.093894063978834,-0.48710468597005985,-0.4211051987641784,-0.30056939058524895,0
-2.7213321751951716,0.11552343236034113,-1.5868323259989292,0.27943320156492346,-1.026994793912234,-0.8252128755457165,-0.3583944830280237,1.2970074342315505,0.5295620694284072,0.03141258433674343,3.140422910102237,2.9514013177962255,0.17479323536313573,-1.894834367582211,0.2970342196581872,-2.527033568515551,-4.08109718437361,1.6073610352285967,-0.4777209032661081,1.2904253246168624,1
-1.5353311718570195,-0.8440750687193865,-1.2570964583064557,1.7114668328347586,3.1661708282171515,-0.599355705052997,1.2354317757568007,2.9366839971546472,-1.3893216033926985,3.482073850956552,1.7283293805663333,1.665083515934156,-2.0885469047867393,0.09502788527207305,-1.2880281024856586,-1.3682725243406182,-1.09834277598098,3.5877879280173874,5.12252137389247,-0.2617807223427068,1
0.006780548873274284,-1.507031618344965,-2.514919232069219,-0.21242522374045658,-0.49830032975817834,-0.04003720752109928,1.533012542249183,-1.5852783071495642,-0.5676355145683317,-2.6872427098763936,0.7851265854600545,1.784851594176319,-2.547773007301928,-0.3098449013640731,1.5324826764404227,3.7027649850238533,1.8552896646903758,-0.9968427192830622,-2.6516306907084433,-1.3945284378654765,1
-1.3501831884218876,1.9723501557960579,3.502173579229746,1.673470552262438,-2.8041969782532328,0.6961897158262457,1.471400348166522,-4.080095075474558,0.06772376519450767,3.452034521051319,1.0902442836580648,1.2717691338438035,0.32138379538662587,0.9075323007926969,4.91618326686149,0.811718597637791,1.4189350669020206,-1.0736698637712894,5.764395045445907,0.865271157294546,0
-2.5079997772795215,0.03738090016540496,0.05135867228118929,-1.2701270333999597,0.6642676278944798,-0.052447699649119134,0.5799721710336103,0.24563750542392482,4.313284598811959,-4.998912592622892,-0.9439850153478883,-0.8752183948030988,2.256028895816672,0.669868037904822,0.8101341389181387,5.737867350306435,1.3392668074129936,2.8220525057779167,1.5447485387963824,-0.7447561567843887,0
0.45808918125858533,0.6946023115233628,0.662892617343235,1.4751001794767484,0.05929609264595086,0.9661470124092959,0.49127402072628285,0.7410936860866137,-1.0468552812236496,-0.23090299658366242,2.448586988174057,0.6655984097849204,0.9048260833240414,-1.1275909512087632,0.7211698352824492,-0.44942797256647465,1.8187463289000272,1.3969004550460293,2.516617375864239,1.1575196058099577,1
2.177385505479615,-1.460027881712834,-2.1388163479930213,-1.4922123035464736,-4.967751977139359,0.13549137231676192,1.5413211448013207,-0.6850326957611556,-1.1879063644990209,-2.0879448845635085,0.7777350472478546,4.330696142987297,-1.5547127350037686,1.3339981858769252,1.5128322573126782,1.3366975827060446,2.383519085797075,-1.5162173501350802,-3.140224668603544,1.2473036506646777,0
-0.49111548506780345,-1.2111181323245375,-3.1276453150363084,-0.6192326308412479,1.6151128118749358,-0.7057555622271979,-0.2606083323339582,-1.1767269782665768,-1.5919534306991727,-1.074622947929221,0.087204992037267,0.6578874898107219,-5.099651140450245,-1.4873744464039769,-0.6843753833709159,2.8160321352279714,1.4048950183734004,-2.2654621241600306,-2.3734742268151487,-0.6842421805152437,0
-3.964407216342667,0.6041199221211468,3.6722220975860385,0.5563947217647189,3.77701215041146,0.27524868756836424,-1.5843275778483972,1.3230182900146965,4.331716969105362,-5.04255420865986,0.1586833236187289,-0.17761864332716937,1.9636718055454248,1.4242834142738574,-2.272919289074956,-2.0003667984715743,1.3247218483655878,-0.14891160155200533,-0.22538758710148843,0.737528063466538,1
4.502038081368729,-2.0638939104762803,-0.07681336314298493,1.504220492620844,-0.5849146881773954,-0.40451508464169533,-0.18487517719459123,0.12020715031450813,0.2689875072812644,1.4824698062289983,-0.6299700318556897,0.6189257399935142,6.419281014160772,-0.7697070992378554,-0.47210713984016095,-6.808696709783974,-4.339643664772767,1.9451770596786653,-6.804827435759133,2.0403465989064893,1
-1.5133549796656274,0.8990998475796779,-0.4123591837342149,0.8007149247400128,2.699797754122247,1.256878031674922,0.9149553330102238,-0.537395945186154,2.8337946569848165,-3.088345668175425,0.130129438098042,-2.102923718463636,4.130586466267206,0.03807801939645913,0.5083156506489981,2.3325025173780793,-0.8855045107228952,3.5655353365172195,0.3788144369835487,0.14198945057559278,0
-3.901566389505934,1.481988396234772,-0.984336259691543,0.5573180076325014,2.584012566192182,-1.40005653716338,1.6399566818286606,2.0158913663318745,-2.6035808576277066,0.107499942041698,0.5336264248164758,-2.3762495196528706,-6.52210445463084,-0.5033567380494731,1.0321868756446828,7.214393120529863,2.8603820500806147,0.6456472812624766,8.349409269867094,0.010487982673875443,0
-0.1121228171307016,0.9254459712503192,0.9255937136408134,1.8216021653646832,4.68186304975374,-0.9044005023308694,-0.8157877251685721,0.26550882905141626,3.5117153169367428,-2.675633691824239,-1.7073429536495999,-3.330994022026898,7.63893290508685,0.6496048651128858,-1.3089817178502745,-1.675246470884871,-2.0530825471053924,4.680078714462323,-1.1289481291593702,0.631900339157813,0
1.1958241138458794,-0.24498511594990124,-4.071877044870991,-1.612299952978308,-1.8997043908443234,-0.15378516514619175,-0.14342321645892908,-4.038544193464398,2.6417426322466047,0.056695199333489654,0.06429487858758168,3.5579957746200375,3.2144838606403163,-0.03265590374030994,1.0635074317751507,2.2097734588586078,-0.5373448538468388,3.372811822284589,-0.7184663979492979,-0.8841091410299213,1
0.3753947332402843,0.9526920917802246,2.552191668751195,-2.8731979883471497,-1.0803195140574653,0.6761036382971497,1.1728942786314784,-0.3222138185731901,1.3603210642774954,3.4535964895019813,0.79668416009162,0.6922068522153177,-1.8969073355145412,0.017068825199726117,-2.3889608966907727,0.5712075712922805,4.113051546716159,-1.319111098289194,6.417731520159552,0.5834049157981909,1
0.6431170384439049,2.165595634163786,-2.4199819476371562,-0.3814591433707881,-1.407890154188515,0.880806853484222,0.17942952129493323,-3.3865917043823743,-1.1305584603528263,1.2650004402141959,-0.6616898709663194,2.5850469788035886,-0.5309961777056068,1.285759036510566,0.6921352905072182,0.9014401085852097,2.3054571839385076,0.32740634430024873,2.7193232913484615,0.2123800860234896,1
0.8815732897831658,0.004734435432403705,-2.2507105206739118,0.0681201097924018,-2.2390679145922974,-0.9888723476355838,-0.4908728948935657,-0.9509575875458691,-3.457191714502856,-0.42578492916426736,2.6323862046774984,0.774787844247217,-3.8471808731069754,-0.5319315082920923,2.3316677390440286,3.543110518944946,2.138188225811623,-1.7696247821530293,-0.07099524303396773,1.1864155905176088,0
-0.7786884596174837,1.5953638285809597,-1.0170614164968748,2.911858375903469,8.2752537154734,-1.3592012686633232,-0.5883400573076859,1.39790560245001,0.2409309887595089,-0.9044051985742343,0.6460453434287315,-3.5532152707537685,3.4092448426518653,0.9079797578051338,-3.5925506574996966,-2.5568701228926143,-1.1280409919626604,4.354564563731032,1.0882103510419194,1.4947310072693043,0
2.750706560447467,0.5480511653868247,-0.14258963172382677,-0.35923650672312535,-1.5628681250366188,0.6847148540498922,-1.0769545408779464,-0.4442048725396994,-2.6649310315018573,1.0229804504462399,2.1487062939370514,-0.6835317192143882,-0.8736770922986422,1.3779743339254138,-0.7001217460826958,-2.084429877649263,0.6238195929429078,-2.8161223947250047,-2.507921634268453,-0.08857106726878992,0
-1.8419720908153252,4.520373516902822,-1.4086559483584131,-0.01635850453627674,2.0701734273932857,0.8531102644497399,-0.10552493877095426,-3.8002558313344803,0.8125888221996055,-4.954653046570161,1.6630422595961174,-0.28639265067044906,0.9836554983350023,-0.2680325873276109,-0.6833385146806406,2.0192179439432993,4.236642577519563,-0.5410890225004175,1.1113202134885867,0.2676962543586619,1
-0.6656786781736835,4.860959528995539,-2.17454779311422,-1.0978943625016604,1.3762377037127567,0.8566651198694065,0.1940210045057993,-2.076034591547555,-1.499846476438812,-0.8436064273227688,0.16070455127846184,-0.9062871311984095,-1.4498901371931756,2.2567524721687664,-2.2321424359900783,1.498217462079521,3.8353218023539464,-0.5819416515184164,4.211160103564054,-0.40359333698691013,1
1.4072170203097367,2.455330685755851,-1.9038027131118502,3.7627534229070076,7.874078784026594,-0.047058540774386516,0.18324191045871852,0.5857212147863597,-3.082246800400808,-3.1723150285317785,-0.7531889127884663,-4.734722516488775,1.9990777653126717,-1.7906509929567132,-2.6956520338882064,-0.9085371325882485,2.2961049039273957,2.261142710320095,-0.6438800875930336,1.321880992159802,0
-1.9020764414693554,1.3972056446337997,-0.9671705403627999,-0.033015377989274786,0.28585963741569764,-0.9415339202677434,-1.3600235763105946,-1.1290687772649832,1.153067027199014,0.793345992255419,-0.9614718135105067,0.2937164720618153,0.5936961796029068,-0.2128598827563673,1.2791621330928278,2.9240899411283157,-0.056372361570150686,2.737962055954604,4.728775808943348,1.9380948993931397,1
0.48753122772014024,1.2105482379338954,-1.092799345392,-1.2810460750762749,-3.6931970476431344,0.8730660663320997,0.6089844464924351,2.7230317584241504,-2.4656174374225492,0.9683592801466373,-3.033989362145269,0.45696142035100096,-1.262733400721616,0.4189116113727865,-0.3502048978610275,-1.2859438961837955,-1.5204911280452929,-0.4147919770443629,0.7036044696838517,-0.11607081012048345,1
1.6961002002749517,1.7086411775299393,-0.7535953935412767,1.3208078338458749,0.965927674584251,0.3162737802597137,1.366214785205788,-2.612831876956175,0.004885114019117089,0.9025686254480967,0.808988609229009,1.4558740637255374,4.180010383380277,0.28092849694782634,-1.4398575658913373,-6.320692256111197,-1.532011892560107,0.49152300855379827,-2.992927133563279,-1.3673264612849558,0
-3.8045697964169367,2.115829241341543,-0.8453637474553692,0.19265478700991334,4.514755615745831,-0.9176159891063321,1.4202710852674623,-1.1365903060005842,2.304865762984749,-4.950748541169864,-0.32252211910705675,-0.02547611537266481,-0.010465094401421226,0.18706893797659985,-2.3976104822760185,0.19165687643545687,1.483139574655667,-0.0792655939769975,-0.5785438154108066,-1.9550861139181497,1
0.6473167852214803,0.23631466468414453,-2.0211027561754245,-1.983196699128928,-0.9300179868810192,-0.38738174501471484,0.753213446416157,0.8734988638486637,0.6859785376526164,-0.4634298375912178,0.41744703441079983,0.34847168706358944,0.9052699682818246,1.8266470793119378,-1.969155199964495,-0.5741731040448833,-1.3915003941216828,0.8972102676026218,-1.4659872987939224,-1.3099875117317676,1
-0.28570258333303455,-0.6716419355881029,-3.14377142440947,-0.31626401088396683,1.5755096400494406,1.1041751565436755,-0.5133966807760615,0.045865529017417694,0.4729613527130235,0.6552020269074634,-0.0021116799848234138,1.3677766387830932,-0.10344138656004039,0.2061353796226038,-1.0091047619107736,0.9557240564506617,-0.9781223590876555,2.8932828434840157,0.7837773740470444,1.9417461220517032,1
1.2367343951093743,5.5698692740665,-1.2752890441323614,-0.5901249254864942,1.3192310517328036,1.8224633429937909,-0.9468000941813317,-4.6128905835747585,-2.2929904260716643,3.1881913297467968,0.03178390487063994,0.9953178490819239,-1.172617601484588,1.7750370211274655,-2.9522797487213275,-1.988015455247123,5.418064275254818,-1.4557438826114013,6.054818970897526,-0.12579262765832977,1
2.970494880574594,-2.031347248997045,0.4365337670508984,0.9582327372125279,8.027684116218385,0.067470025257223,0.4300135238113549,-1.8828917393391373,5.068141908097049,-1.7749801496576159,-0.8773557351548937,-2.2708823174828594,7.100064273243145,-0.3469734531051173,-4.085568319937121,-0.8644603719209054,2.04943706102784,4.5662760844795365,-2.4103505758113486,-0.27879497977155304,1
0.4855244071999192,2.781373915865246,0.08180928325661463,3.188696542185221,6.311137471367901,1.9425771788306316,-0.4513752310813436,0.6789347405552426,-2.769766268119161,1.3408787635176047,0.4513228247434116,-3.379234063781299,0.7628968523176791,0.15352845725035097,-2.5015481566666002,-2.267830028106488,1.8232435212517908,1.9845454586760547,4.082416781742892,-0.8027217162249164,0
0.08849346744998499,-1.270942283154817,-0.5956206587741213,-0.06927706040707748,0.5863616802432775,0.056706648839265496,0.4788475732177351,-1.0677984758592856,-0.5919334945846662,-0.7865782905102014,-1.4297242430303712,-0.5190183908217827,-2.402194523246522,-0.027214132377857005,0.5402116823644569,1.9042308662658385,0.6149791569326093,-2.0862206431854755,-2.510668402622352,0.5849534930864443,0
-0.013941010579827884,1.101919827897089,0.19899879551962607,1.698294600753047,2.8056459834304697,0.27982159594427714,0.26528834478380814,0.040081338032695646,-1.75152939192248,-0.7100052536637484,1.2862520864548588,-2.2585066887070204,-0.8679971110494926,-1.4293264709740647,0.1771836392753171,1.8436228512981705,2.5436307236249243,0.33170550712517544,2.3892862894692093,-0.08008299824909249,0
2.5568682201754225,-0.06076875817320182,-2.6818667312925006,1.2615894356401958,-1.566537980640386,0.18291456362025593,-1.8537322412191233,-2.0832505810127477,-3.5193294535301956,-2.156504768770561,-0.10919309450055267,0.3963089895909694,-1.4514570077175943,0.46215409605967733,3.4125125801533214,4.724301680063401,3.82649135150764,-0.32685835778850114,-0.8815894986918028,-1.185921599186856,0
-2.972644681202751,-0.5502884854885157,0.7053524566987288,-0.7610437415564149,-0.4171158485009961,-0.15272994498015613,0.4827127605561378,-0.5950301912849569,3.7279466145685567,-2.63226195615605,-0.8525725887464995,-0.16862551275582183,1.306412452808008,-0.4135312588093303,1.781719947991224,3.2274549133820476,-1.4459780215770488,0.9310346408781621,-0.3049947033865669,-0.0015145029480460542,0
3.1267578003487957,-0.56112695225296,-2.447905925802811,-1.9109817338232817,-4.820451737374912,1.705362356513084,-0.9907369187412842,-0.9850841738753379,-1.211385666684485,-0.5052677788356164,-1.5736290221169846,2.727980313540397,-0.47109237222190353,-0.06420379495271358,1.5495796541930706,3.1542043925424745,2.867052130335583,0.20198790902560004,-0.10996732250160302,-0.004201915391156093,0
-1.9236325984276077,-0.18567868374411556,-2.6424537811828475,1.0230844856993437,4.74731217313171,-0.2145209503359089,0.8658725885843434,1.3842144614143113,-2.296038606123698,-3.3811495102060967,0.08533977579489384,-2.205292583817544,-4.4776900605420575,-0.35379073114231385,-1.6128633884723222,2.322969862156029,0.7178389189599698,-1.232970227601343,-2.2244792201396755,-0.03134115266972247,0
-2.9593133163299985,-2.6775514352734744,-1.0101175252589583,1.6400697527201151,-0.8163634963682606,-1.1096093679030308,-1.681376891715264,0.6835674414180288,-1.8244034986489812,-2.3840416348733138,0.9758368916238175,3.8896538955435473,-5.986877789068507,-0.008360787271456756,3.446412501557669,3.164772503494146,1.3642580773036497,-1.6868667125131545,-0.7123976453525024,-0.25460798601388357,0
-3.177483925437223,1.6209917165680658,-0.6982455183083975,-3.4809640400515907,-5.2060403399350035,-1.2864694935694123,1.4729835776298295,1.879216685920114,0.6524581374935868,-2.5214392730824926,0.9173666494778481,0.9387876133702223,-3.245234906525849,-1.4203017800706945,1.6334498063974654,6.085615289797901,1.3042962949977075,-0.47736193077412126,4.378124467840418,0.6838611139319919,1
-0.325651589450456,2.160542154788324,1.4765504850472153,0.17400428315898386,-3.8945606607816012,1.7679286668395335,0.9607400118240353,1.9931868642976287,-0.373698879786336,-1.2867738290205097,-0.7647682898525335,2.630929736498515,2.3284772160332023,-1.8615133606592003,0.5949203932888134,-3.3615695206921536,0.43029070945935266,0.7384644643710594,1.9397291101095395,-0.9029100070479273,1
-0.07235710888188762,4.076410964182538,2.7288709664194806,-0.6719509776991992,2.525393887977171,0.4086847622754085,-2.936200943778115,-3.2159141363198236,3.6769442464680537,-2.854240328153499,-2.187380914976043,-1.9244702448662738,4.898220008664436,-1.312840273092726,-2.28502155404478,-0.12507452914927084,4.8900806512659845,0.3783311994750236,3.0483171860804736,0.9163289534385712,1
3.743311046685129,-1.4260442504968909,1.9321153054257114,0.24185894711199318,-4.551885197346872,0.36299570343268733,-1.1736303925467975,-0.6314113181723793,0.982571289646117,-1.2241979776904763,1.1529132562048099,1.1539183396855592,4.694388560105695,-0.9939209291753935,3.4905749633579264,1.2749113025818042,2.0181414040355214,1.4467874782149348,-0.9277273558707944,-0.953157504755092,1
-3.675540512926891,-2.5485042815887327,2.4679114189168807,-3.0216689651196846,-1.7142695512776371,1.356728490712121,0.45228999257091806,0.8695794167988837,6.8466681011534725,-2.3215540915485047,1.5576792718222423,2.1001019253023525,0.7308801426696955,0.44858087925184725,0.5859432071188349,3.869754217873576,-0.22295733291435949,1.220365840552927,1.544806766006583,0.48190163204033865,1
0.7522252275007308,-0.568385509482896,-1.5567458695604166,0.5202047367388267,2.668253488067004,-0.5442744329245381,-1.0777439349303435,-1.6508264677771214,-0.6940074149697342,-0.1385564307226429,0.2257880340855212,-0.30494897907360685,-1.1283706422495912,-0.8043615017626171,-1.0982087266611216,-0.05674922537489698,0.6957874179565078,-0.8446169128728611,-2.321921334244334,0.1016557615660292,0
-3.4672952165063897,3.349288414838178,0.13425097756345328,0.4982695746244534,3.6729365828764453,-0.7472173084867436,-0.8463469915126599,-6.959322392125409,4.616690544425775,-3.4752563533561123,-0.4626447418812982,2.7234208596347815,2.8506736120670637,1.2366197421429752,-1.085478952151708,-1.765058369730235,2.4934300629025565,-0.7965739429723104,-0.5576883912991222,0.9468614616461799,1
2.011043093272461,0.5230747141235623,-0.9398215250629649,-0.6962289893254825,0.3666139678592712,-0.6125509023540618,-0.4617450413461271,-1.8123449615828,2.3763940032434117,0.4959238086910245,1.12643371674603,-0.3443271825346097,5.350628214517908,-1.3040031778366379,-1.3229767319882981,-2.1303069494946927,-1.9349509381076784,2.3856280988312966,-2.0891687553018614,-0.33227270125008823,1
0.7455206442336608,0.6297423854223454,-2.0119500870774796,0.8713717627555809,1.5364029864347029,0.5652471239747299,1.5142475999808869,-3.2140969791146627,2.8635357064436344,-8.705917025451004,1.278873764700375,-1.5454910596107827,6.282426713202332,-2.358464142207465,1.367835028743098,2.497911417824857,0.5996877924399071,1.495820304683696,-7.694278453323822,0.017969915016470623,0
-4.78766731435257,-0.3765796765448046,-0.4753030335714834,-2.4204495776480766,-3.701176340282487,1.0033133128149014,1.2655229214185404,-2.918132639161632,3.3236504642319513,-3.0334597056669974,-0.6002042245856282,3.492016872405898,-3.4684219590068612,-0.19200127026141986,3.5853147048451164,6.343832091133876,0.9457390788615181,-2.0169883954334287,0.8570525508553484,2.3845978003314694,0
-2.81987162380961,0.6966766993865929,-1.5505253545709965,0.13868480115469117,2.0171044397157867,-2.22834243994978,0.37574688171965837,-0.47515882610568627,1.1857741547427891,-4.276097891521564,-1.4838058550333229,-1.2163786049721639,-0.29014250054821583,-0.5371642623883199,0.3080542655981827,2.748325634446419,-0.6762536226282743,0.18033520373216105,-1.9354392813248764,-0.02473542080240107,0
-0.8969684407084033,-0.8340953351410714,-3.811640200638519,-0.30328710684805393,4.3277585507480145,-0.9501045691456491,-1.218176066807319,-1.7721438522753932,-2.778018641476865,0.671243137147856,-0.6302320736464391,-1.2600023873098811,-7.352023006705379,0.39631968200786294,-1.7662992749803288,3.3682077608063765,1.2663884472817535,-3.087178158516827,-1.5194963284069154,0.5960814941324868,0
0.9148844992046579,0.780461834092272,-2.9867815030335625,-0.29447836354230006,-3.656290472093953,-0.8446772632932499,0.06173467646029673,3.9106144575421595,-5.1131639352792675,2.4426339548804616,-1.8256151785646464,1.0183225116022836,-2.365784495627825,0.17319764270874738,-1.0535509565436005,-5.346233724026845,-5.3099379960780055,-1.1738911968733579,-2.9594564762897475,-0.9528610405863002,1
-1.7721306157081198,0.7211889720346505,0.9043963078442832,0.9464941440738401,-1.2112253693782657,-0.14817853349822913,-0.8866650346843747,-1.9410497395474398,0.5570601956447324,-2.181243470188262,-0.34986266307643743,-1.1722567839937295,0.2448729039916147,-0.8155917712191499,4.237979057619686,4.621315969716877,0.6966112192117225,-0.2489019903552978,1.0502340434661521,-0.9198981704461536,0
0.09705295464197239,-1.4064414499396536,0.10545848284457882,1.7758585671448328,3.0874475513606514,1.1586670233413017,0.5080877144207865,2.3988834423069934,-0.9261443718810917,2.000496366127245,0.5237277654138535,0.4225444603715973,-0.5004137607407447,-1.5908458568586958,-1.4025384658422364,-2.1547999802501945,-0.45490437025542285,2.1395382166473027,1.7852538329635868,-0.3162965363648446,1
-3.9824274924863947,-0.3992452916255935,2.0632380576214167,-1.3084602463112966,-0.2797405042917105,0.3908699078019598,-0.8397974073487009,-0.4644880603387551,4.551148418676036,-5.946767672512598,-3.635200227540102,0.5521444354105653,-0.2795300792820516,-0.5111052123287851,1.5906953415914011,5.523626077414536,2.9408821496559865,-0.49091579107912553,0.8791169441625154,-1.0581509924706867,1
-1.705977145370631,3.0872003692677548,-1.6737771957852972,0.697095682799042,1.1230149706918404,0.20082428967447372,-0.958079379641361,-5.353700568727216,1.938430833504232,-1.392507648208611,0.33014994939193837,2.614017408008775,2.7552888745817263,0.6710260113888485,0.33587866933683763,-1.4600536152598194,0.46191406310785277,0.6665990660205136,-0.1030640198917134,0.4731965832252261,1
-1.4371897725321965,-5.02544501185529,-1.8516787900801241,-0.5254631097038127,0.482480636851071,-1.5852460107298574,0.35647710466949206,0.6423121905334992,3.3319369277531203,1.6512422838970955,0.49353729420376685,4.795324786032177,-1.6509473570028206,0.6476059825670705,2.0738527135180376,6.445468658166076,1.183823482866988,5.626605803041821,5.294545556983361,-0.17239269980923128,1
-2.1747353292770475,1.2007183227081617,0.5576705355087239,-2.61587145530571,1.3967263569518786,1.0437769564017552,-1.6521023316929349,-0.4176925725685451,4.544734935042593,-2.6562882750286736,1.446822840111534,-0.051509990913224835,1.4075589970359363,-0.7626229164355202,-2.5683205096685047,2.1230665959075172,2.0325749069576524,1.126739313152824,2.3836290807326237,-0.7625814294970479,1
-0.9844606981109107,-0.3669792910352143,1.2992757782548472,-0.36347240108384615,-1.7560978456578238,0.6737688343362598,-0.9277142922843684,-2.5532723865140783,3.269694034519072,-2.9786747917967404,1.4591609941886914,0.8237113682211628,2.2526148557382033,0.1927987925062688,3.034353266007884,3.65224181506114,1.4546157766535128,0.31486320964990544,-0.29327898549978837,0.6665425319826307,0
1.9924829602887444,-2.804616008606704,-0.22821957563946116,0.6693298661718008,-1.0133190688357012,-1.6840040177961646,-0.7090289023149722,0.0345475563983938,-0.16469695943712312,1.5024084776376383,1.1763440561714547,2.4162261990179923,0.6591288601109307,0.8160810441139388,0.6652222452224139,-2.1291541559941134,-1.1542243529246912,0.4190247790386805,-2.8100108411125295,0.8560480947755128,1
1.7332057869405617,0.344104824520598,-1.1536095696412032,0.5024266339962495,-2.9308417961173263,-0.9928687053786982,-0.5492386533125753,-0.2844922557407261,-3.807362663013082,-0.7578412539554389,-1.129667459310537,1.214724622921405,-2.399698869382148,-0.24707943680771946,1.6321077963264317,0.00371594318399334,1.6700374229482702,-2.5481459695025324,-1.938608340011908,-2.17554877698757,0
1.325254983009735,1.705370561177008,0.8556717062964864,3.741196591656659,3.849212737412066,0.01921885221727033,-1.6950177929753076,-1.4541942029369581,-1.7820251090869699,0.7229656827066793,-0.6962935790523948,-2.895761998493017,3.0500435497148644,0.36731938784919665,0.6532374912353784,-1.923803421195533,0.4009032435457083,1.4158879499470798,0.730204486954163,1.4094344240509098,0
1.5553342285463594,-1.740683187601175,1.329431279679024,-1.8303897146128394,-6.171621567444147,0.9713442845414815,1.3951019065022976,-0.01787655729376514,1.4665934173263278,-2.093338022274808,0.18700772147472028,1.0992280466636581,1.3604056772507753,1.5571608896986593,3.652125500123743,3.8556383823424207,1.0781062000498312,-0.5613353924548943,-1.450799441440261,-1.5704750453679706,0
0.8613051809884049,-0.15488241575067374,-1.0887783022340813,1.2107283265522164,2.0089129641267673,-1.0828405288683434,-1.9252622125874854,0.702608341750206,-3.206744095712264,2.0223914420143125,0.5790615726946706,0.5237965825757414,-2.316702810609345,0.727122481485493,-2.790728850912168,-6.264623149772004,-2.0919514073096184,-2.5951379731165924,-4.013039850216863,0.007350674919699149,1
-4.044387905256274,0.33694255245109284,-1.0456702364074295,-1.4177955305206078,-0.8318717118481198,0.04226306496497919,0.16538476902386298,-1.153890469907626,-0.06702846878151487,-2.7394635012704303,1.7413836552867057,2.0004877642977474,-6.4352556260764695,-0.7067431816423531,1.2025491857817514,5.117811146753267,2.9466880170133836,-3.2191812722110704,1.5768183839415861,0.6485467476329978,0
-3.1353234403362062,1.90538879329509,-1.4121169148464665,2.6267265758891827,3.6133426609617207,-0.6153138820737076,1.8578501512906649,3.1703840730055237,-4.18754533286968,-0.15870243236092207,0.3019316851187039,1.0124101450899927,-4.715424116468693,0.04312543095304917,-1.743071488668002,-2.5060499096499163,0.6798698973379182,0.07826153617200626,3.5119622291905257,0.6128840717631837,1
-0.6836773904987068,0.9117764893085106,-1.1949264540533333,2.554257179934366,3.694588487444714,0.3990047592438523,1.7075488893217605,-0.4071148863837002,-3.1350300232478343,-2.3034579579708243,0.5475265304356202,-2.655532105841633,-2.354307310794537,0.9167064725890186,0.4087490936600435,1.112440851837819,0.9874539497491002,-1.4961762921657842,-1.806433525357921,-0.6619351799174277,0
-2.616337936508118,1.8323848682835644,-2.5372445212259755,-0.5265404698285647,5.656744908004599,-1.6539595596163144,0.009813740396404322,-5.712567724762239,0.6679560504281318,3.084335292937549,1.0363859085870253,2.9836755692980326,-5.19045983896595,1.1433042743300137,-3.1310653126142003,1.2594828113264551,4.651767007601591,-1.0892294823031974,5.572750273662521,2.82416700940273,1
-4.404415417229766,-0.019063732811111844,-0.5088219034107335,-1.8328256630800044,-1.642102717387378,0.2315284802175192,0.6538926102710242,-2.099950246680571,5.166570113819532,-4.74526820726536,2.117730003008565,1.5124887994655865,1.022680262222497,-1.5271207953357557,2.7391057817649624,5.885789707093018,-0.415152822371323,1.1451469767334301,0.09782276560678564,1.983373599422574,0
-1.4499615255954623,3.153616479501836,0.5189362834773461,2.8512858582154474,1.52050873779049,0.5390414967527589,-0.3220119706174046,1.8927417284353796,-0.625825233060568,-3.3822217367617378,-0.5883615643067782,0.27987594787522463,4.328574206334683,0.17205892236625886,-0.898366134728619,-5.990227898076569,-1.6453467796735293,1.8733934206487535,-1.0523514600214012,0.7180620438372025,1
-1.5053711582813136,0.3621688970228032,-0.22406537200032817,-0.46744653760151245,-0.6886977097433978,1.29963128530344,-0.3993300229002119,0.10314721275599292,1.5174317603247398,-0.11559876045523154,-0.39130310394045986,2.5825644575145583,0.6843790803857355,-1.959181608735977,-0.4112404547713412,-1.3775147690052798,-0.6611259239930838,1.0958878241544743,1.0932731231471797,-0.40086533500970234,1
-1.7387276236010454,0.4459514623552686,0.7286577647820167,0.6821057653621987,0.9785087483899043,-0.5969870310455316,-0.8257871252545068,-0.7399820121571109,1.1744942999767811,-1.0276164847307996,-0.22393942431327402,-0.8895009816625118,0.68108210890566,0.7594421738225829,1.0896621430295166,1.1383170546013173,-0.5576263436826261,0.32649792468048133,0.44007592198808143,0.26629535644062347,0
2.7515354006361004,-1.2223056815310895,2.524918172764908,-0.774717405816645,-3.02552675264949,0.2893389056429845,-0.17022379197117923,-0.20887657517261693,2.4000616720415473,-1.1295391124412926,-1.0262423753028997,-1.178937208003048,4.727151984555038,0.6352455366039567,1.9836820219218358,1.666229664895274,0.7394050239635067,1.0829750958018365,-1.1178110005480266,0.2916589331890461,0
-0.9073852504030069,0.397060375553689,2.3062693043968263,0.9446271502426388,3.2269490264375174,0.5135213692547353,1.9222245602694528,2.4844403110585276,-1.5213930050412947,2.8543249980419594,-0.425924599317566,-0.17601423522034487,-3.210074660883514,0.40921257860654675,-2.8101290937809065,-2.425007983506293,2.4850502975501216,-0.5809257698885488,5.302717381402834,-1.3942977502044178,1
3.1470487044412607,0.4705584877703268,-1.2094231337748726,0.5356810268648468,-2.9423301060902385,-1.087478168112368,-1.3859266659702465,0.24204671398877642,-2.556406952791149,0.4649480790880548,-2.16116210357171,-0.15126915725676282,2.714387719679897,-0.006334140465255962,0.09367370644866746,-5.4978890116407255,-4.029984707818448,-1.2336080540829397,-6.550868003080624,1.2983344897754168,1
-1.9294979517770598,0.8563518848490255,0.4291728575853173,-0.18147102124589698,-0.0796174156884164,0.3339450479990393,-0.379907966540577,-1.2727828773341143,1.5869078703213784,-1.1239106469073297,0.8600850677428203,2.6507616004017107,-0.1472925859809174,0.5553796561497687,-0.043737534750371565,-0.349458630829286,1.5881190970296066,-0.11622979575307979,1.6020849670656194,0.908222524091729,1
-2.860269044122058,-0.28302243640783065,-0.4961868153809974,-0.4404085176370841,1.6787272602845793,1.2327283420682844,0.9595080570233295,0.45836351455800073,0.5661413687539747,-1.1060821100953722,-1.2901674144514568,1.5540419683931006,-3.592360173732346,0.7577341142099038,-0.9835610620349504,1.4919265940700905,1.5066773324887164,-0.6715912808870139,1.7510673255029259,1.6857441919739613,1
2.0291649811913333,-2.9584002735859904,-2.079305255048669,1.0801042292368621,3.3031918094850243,-0.5456141563287527,0.48161384568809446,-1.4221702394373215,1.147660320829676,-1.062853517865494,-1.4679181776388008,1.704790668966246,1.992984461000691,0.16325562629216542,-1.6822877467269577,-2.676300623484122,-0.9468598992995185,1.0425134391016682,-6.375940389866871,0.6422782566710317,1
2.265333952633129,-1.3392683912403296,-1.020316161431129,-0.44620002270214965,0.5065947326572154,-1.8664481527634753,1.589895594810694,-0.43726604117453904,1.251852414704235,-1.113095147946805,0.24104327786211174,1.0282858696539992,2.521617085802342,-0.7201539770215667,-1.400220735006536,-1.2298948611697615,0.3598562678559907,1.15941897967897,-3.206369882931829,-0.836338536496288,1
4.173481862442551,2.7291975642495876,0.9964872992072307,5.912967787060791,6.956467773185381,0.038915828017330296,-0.4894669953419908,-0.926115370048884,-3.46364372125343,0.9244081972292726,0.7333480071781809,-5.708949199151834,6.4501281557246255,0.16700292169573833,-0.8131030457736674,-4.643645050864135,0.8189459338654509,3.1456294461412915,0.07247018095826287,1.2322838295108312,0
-1.8207670877045605,-1.3266814448934074,1.2769466569775911,-3.1428066360864717,4.441033527664142,0.01590865839963108,0.1804960560780812,-0.7915489098024284,6.337035312215144,1.6504528806199799,-0.03540743904535086,0.8323704555645183,-0.5249390302779683,0.6104398198094931,-3.725198855477231,5.198201285923554,5.074231760403451,3.496023325726117,8.663597816545268,-0.04166002338133474,1
-0.5549994128693181,-0.9893455770206329,1.0761042747545329,-4.300085322952208,-4.188727953586777,0.29226545615571214,1.3295342439705244,-0.35586352796379517,4.231040530555377,1.9282888327042231,-0.8614434294642864,-0.10639045546045556,0.899772881549282,-0.589423411486891,0.3696175040124263,2.9555875213646505,-2.1802296602558062,0.0892406043773093,1.250445054678293,-0.6807755663251802,0
-6.781900383011006,-0.4117636479474611,-0.1254653986979848,-0.9827048230159816,-2.019705731570877,0.23422041359956,0.24527693221760752,-0.6522628139167308,2.800201070723378,-1.3465348447475343,-0.2858722549791206,0.35623711926976487,-3.4703895575781165,-1.1219681199494154,4.770228017343195,7.355372914319663,-2.9728789132860918,0.06120650358048718,3.003374676954252,-0.5893365645851804,0
-0.3879110530408657,-1.6032189125626353,-1.6542349736183874,-0.6219427218934204,-0.32946219188225007,0.8058977770010688,-0.030593064230755616,-2.5329298131498934,2.9899673714858115,0.3136008219224189,1.383424078555975,4.148565154006125,1.2216038530834026,0.2245994767082595,0.8648256870045967,1.5469979584531885,0.49766552666395414,2.565845655584938,0.7754468458211566,0.3147099423907597,1
-1.220690397032627,-0.015120064259161126,-0.48450451484880697,0.44944446818017714,0.15682681995720343,-0.43240118727796156,1.2729102172474238,-0.7290439123678797,0.3475285372894293,-4.476140146395554,0.06243170332744294,-1.9276542066806601,-0.34295436938496443,-0.06309755295434644,2.7410462849626223,5.689538380659813,1.4733664210140611,-0.09458503582677324,-1.011473957931997,0.9343117376707711,0
0.4869755008008362,-1.2064223795531706,0.9641267954240207,2.1090127850584626,-0.8659907505742013,-0.17281335189340627,-1.1290644218323016,6.489389335974345,-6.269480450481678,3.278308398036823,-2.2243841086088687,0.7990304358957525,-5.2462801483410315,-0.06660102702197371,-0.8772703800712109,-5.173859952390875,-1.3822536499728661,-1.77099251173173,1.006313592308729,1.6371217900017059,1
-0.1664098654589541,0.5122721209192707,1.7526035517325251,-1.7141073513295826,-5.767112605957742,-0.7193216868081737,-0.1305754572951713,-0.7832095262013437,2.805099933827408,0.004566745291344709,-0.43585735498140676,0.892718742916645,3.8011403025645376,0.4613307130354217,2.973074427651504,0.680533158501646,-2.2182945647781875,0.6480808393581261,0.24138256863616744,1.2160065389114765,0
-0.6907758343469874,-1.214849603700643,-0.44840730764101844,1.4586747485675118,1.2836774687313695,-1.3853605184444944,0.5930540502830212,0.2845939826560433,-2.6643749914202846,1.5467116703112072,0.8255570748695653,1.295932400347327,-4.542091379623433,-0.38850706711885274,0.3482267247198493,-0.45298981221220075,0.6596607425632923,-1.7950371423680636,0.24746173086363907,0.42737604547079716,0
-2.85048682277937,1.2225660917182877,-0.43562333440782863,0.1868081012516375,1.4021048428300413,-1.0849679874804772,-1.1355972655255242,-0.47524068659231544,0.6189297128857114,-2.2609231208938363,-0.5196744782036353,-0.6565776205393155,-1.4581678374903868,0.40524002554914546,0.9151160900529108,3.8644563088143165,1.5092747087926282,0.48622013214726756,2.734007198039784,-0.8320704677327967,0
-2.2387660982870257,2.5907091748751254,-0.974170159305128,1.066939965495092,5.222839069767677,1.3824333409054328,-1.3443460048305518,0.2088232650326025,2.6212164076079256,-3.132674477175551,-0.66316237580929,-2.3492168538759395,4.402053046541895,0.8546273105507028,-2.0564952474292815,0.347017552272472,-0.44864822741585253,4.543515489389584,2.1033318720958953,1.972524773046905,0
1.9344566175874256,1.4122591321033706,-3.0821761612543783,-3.076081763734157,-2.447162960649039,-0.5835605478960735,2.0449387980310263,-0.10309316000707003,-0.45172193133351896,2.9754073741648077,-1.9837622094530445,-1.2153426881463072,0.5429537715606104,0.22517093222693582,-1.1739382092854174,2.019598855873746,-1.5346617434595422,1.764905222979773,2.1684166993719036,-0.6651073710188052,1
-2.715099121145173,0.6715726217328652,0.222381867488332,0.06327000645832737,2.1770875216932852,-0.20265326282214938,0.4308460051697467,-0.005386463939159425,1.9445746702776308,-1.8281079256504849,0.7670626894897021,-0.45279288874804047,0.3287212626485884,0.23654219361486306,-0.800278871367295,0.1974299043308869,-0.7370834721266808,0.46522626936085965,0.1937821988586406,0.1211821519006783,0
0.015430514932966322,3.1649703931774154,-2.292768908156821,2.0196327521943855,-2.314447634758741,1.43388446819627,-0.695680744166515,1.9815248845049847,-6.05137761791388,-0.17489346063161637,1.3561067142103251,0.43504555109628673,-1.6939096326745449,0.5292999339436693,1.0347079906863055,-3.428349936853909,-1.7448580411176928,-0.9659805698800494,-0.4732124546692198,-1.3004502289219138,1
1.038360817633889,-1.1851174872688621,0.11203421103882238,0.7413773043143722,4.5066252782040825,-1.1577129239412693,0.5107355496072734,-0.8457673264158259,1.7018652773152745,-0.4341722866955797,-0.758463922930865,-0.27581342363552275,1.8550511426076184,-1.0179494461351504,-2.776100587588383,-2.1193377133970253,0.8530414413156433,0.9082678052082491,-2.0799658478733876,-0.1846109944370498,1
1.688499455642622,0.12158519294967174,0.675819777370505,2.198416489704195,4.758031143830207,-1.3411300326557107,1.5279815736395113,1.2298769840845538,0.5324176894708075,-1.6153548097445023,0.4321202439837694,-4.083222312689154,4.4644006642243,1.1967632249804385,-0.9550062804023647,0.6691113489579688,0.9711052379675387,3.862131478873922,0.7425358966865221,-0.9750988557869399,0
3.8688771974540366,-5.303729681240203,1.7408679677528496,3.297086628872106,7.093563853697378,-0.733391370914118,-0.8591042740501407,-0.5673411618263751,1.4671246970627652,2.2175173403518507,-0.32368275404118774,1.0664306532397425,3.161775982593644,-0.7245322690342489,-3.6435306132244487,-7.793421627630248,-0.6189800410490641,0.7315128214691771,-6.7595709924117315,-1.1201988014411794,1
2.363657813134223,0.5202679646595918,-0.7875908068842831,-1.1477285096569592,-1.4598590488626155,0.35829981493276813,-0.8431023046628692,1.0568950922481206,0.6114696496852898,-0.6450435793134242,0.28158340508583424,-0.5926591871877875,3.7938609753562953,-1.167209485614359,-1.2951894274945985,-1.43609497858502,-1.0239318683352605,1.8470184633440925,-1.5573739424264939,0.39464408335666606,1
2.559187968450219,1.429702912853404,-5.5365572434361825,-1.0418801769864956,0.1769514556312406,0.28235266397965253,0.6289391096964736,-2.937125316309272,-2.354753009981574,3.5875046946114333,0.2872679291207924,3.000071856730047,-1.3445050790679545,-0.1271627962941314,-1.7630416346889857,0.3105873554940586,1.8355270213959485,1.9585070787138403,2.7244285801844996,-0.6380301656523745,1
0.06906715422636245,-3.0112568731629987,-2.6853389589042354,0.15304999504833505,2.240378200396319,1.3655603704321775,-0.046496581126557926,-0.6397466959299041,-2.581912191331283,-0.9095916611026553,-0.5895789959361276,0.2815684676337491,-7.194221265437902,0.45005467118514614,0.6336735178325457,5.8056264333588885,3.5133530961992885,-2.3063452667632807,-1.1435884587577134,-0.12107543239055386,0
1.0858773150361545,-1.1996841315898619,-0.14987671179970796,0.22438488840945991,1.2597708628189654,1.3636072951996998,-0.4384273672152734,-1.4321622518405004,0.03578801794379417,0.09759018470773606,0.037563351381111706,-0.08643621028164383,-0.3806850423180666,0.6116015615496833,-0.5522918068228284,-0.7176945132337201,0.25853852444918324,-1.408194814158113,-3.0087690898424873,-0.1026485734506316,0
1.2085416711640882,-1.3944899460080298,-2.565514394370273,-3.2295245736744658,-6.461675243837294,0.5996436407250353,1.2716967915225579,1.0563882916575418,0.4840114016694311,0.3310464785387115,-1.1154200035302062,2.7844972953271467,-0.5036979138132264,-0.14996629117086105,2.351604810252753,5.074341100707349,-0.0694245249788874,2.14234643819705,1.8385153949067763,0.35339379745895677,1
-0.9595101539081403,2.8555832207647844,-0.9588527013226579,-0.27737341818939343,-2.080875524659536,-0.2662129504064916,0.9259661298522298,3.341244950012603,-4.088127557681498,1.3921936116628153,2.3683345424004374,-0.38831629772945564,-3.1689356219174245,-1.2971642963657217,-0.5482574932542537,-0.8036966009380595,-0.33151571400774527,-0.42651782956005646,4.192662305504273,0.4528743267948912,1
3.1520884745531386,-0.6889736804105324,2.378901654886181,0.337626849516256,-3.1227406724327236,1.5803397708229694,0.9165676137777012,-1.5332927354518788,2.73009284718236,-1.2123136830091017,-0.08081557316355767,1.7370006959361892,7.209119931750811,1.0574272871141361,1.2623411229377623,-3.917560193099328,-0.5432428529013256,0.991172258764214,-4.061726923827003,0.807739555984151,0
0.44646875295827104,-2.519908590512752,-0.3315320455051557,1.3595665993230084,-0.4271308709163775,-0.8422957167700686,-0.07984915348779596,1.2518376343040776,-0.43021375784118204,2.5161667270983337,-1.8360052833568312,3.290403286568091,-0.17400022778695984,-0.6116051462045847,1.0156521542293278,-1.658428185024513,-1.2088025269558802,2.219152821155832,0.9370591500961875,-0.34750029970591045,1
-2.4460155832420853,1.3258120967569063,2.352810274455779,0.7390559804162171,-2.896699964622526,-0.19052518962003717,0.2913744562385836,-3.8583151764030674,2.001972589328555,-0.48208349512175963,0.15464854323662508,0.9987685334946053,1.4373268597957216,0.3270752180533076,4.743798135649735,1.7662632158295601,-0.31533288588787634,-1.1492264739014453,1.256306403088549,-1.4545614052447244,0
-1.4171842048174974,-2.454977228359849,-2.672131538521966,-1.8589972286338114,-0.6712699839465985,0.8277752143719177,0.8023327778844658,-1.5348402516834745,3.119366626187746,-0.783800427383024,2.1775541886807726,3.113303549235658,-1.0964001578239992,0.10073580812134493,1.309596476140185,5.500762072999302,0.423969092530987,2.354541837493801,0.9382503604171499,-0.8798393061009868,1
-3.0407625883987266,4.346902464236256,1.033414516069889,0.36806548728758015,3.3792214849987876,-0.836187114538325,-0.18140603471719,-3.2670760291092535,1.7284351930218775,-2.6354730315969173,-1.3830178087444738,-0.15335573831515759,0.680583898621903,0.947820776412467,-1.9417962542970746,-1.1799127197783355,3.210242362317702,-1.3406123659248763,2.3744184687660947,0.3796100564144805,1
-2.692106658253941,-1.081165852551575,3.4064320009603977,-0.4745144717595027,-0.7829730145507755,-1.0034654257992905,-1.4824765153636426,0.3663820295289293,3.7028683499918795,2.587660218086162,0.6184623923882185,0.2821700569142602,0.9960717455218954,1.3458750031777167,1.5056374765491594,0.7357159168619916,-2.103972292993813,1.2810557782226906,3.95699473212779,-1.785741281946263,0
-1.5527056978216929,0.7639861467031928,1.4776358314403033,0.659310570033854,1.2671439340356834,1.667797933004515,-0.2377233733471127,-0.9548485439402132,0.5321799324222223,1.4324275271847484,-1.7367268177644393,0.537369246072819,-0.654047713333134,-0.4731074133605223,-0.26297786331779105,-1.4053415052467244,0.3562516521462733,-0.6555121352891067,2.1955330013978673,-1.1229011560768327,0
-0.8805867344491073,1.996105742637571,0.5777915049697717,0.3548265667751753,5.0581458211356765,-0.21968704502383987,1.1529341769747732,-3.5301298628189888,3.1475364030778925,-2.0250997367250467,0.7750894117456407,-0.8022415651687644,2.7184746748565587,-0.6913348611627764,-2.5296723594386306,-0.38453615977844696,3.036629933661222,0.6636979442546337,0.8527532898545908,-0.36070450044957353,1
-3.85869158697976,1.7785390931573257,-3.208365103735672,2.855721239212295,5.653828274161826,0.6290854090140003,-0.622730581003748,1.7991982184567488,-5.720540997442832,-1.2029280732496872,0.7996645153475748,-4.131362609679788,-7.66905253703079,-1.051329018023279,0.29002154822086523,4.23333082537564,0.15458404726763786,-1.201193443060414,2.348154047415214,-1.1766981857709065,0
-0.2056320873101729,2.8383140113204406,-3.8950110718716346,-0.13322618400464592,1.6594191689572129,-0.40841985013131715,-0.7106919924670108,-2.95829066391536,-1.757077585004978,1.236246849256169,-0.7349518768353778,2.6742943688659824,-1.9006770830249269,0.6836183119363326,-1.9009733438286354,-0.5685970735240531,2.4469201081774896,0.5138112443694343,2.9249928676788195,-0.7295729332203907,1
-0.4757837107997225,-0.3565208925099106,-0.2512410860363563,-0.49743288136835173,3.0233085810535743,0.9410665514519307,-0.023617979418456326,1.1242283385961342,3.783979056423542,-4.5445839354712,0.4379522629797555,-2.235816457715305,4.388374606063662,1.2161657767822542,-1.6983633726574445,1.7448616896702007,-0.25488306469836197,3.285565158318495,-1.7773795245961148,-1.3317474843981763,0
-0.41643521941825856,0.70174400729014,-2.426620629157223,1.8555362153372563,0.1472817248270579,-0.5011771369530351,0.757056001819417,0.5590838271886602,-3.4104427804461617,1.7760752365973236,-0.2002166664916561,2.305060413410227,-1.7062368354788955,0.6899402768960868,-0.07210127420910373,-4.002790328541938,-2.3894249786864874,0.06916084985428683,-0.7962867003861158,-1.3275074905374307,1
1.6320463713249564,-1.0048313377483447,-0.7820505692242816,-1.4424452836645774,-1.8934044280837163,0.5521245847298429,-0.7804046059286275,-0.48555640231249697,2.125067745693871,-0.4134751439216844,-0.3542186159166406,0.14836892557420567,3.1682486679697073,0.11751761915809661,0.55845496241885,1.4930196452968731,-0.9967473900143566,2.0126709900487376,-1.3606699084820835,-1.5256149300452442,1
-1.1977679699725998,-4.31448872778232,1.064363971903239,-5.108795846207796,-0.1745440520834864,-0.5284509979003906,-0.9803137459505972,1.924647010155955,7.440411320915231,-2.221226055092564,0.1609754975871555,0.945064831808687,0.13235193865117822,-1.2675777045330776,-2.4055220358398968,5.916851046730753,1.6356199071927855,1.9939756329479597,0.9804831015044416,0.31126169966750483,1
-0.46629556769944314,2.8708094117829193,-2.580891956866182,-1.4272956483149712,0.19428569038414942,-0.713712463865602,0.32856311518751524,-4.354332690017132,1.365670181115287,0.4338364334612397,-1.2883514192040415,1.929666498022656,0.7655469135269971,-0.2259815453440621,-0.6952464956245152,1.6751628536441658,2.270652652598648,1.1800593596910764,3.2565781413051123,1.3339356398879483,1
-1.2825984604365976,2.1790037983504718,3.6898513294348447,0.16936773159570473,3.2170529925284286,2.0862641008080813,-1.2949318853402603,0.7108101009146874,3.877321089168622,-4.70227664629064,1.2150656055916387,-0.28335780742036687,4.314087486846333,1.4588853886324693,-3.287684756588016,-2.523435442876065,4.171899845303264,0.9705320351645814,1.776523072782061,-0.4507844930934654,1
5.319010195498639,1.172744411077212,-1.4470838236330807,-0.576949718849737,-0.002769544219135596,1.3079641925493442,0.5546387081318072,-4.056776391649043,0.7889045572789254,-1.14966055779898,0.7631423007096569,-1.8291728801207778,6.167294152770868,-1.6239178425699672,-0.9379171425295878,-0.8799330143994591,1.254079676195577,0.7252929313403729,-4.632443097231305,-1.3319131103910864,0
-2.9287446173923426,1.4213299839628768,3.774348077740731,-2.2737969423380884,1.2756534882675004,-0.935082836427547,1.085671909183638,0.6386483972828618,4.115493364252511,-2.5740658108191763,-0.5218655165517466,-1.2430827629052232,-0.4951125476897482,-0.14753818810015182,-1.7758051083626296,3.796392195068012,5.009397528501188,-0.37650754460077773,6.003953400278227,-1.07050813463542,1
-0.04859389691041738,-0.16758611927838285,-1.4689997496677802,1.1842046392031622,-0.2450001968415689,-0.7768620986213922,-0.24825111386109355,2.2927005830808636,-3.030569224444729,1.8734435832619862,-0.21271991693091935,1.9177463900820622,-2.222742346908772,0.3092783851266944,-0.17302918780849186,-1.9938232377889449,-0.7813017232405607,0.8967507228467497,1.6215464940387976,0.3275927311429576,1
3.367518433131666,0.939932482913435,-1.7047552590377024,-0.9522773696736753,-3.8742299245830165,0.6467439354186445,0.08286484186899609,-0.6897693605262942,-3.6904999505669576,-0.4286691766646744,-0.029803781851440635,-0.46381785564699496,-1.5392219452714178,0.47333667555496695,1.3070788128815574,2.06988596721682,2.435822892266966,-2.159548626236404,-1.2440870545818423,1.315821840016223,0
-0.16365050332038722,-1.6982102247644963,1.1214483421716284,2.648988001469163,6.636974912048442,0.7130258504329489,-1.9473398726619233,1.7614320922753952,-0.7662583810591284,3.1763098240230065,1.1120468421032064,-0.44075303475134175,-1.27167137970182,-0.08933586547104598,-3.333656547920202,-4.301307766783647,-0.14315608918924516,1.04102136744847,1.3484759115684848,-1.2722376272319633,1
-1.6768012762843805,2.030291369651368,-0.2555258397359593,-0.16853968047892454,1.7021324365620887,-0.6235968803326396,0.0833453509750919,-0.6816420087762345,0.6934357951494109,1.1460953433298884,-0.33149938829951425,-0.3792240559800544,-0.3107494725533809,-0.33338005560766565,-0.4313467561287503,2.2984683952102962,1.7545057452981783,2.060239957408291,6.171171186192217,0.299199766088896,1
-0.01384904847500823,1.0897253894455767,-2.3430757950851344,2.147439237831411,-4.540143073288691,-0.42814533099280444,-1.4330404046178542,4.781264359689173,-8.184674445153526,2.4170612855931575,-1.1815665791024124,2.6038056897906268,-5.3802112730214935,2.191638255054987,2.4245096649902877,-2.361553244524525,-1.6087509104959583,-0.5892972446533598,2.5220194432556515,0.14601060977572683,1
-2.515928036676452,2.8624889492999235,-0.7201930824659948,-1.944146864745293,-4.274392067825717,-0.6265002160433267,-1.1074614086276906,-0.3314265732914108,0.9555627282129712,-1.4070090894088694,-0.5448700708235121,2.146490794353709,0.15090721240251334,1.2014170317870247,1.1307086526341403,0.9731639850615167,-0.46269576578302263,0.04764860218119582,2.4905228134289574,0.10296524246461053,1
2.440678379925451,0.9181811483400089,2.471191328227201,-0.3506496171633001,-5.838660003390535,-0.1829015674239269,-1.165441526221057,-1.9728952814790466,2.357096004249184,-1.1578500013269175,-1.325281371952441,-0.030624382332040456,7.289927951620465,1.4706619906522893,3.7892340587636992,-0.5554450908075164,-1.1938408384135903,0.9862664332234594,-1.9092546977397982,-0.5379439663331403,0
0.5394971220440085,-5.254829744431354,-1.6589683295748012,0.662034252864258,0.10009375656818775,1.0615091571758444,1.0084159699429913,0.6141669891703925,-1.5162699737719307,-4.179003044904528,-0.6683581639908888,1.9456776954849322,-6.092028113940466,0.09406984119152385,3.5292640764654304,9.16329680388714,5.86045645507748,-0.7532940523027363,-1.1451687028517268,1.185006983583016,0
1.287876294277729,-2.076394096603838,-2.4391069917970216,-4.2065567956016885,-3.5161759997731714,-0.9803882514834749,2.1353211239759577,-1.5412578217131347,2.8227302515516968,-1.1823106188859092,-0.30821592816082993,1.6083281894486818,-0.5883844329040284,-0.336544921209111,0.5811487398275624,6.393293038672703,1.6414350177045631,0.5725176070735287,-0.6912518266704717,0.4261565596461849,0
2.245237093336527,2.542639514378936,2.5567226531099845,4.580466165070755,2.589340986616821,-0.3412312210234211,-0.06374992167917787,-1.2057391562123736,-5.712101791618748,2.836493940531301,0.4507704171862659,-3.432566281366926,-0.8483215173867816,0.9230872924501295,1.4268836095268362,-2.560955955393411,2.9351473178398284,-2.1818480475716924,2.6772487567179697,-1.0534690340732769,0
-1.1837986202445858,-1.1904440575066033,-2.127711105974596,-4.203535752613977,-6.4303154574414165,0.29613358988560473,-0.5881531253205687,1.9088623763181318,0.10265815321954888,1.6268043470910718,-1.1171417612046128,3.0942381713876395,-4.912027622442472,1.4507994663087393,2.1621521563764676,7.452575447303586,1.204500282977765,0.963804078745411,6.020845410444449,0.1381927477913204,1
-0.3013487026987539,0.28794411095143324,2.908557757751241,-0.7245578956563081,-1.5075821400396703,0.20103350371657078,2.1103426520963775,-2.310447357831208,4.638692249556549,-0.37244382180416746,1.4401101200691737,1.4587652847477228,4.590210458364054,-0.6248112045358892,1.280598165706278,0.5417215881169177,1.4151535060229383,1.6813291850139809,2.408797103640462,0.34964975714747387,0
-3.599400125704778,0.564923967961161,-0.22150721829864883,-0.8523581574280825,-0.6074112494142726,2.0191992527112643,0.9026781426992485,-1.4457806331094678,4.103675664736619,-4.335779567039895,-0.021332381631087506,-0.15129883507324904,1.9113342280168104,0.32363247251297766,2.626580773730349,5.478469240779903,-0.3790880725273369,1.90217148855863,0.8309648693628233,0.7749361071084743,0
-0.24734632580842497,-2.256579610977444,-2.06245192331286,1.745207793507248,2.971710250414103,0.2582027347011372,-0.2886581606792303,-0.01158258537928436,-1.4584416912173148,3.439691508885164,0.4218272861608771,3.027793355966911,-2.3942820371728506,-0.29003040146619263,-1.5739220684301067,-4.561211161672679,-2.7373814018534794,0.20481608023650055,-2.09834573285952,-0.16186476535773067,1
-2.174601150660811,0.5387412583635257,2.121576067992354,0.856533704840881,-2.0966267389272453,0.534703949636198,1.0295669238227512,-1.3896253405093848,-1.095449367912827,-0.1408769512008644,-0.5082651460833204,-0.5725623286280661,-3.1524378963330046,-0.3710640289008525,4.18691495097862,3.645267199016867,1.3309064246986855,-2.8245245320076253,2.2515765005691417,1.0199286054277548,0
-0.015853306468851747,0.8899411335500245,2.048785640919181,3.5813126190327327,4.642644435904803,-0.9166386933635471,-0.11135440238551125,0.5466114513429519,-1.666262907934769,3.710355480570179,-0.950175462069795,-2.968639679722972,1.1180584107102485,-0.21015560419087462,-0.2032546763864269,-2.603224673480061,-0.8097702275893537,1.7748532756140545,3.8299426733396937,-0.9896592875112686,0
-0.5284403102425996,2.9060766788139163,-2.5366145684302013,1.134291854064748,9.81700813206923,-1.5882270987078202,-0.8688314878897103,-7.77172280661244,3.5740027403312267,-1.6926995840925598,-1.877039154630309,-2.114056614288688,3.8305645788841782,1.4919430591616407,-4.145600044787151,-0.7821540813378596,2.071022780201732,1.1715600198531118,-1.8992212448610895,1.9008887896036848,1
1.4438227610275955,2.040744564894788,3.921771140676806,2.1189164180034847,2.417654504909891,0.9087634781243586,0.7956870201223867,-0.18901923954064137,1.4533425110664038,3.0198649034068126,1.15875483450987,-2.3780096941942324,5.997496872005794,0.6994500906065418,-0.21531451065466123,-2.115700024259374,1.47978337076945,4.014444443691946,6.635343953845558,1.347678085512624,0
-3.375001933713951,0.5112139824085973,2.8770017036617217,1.640288440655978,-0.09917346601053657,-0.10119762731753187,1.9008318150657448,-0.12603602944194836,-0.8535344580509201,4.922859119310542,-0.35990553718324825,-0.7016111696731824,-3.351692317878083,0.3408645992482214,3.484788276016557,2.423451727525226,-0.5583974749766476,-0.029807514106124255,8.003562703243524,0.7183315431942462,0
2.912344723325888,-0.08256985013322504,1.9509699603726525,0.5186922280273176,2.669845053021369,-0.15619390009719572,-0.22492023093552177,-0.5030161292342599,3.2116606592851773,-3.1897893094103296,0.21743908072584237,-1.2909040270251504,6.8494362235779676,-0.6274611664757019,-2.2105038641192984,-2.047622323779297,2.547979466303847,2.345684334699038,-2.18554186806004,-0.1891803351589201,0
3.9186991081103777,1.3071197350699713,-0.7702384890943983,-1.9547860620814361,-0.8465903884714614,-0.07618566995191904,0.9363373808293303,-2.3954882312556744,3.0045358233736157,0.06674980004971598,0.790641583887672,-1.382635732092488,7.079960772564865,-0.4709898102640032,-1.2325832200811784,0.5528936288448836,0.7051869985161678,3.4377070121286404,0.013751038446707704,2.7008664695495948,1
-0.7832345410153894,-3.423852868832195,-2.259742826369201,-0.4133123869097294,-1.9419233655935961,-0.2673170231678089,0.44841324947910954,0.3751508680076294,-0.17660745463576508,-2.262946898714428,0.9035206838035014,7.501492222273618,-4.060283825174345,0.35430938151886054,0.07809165613141222,-1.111095277244772,1.506156641029273,-1.481870611564171,-3.7599928066068027,-2.810628316618083,0
-3.2165275026382205,2.5135947620686214,0.2017104052830232,3.7114851647423617,2.168579055099698,-1.9793197948526953,0.6936979550131448,-2.383098786880365,-0.5856149803864796,-1.632729929774483,1.3592914243365102,4.013909139728028,0.5465070860934453,0.7244281762354121,0.9735124679923466,-4.629972454196253,0.7649702440031949,-0.03166004551892687,0.7713425972093652,0.28722034517527945,1
-3.6224380057932035,1.2258847053288429,-1.600581656988128,0.5282500508059698,5.906808421755803,0.5769204106842927,-0.34842795029159407,-4.66643761392068,3.144245987746226,-2.5917409452684224,0.7422885075783037,2.508310733350327,-0.8774511539733576,1.9401566318350625,-2.2663119951687882,0.16045473870435178,2.7339342138734777,-0.1260657835750434,0.22029525061455998,-0.4905957419034316,1
1.5011252204084913,-1.1994773709402675,-0.9280013111377766,1.6920612763163754,0.17401187687165182,1.2075031949519204,-0.8138136419289291,-0.5426582303249721,-3.3616348940661154,-1.1424250541104182,0.22654275093099605,0.6191365837841292,-3.0101175761221928,0.18046814183120644,1.5097927127722335,1.1008463865668328,2.566515561840477,-2.082415134426445,-2.2588678112571645,-0.6270508454473505,0
-1.8023036681639732,0.26476160352005895,0.6758857063672143,-1.0717308855903154,1.7465413028831713,0.04302448501512677,1.0674678510706859,1.0510528016212017,4.258330347250964,-2.189503307079221,-2.252533514783649,-1.1351069196964056,3.1081493574975703,-0.34798954959558315,-0.6383164430840826,3.7175010994298394,0.9348308327855193,4.191931352696944,4.0228264050627285,-0.8669734564325522,0
1.7680873586274901,-2.3802647441930973,-0.6827473477782404,-0.9827037597938694,0.7801234103893637,-0.8505653895034339,1.4545384608877576,-2.5656240940361226,3.012641856901449,-1.573966686524089,-0.8866391692045981,1.3705033786165948,2.2105424413739994,1.434001003730461,-0.8506150472528251,0.012622721861729884,0.5274312910326706,-0.0551164019976188,-4.951632639851763,-1.6653846382409996,0
-2.9380873728138153,2.616720033351745,2.4984419479619433,-1.4096690655740738,-4.095572583724733,-1.2309784968052595,0.011736369721935848,-4.327046479142146,4.2695740795720205,-0.8866008673121323,-1.6110027678851675,3.2893555344005767,1.867121687678542,0.5274386518599967,3.8169429897841765,4.338388728837972,3.83120040671932,0.6962465350451246,7.029940553023974,1.5428881055391184,0
-3.0615037862803574,0.5157679803082147,-0.5748911060964441,-1.5431284113665837,-1.4151166474039651,-0.29789534474353074,0.618289303310708,-2.641068704738749,3.7863678868985695,-5.76286703836891,-0.3855589799624851,1.7387830883818651,0.5822988557143447,0.41665906054859364,1.7912316033602622,4.286300843958155,1.4362364966867207,-0.6407868072913037,-1.7949002415050903,-1.4058596858654655,0
-0.8815130298633733,-0.1608568453746141,-2.9667351847050436,0.6979739905098689,-5.580553211917895,-1.1027763738203191,-0.4348206128661142,6.410888021421627,-9.055589437814056,2.3130364043852256,-0.3499700803512888,2.9541847380011648,-9.1768594594376,0.5333250306143476,1.384131531301163,-2.695193415181619,-3.034509359816172,-3.3717805874569304,-0.15755792774332683,-0.08341073474656137,1
2.077703645223008,-5.052038888527945,0.9552117279846295,0.9975537945170655,1.951017371704091,-0.5238431703133952,-0.18398866010296422,1.5734734944799813,1.3094514408535172,2.897940209821419,-1.008013223170678,3.1386038374162952,0.5811315479485584,0.5055388769032081,-1.5346742796490904,-3.710636699891248,-0.7138565034028581,1.726451276902845,-1.8637906605634118,-1.3864894206912433,1
1.990143255314885,0.6879214491443479,1.5970972822649523,1.836925063308379,5.589182223840805,-0.21795090624353872,-0.23390798544489444,2.912019352413543,0.6221972508292208,-0.27708206648252676,0.37822628543151016,-4.93526076579017,4.908528614078821,1.8551185730353463,-2.6815766386358284,-0.24091438004373897,1.496075568400467,4.926328611074416,3.5777499876287027,-0.4222006848047443,0
2.397253164150041,0.45405522521169017,-0.2958526732490243,-2.191927399684621,-4.407812596773045,-2.5500262915163465,0.3860246187085598,4.503205399829468,-0.7779762484926289,-0.3893386478419155,1.6018987915899814,0.05804820082422235,1.8418737553232092,0.5436541282806068,-0.8809000254253085,0.2404753851696752,0.3524526459948738,2.3308127565545202,2.1046707439469663,-0.4899440209739628,1
-1.1570073835573382,4.187371528040572,-1.9128482978728307,-0.8903056073963729,1.8544057064804658,0.5602808936789537,-1.9862906118704209,-3.118648969432079,0.6674352697429847,-1.6896740134135624,-0.772973434166621,-1.9438622378026453,1.2177536226050913,0.2774211112373432,-1.428246021451601,1.35214291690202,1.0440458431817052,0.06367515956819247,1.2460921228955586,0.9660928553563207,1
-0.965793331947621,0.5610447317785949,2.472412036317352,1.8553070612652593,9.501547245758525,0.4497126074965085,1.3303435074897187,0.6916727240308691,2.814701660282623,-0.841939395983116,0.3312227598598763,-1.2053585016320372,2.6072705590087906,1.8878589879586387,-6.817416504270254,-6.55257880356219,1.863364429151809,1.146434928977055,0.1846302716673299,-1.6176214586261501,1
1.169535360444501,-2.0859399504703844,-1.821561512163722,-0.050616603524772485,1.9003638960608307,0.9761386900669211,-1.5763089967712456,-0.22445480055505562,-2.1759885809464565,-0.578938499037573,0.36254309109296134,0.6937872288827027,-4.584887467108187,0.3947573891079933,-1.4777926223737476,0.702196569791562,2.2564716535084646,-2.70767262242929,-3.2140989963110362,-0.7012495444040763,0
-2.0055017310327012,0.7703067787702984,-0.4540697866470591,0.5684150171934965,1.9255819038602866,1.3071354231507137,-0.5717358227493337,0.874477924078417,-0.5984944972151589,2.2548135657158017,1.4838901537677616,1.077081486567394,-2.2649809788512765,1.7624731648696121,-0.7414937546923415,0.44052198122801167,0.8341105817637631,1.7059098917894793,5.705089559394915,-0.30445802114822945,1
-1.8697766810882799,2.100456792606892,1.1661760723783154,-2.8031972485135084,-4.081903086944617,0.5136752157933061,-0.6614878852815197,3.0882406419677375,-0.8967043201936931,-0.868042175457723,-0.6270365091498449,0.7469849762588725,-4.103092504706278,0.0746280098168474,-0.011707388651269746,4.046223804965846,4.2007424620468665,-1.067346714961976,7.253246476242573,0.04117951694893489,1
-2.0084078394916682,-0.2598087583416191,-2.6054821199116747,-0.3125566555731971,-2.8671725625995705,2.0988412303524395,-1.0300950764894898,-2.39588680194473,2.6533369225828864,-2.4399604114575424,0.592521009760872,2.3824443444368297,2.9654586452907163,0.14663258764617476,3.3905940993199346,1.4291705616180337,-4.478301686011944,1.853856190193659,-3.819216290283108,-0.658175274137104,1
4.420327533103707,1.1391227737548792,4.929452020812618,0.5289801873211337,-7.503573070507558,1.0095859678911938,-1.5145735090585566,-0.18055452308774111,2.9379767872997924,0.04872401194514997,-0.265924194072433,1.8076488837572033,11.85591531216219,0.27403884064930323,3.169539412827006,-5.96199027868431,-1.4429848968956835,3.028704597356894,-0.9210708152932184,-1.4621104551954147,0
-0.2059198454928024,-1.453735093133492,-1.1268059651985909,-0.25963031579930407,5.2432981753471175,0.5053890117321368,-1.1630028577834441,-1.5879110510858463,4.512853875366736,0.3946403430217511,-0.8228676049979778,0.7595907556106463,2.973941297448251,1.406807528732965,-2.4726277424915573,1.5537598088386229,1.1893413321564403,4.819815761054662,2.4020681555224224,-1.606602735358006,1
4.18574071872622,2.5479115281932705,-0.23475281315224683,-1.3704869729180014,-3.7942917800405485,-0.8781217036054526,-0.9849461251170324,-2.7299543709235516,1.193805147721857,-0.6854552439717361,0.43297292804363574,-0.5078892589724475,7.339160235751431,-0.11382477230747697,-0.1736229447241604,-3.112928700175445,-0.8258100906171431,0.6463259137603758,-3.5233608096658564,0.9905668274427895,0
-3.910838120139879,0.807833063767014,-0.3337103530403016,-0.0939503230471086,2.926897660202522,-1.6282540477151743,-1.7695102363524722,1.4281660355219477,0.6020740704812904,1.001405862225221,-1.212740614874805,-0.5971234844793499,-3.348629372255854,-0.06431045011924605,-0.3217554347039373,4.521715319390405,1.4286476623596953,2.381998615358194,7.929196691750045,0.5087633310493045,0
1.6535038082082698,-2.676759668516607,-1.4788039894097658,1.06695964412114,6.501345396065078,-0.3874886632696904,-0.24717161224439949,0.13566922621399324,0.8736953745315442,-0.17860987470188228,0.27924010122099974,0.39494275506146104,0.6040419646713001,-0.33123930887839503,-4.550861020265341,-3.514407308737464,0.29771046854579275,1.138348860170735,-4.146027434322978,-0.2786563338793094,1
-0.10766307811590958,0.847570588306028,-0.45529925841349483,-0.4840846647035566,-4.806016010156293,-0.2257226316121348,0.45564691008859476,-0.8517561404842007,-0.6017430499496028,-1.1158614832164448,0.9156538042583441,0.7626790694333376,0.2946387168546947,-0.7932211972070344,3.941363153176985,3.350134364333706,0.08103873422688634,-0.02231786483923759,0.8073472391109295,-0.3403404828829029,0
-0.19732541413029914,-1.491288980169643,-0.1699774289485254,1.5966243831351628,0.9588675379068572,-0.6958096106261655,-0.15932857750935098,4.027335569695855,-3.6669006115051324,2.3107592646317636,-0.1654240521818934,0.9340741183972585,-4.1169531820869,1.7845588888535862,-0.7261035321044207,-2.0560754518149427,-0.44157140180255605,-0.08446749106997986,1.6510585178838466,-0.7753790296726064,1
1.7879099377941146,-1.7110613827597771,-2.4873884858351785,3.7022783592448643,-0.46792836335507415,-0.6069634458726355,1.3351126678040974,2.602739302595503,-5.317596730781847,1.721224840231462,-0.09216581082147648,1.7991902338273524,-0.6987687689840186,-1.358256986122487,1.4936509507898683,-5.149084867314039,-4.305423121475589,0.812034811807884,-4.335143524308781,0.4459477771253033,1
-2.334106093149602,1.024243815874878,1.6721795328232214,-2.2598660980188097,-0.47390191427094497,-0.6068253417863988,-0.2610034893516796,1.3930541077111553,2.2502894084113585,-0.8581854275657422,1.0678566772944,-0.11764351434957887,-1.0607232988311373,0.920396161254485,-1.6568463473646438,1.2294608600602621,1.3305191496279853,-0.5189143224062946,3.358244612727997,0.28729657274908715,1
0.41509949233977794,1.826785586317104,1.8162194279345711,1.9131361519826706,-1.3094003618414949,0.31314302313353215,-0.8906960852622773,-5.4051087859801745,2.2939523475109023,-0.9386377769658175,1.8167932366623727,0.9128588709054433,5.641900835868094,0.05563012376578855,4.154660034462076,0.5194952183055519,1.3749764448780621,1.242688322064883,0.7795821330931488,1.366746736694397,0
-1.8179766901136225,4.6139589944624735,0.19493384842671535,3.0263361012185435,5.573617758621589,0.31138993769642714,0.46959648329440085,-3.460927478936943,-0.2247362239336813,0.13416147085015062,-0.17798620795134507,2.4193034636734065,2.204601174987215,0.4412398221702712,-3.8745571153787894,-9.22138835353355,1.015412754870722,-0.5948641971369852,0.40626995198237104,-0.6082391480645393,1
-1.7776402574761845,1.6328591718728087,-0.7481356739886758,2.066313663503763,2.024893756181689,0.33196392856655366,0.510098731207273,-1.676918540494582,-3.78254992925497,1.2311368726626872,0.16633886595065583,-0.0549929829214163,-5.5922094817316506,-0.5725860481265272,1.7664174270317403,3.2372113369907436,3.7098604583032486,-1.5970519297252714,5.0737750497219425,-0.5869709860204633,0
0.7723065665402634,1.3546528141941203,0.20384587685252198,-1.576620808949295,-9.057201287663258,0.7125044420921607,-0.6893290680800719,1.2018440437156812,-3.0926983250419737,0.4207710549909316,-1.2977283756812326,0.9928173632449199,-2.017015530298406,-1.410467416412775,5.012523542557809,4.095776288233676,0.8394010178206248,-1.4038031222023148,3.2249991944251692,-0.38749131490543404,0
-3.268940162620291,0.23477823494809424,-0.3607504707279934,-0.5103423385869101,1.079974647294247,-1.6984505684002509,0.7842847532637518,-0.004852796581544472,3.1142451132471316,-3.522121862898054,1.885788516485527,-0.974558343026681,0.879514797141833,-1.2652120359981966,1.2770450512567662,4.984945489148914,-0.12070272986967434,2.231776694658288,1.6340014958530458,1.3065540677345007,0
-1.0656373335448694,-3.880898099636239,-1.0938339730194813,-3.2486999941370236,-8.209144949338247,-1.8920849255849255,-0.14158441929433813,5.13659075271303,3.297542415831247,-2.635867127423955,-1.1339463359678041,3.001525703878978,1.8286431618560226,1.7706418724626733,3.849184950227028,4.917885637668724,-4.550261634514014,4.087228661733616,-1.0044528767153784,0.7168795348194515,1
-2.4620089341315357,-1.9257088177755741,0.5891438101769058,-3.644826591941064,-0.6839831649422978,-0.4883077867114918,0.19199378862226754,-1.0928181464986106,8.44345065894183,-5.83224036033883,-0.18526591493035816,-0.4458359854088041,4.3253762418458805,1.5922250736487749,0.3742521846500304,5.830949007214459,-0.8843252403305439,2.1155768092054013,-2.809190271012113,-1.6064589010404138,1
3.1148230349784667,-2.2658728867409423,0.060767929670910714,0.13679553979530845,-3.2696850148849697,-0.1395951271157517,0.6067950250596346,0.6727202106071865,-0.22258526107679588,1.1059230297402451,-1.417639757227406,2.2177477529907597,2.688524330041949,0.24581922181638913,0.7947615035292313,-3.6767091877171008,-2.367538718598272,0.3821857936447436,-4.386116386345051,0.7692152772290496,1
1.2901883807077041,-2.6495016608250967,-0.7395359750436721,-0.31780483756450184,2.8890896310227725,-0.4552205808827054,-0.2587644118723789,-0.6005146194970186,1.1590035985487166,-1.7538626672959603,0.05469486537462616,1.758490697083772,-0.5095938973433632,-0.49705248683568254,-3.3976716116629904,-3.313528633044961,0.6515009404940761,-1.8925862930659607,-6.499338287737657,-1.742082457705964,0
-2.7111215429049498,1.4456801546858573,-0.2425054397786518,0.3245239422909325,0.19185379260566,1.7967534654264914,0.4394858279957648,-2.041491126852027,1.7908913961007957,-1.6118489663008275,1.9852265356713568,2.5071646070002815,0.6407126153632443,0.16679366453099267,0.6116754754884173,-0.4533784190221542,0.24954767117297938,0.3226433188010229,0.8656652586900917,-0.48754455640659267,1
-3.2536794411117316,-0.3754729709203293,-2.014689827512718,0.11330727126116791,2.938067524269313,-0.07790804633131841,0.9437016343998412,1.2568591360720314,1.1427963375981773,-4.021897487252765,-0.7259180859937786,-2.507930529155785,-1.0974058761343966,1.5065286363122667,0.435749727094099,4.937166658536931,-1.4462729455516752,1.5820882795283258,-0.8395882435743426,-0.9390531437019707,0
2.4614277264807116,2.7717990011559093,-1.0554193503565588,0.709060826731942,-2.015869826897136,0.9177721505515003,1.2101660953653188,-2.330983278691366,-2.1092202070092165,0.4705517179859724,0.7932624959550306,-1.1192750646841532,2.7865681201153754,-0.6449284603222979,1.5882054276953874,-0.525932576382995,0.1517880718111606,0.23807345722432993,-0.1961551163212818,-0.3471614824184498,0
0.6156343692997174,-1.5358824936854742,0.027699245619319468,0.39823469146375445,4.269736195233534,0.759012970582189,-1.1121863012785584,-0.039836107393213416,1.312471016675439,2.6113232583633774,-0.04877626450061687,0.7654526080375414,0.4377864814131096,1.5591822904823514,-3.4190105586751907,-3.290544780687625,-0.26240488007211304,1.280063621901288,0.1116359647390123,-1.658774625086031,1
-0.8955560058085105,1.2217659382206574,-0.10263478595423514,1.8376236320922845,2.724636683926115,-1.2665388289449717,1.1672907173837799,0.3003136584123822,-3.116523865287848,-1.0077600668325937,0.8340554518493689,-2.2379878819985652,-3.5509599594575314,-2.820168822240691,0.5831025306801692,2.7963778418602843,3.1452507135501584,-1.128278366085404,2.636588579736512,0.40608510987442903,0
1.4554333825904435,-0.591712730964435,1.8582793301928953,-2.494159657428864,-1.4757154380798752,0.16502526243871166,-1.3356066666463606,-0.7712429136847221,5.041013102777933,-0.7548487518261917,1.2224021616505023,0.14287330200736126,5.011854864126574,-0.6603813705355391,-0.6252903487622625,1.7411711684250066,1.570125790987296,2.5053025095451975,1.4521067449271958,-0.9448144902417202,1
1.419491086167783,-0.14485950515008084,0.37169422374289773,1.8198605365924432,-2.2642514262659588,1.322926160335532,-0.5516751380466781,1.4160250591652899,-3.5430632005035467,1.9904465366339164,-0.7602844386215937,0.042869050438829825,-0.24263003974211855,-1.8662459348495894,1.6592397187034802,-3.5668309432356597,-2.6400520579388846,-1.1147894465301635,-1.9801614913397052,0.018790511307940762,1
0.9037479735981813,-3.033485971168933,-1.5561259682807131,1.076666785743793,7.580730596577939,1.419064413357521,-1.9495901727260327,-2.8537493783026386,0.9943103141992443,-0.4521256870546566,0.9837360439035638,-1.1180675681394159,-1.6815776345985496,0.6672189393045282,-3.0625138440519715,0.013510897263352563,1.2636055065204357,-1.194483705463285,-5.1230636565123895,0.6097377233367051,0
0.07973973936400514,-2.3961229212345545,-1.7815325799599617,-2.313524080689642,1.6543789244588285,-0.17920265431914087,0.959496076599441,1.3817875408387805,5.1209304910713005,-3.981988367378837,-1.474778541238395,-1.4999888767745353,4.020562578723608,-0.3650550328049707,-1.4173753326824594,4.518562107884157,-1.1751814043332778,4.514860889821792,-2.2440825404948135,-1.8355704768708747,1
1.174357356276605,-2.756503220036481,0.42264038354875844,0.6254270151594883,7.691723440616076,0.4513475478646326,-1.181193539429498,-1.3806774199759957,3.412933804379843,1.5491948315366901,0.8380140545363105,0.3735130833634952,1.7147334709837425,-0.07282243259034209,-5.0903816463843725,-3.4375643258946655,1.1307966935514138,1.6068334558228377,-1.6280099647873043,-0.9469827656173482,1
-2.1098054876017214,2.3930090380285436,-2.9803262114616835,2.7495780997639696,6.760918588518158,0.26065615470520265,1.3175408190174,0.20001026166409952,-1.8826334466222472,-2.395454543745244,0.057754146667227856,-3.3439107607714065,-0.4062073563203877,0.5736569632767152,-1.315737184262447,1.4343129290489196,-0.01989912108982561,2.4344242043977435,1.2021412036103967,-1.1071832698817605,0
0.15940039919882154,-0.04217294399370686,-1.811111535293643,-3.4774188176182315,-0.16978279594000212,-0.3411997326932956,2.30408978354919,-1.8981700932790473,1.2870909425603432,4.8577067010852115,0.3678195684438652,1.6554851389082539,-3.0639902565187076,0.37421673480247836,-2.382925888298626,2.413073069970021,1.539760116092821,0.3082817818565604,5.0819920165555175,-1.800770701922636,1
2.5931638599596316,0.2401115079996341,-0.9381823804033077,1.2531345434770844,-2.263841093156596,1.2364895121841768,1.8701386928213053,-0.4137311213605914,-4.493394967951346,-1.016362060510828,-0.7184839851611164,-0.09974595910927375,-2.1291337325088397,-0.49920199827593026,2.393154283732236,1.5146599585284426,2.8038568368575554,-2.1415793580948344,-1.39423681424969,1.0945624546137955,0
1.9167279381649895,-3.0319647464641424,0.2094527916222475,1.4289052726484446,5.009341303475432,-1.1785727847701737,1.4043162819949524,-2.333710075124296,2.338444648625241,-2.896792108157589,0.949641498616534,-1.2088709854239061,2.3963643660886196,0.24523584789423636,-0.9339144163003859,0.48223911063577324,1.6441996184227923,0.17677318712367573,-5.787170632049034,0.6727567871994219,0
0.1428625613754838,-2.7201755161623096,-3.91531432311095,-0.10150222820506993,0.1442405167050612,-0.5338446438149187,-0.14963594425179252,-0.44359699940687913,-4.0964545781336525,-2.47299716483723,-0.012365938242364536,2.2364320543783434,-8.678937181698426,-1.3369779581405543,1.0606872342430895,5.295776779621169,4.088841835080219,-3.7144515297453946,-2.9168397450919037,0.9948686937879387,0
-1.1301110887250982,1.3210167527779828,1.0039027884282015,0.2316237367013373,-0.11697908604958386,-0.44859687310912016,-0.8818184989854194,3.753010114253497,-3.4223701402599063,1.9929149494594223,1.5480082208186925,-0.6467134318463019,-4.1997886736778005,-0.5912156192423738,-1.384779726774696,-1.527466376355527,0.63581489929038,-1.4195733717046273,4.144043383062137,0.5224452109266943,1
1.148967532669114,-3.317838270686472,0.20932890509656032,3.6192443816862894,2.5776380086229533,-0.6992440642290753,0.05996285769570662,3.61671816502422,-2.6188304662988626,2.4460614688076103,0.27051347546640014,3.149755235932012,-1.1937718813223586,1.4198444873730531,-0.31415332010382035,-3.8967769935915313,0.24037469888310015,2.657283685238227,1.2726056791762317,1.6127802326970393,1
-3.7070997129656424,-0.509826119425598,1.199742446420407,-2.1653194687105,-4.10177760841895,3.040686954159441,-0.9680129645892809,-1.5933353153802194,2.9684293785196236,-2.5004751964320597,-0.5859507687138121,1.844463662392382,-2.7270631617655536,1.1478027917597526,4.184586533706279,7.5505716450881435,2.167882584525624,-1.2848335361803254,3.106077288520673,-0.5842290931920854,0
-1.955162355174691,0.6974935696447109,0.8889291031891863,2.526022032896096,1.300978372073699,0.7202240169054077,0.5209768734917716,-1.250977865848562,-1.5413739266905835,1.0535503314641725,0.4276767710099296,-1.732509744466644,-1.3588511352575061,-0.6073230454709151,2.7990054356379,0.7464926975701528,-1.4516059680438937,-0.9528091233774625,0.9039654245987632,1.3495463138337433,0
-0.7895305911609329,2.6021260427682193,-2.7377690841581503,-2.5928824017015764,0.5977847352291104,1.302928421945811,-0.6650318903039252,-2.376755347224516,1.1914704312872704,-1.9158440590609644,-0.07002977680804456,-0.4212533546670396,-0.28228782228580357,-1.431114142771255,-2.4720922695650476,1.4115718912891755,0.8690473166092163,-0.8471607012902513,-0.6971184432014547,0.4670909439935746,1
0.9153206862063886,-1.6003708845683244,-0.872866381797208,-2.666772891154019,-2.9270205648456664,0.5881572644358649,-0.7064755007657962,-1.9345522044784516,3.7131666999747592,-0.274252381758064,-0.8938332206390901,1.9820110691689732,2.222265430973894,0.032264810771252796,1.0765438431453456,3.3809139400313106,0.1720982869263461,1.714230754955394,-0.30732652491428225,1.2721985542500975,0
0.886858037998814,3.197186691303039,-0.4602291463119127,1.5411303657898303,-0.14679179411923846,-2.15703672522335,-0.8142046773853758,-4.374670718235716,0.02254002224994545,1.2092156063590034,1.1906996175550046,3.9682622783556765,3.7191575986943914,-0.5700753391846538,-0.36023997601074964,-5.781639242008584,1.1623785594571414,0.6005296732033961,0.6876115010335513,-0.5551251558036121,1
1.1765389328451032,3.3340983940983215,-0.7712538405019467,-2.204300841719833,2.068319388569626,0.16056211829741926,0.5638165593865041,-1.792582222985406,0.9125603164545915,-0.5692625164254931,-0.8652992751348516,-0.8872145721706786,0.5606426649013997,0.44228163833031,-3.77288638282783,1.9484754806783515,5.9154625528846845,0.7434598147801601,5.039985397146215,-1.0199687187676887,1
2.642739725232558,0.7338048643878885,-1.3529648957850553,-0.02825077759286332,-0.2855060977163849,0.9416190135514908,0.0765180622437113,-2.4168448951723156,0.12406030116928238,-0.7093523018920644,-0.7474292532492047,0.8744656207066519,3.2011716658763634,-0.17444393428528215,-0.914789101907372,-2.702873031035772,0.17640810195919565,0.013691061594974352,-3.707983706848231,-0.7766940529721439,0
1.0104212296858757,-3.871344727054436,0.5745094380775464,1.668412236940736,6.56071762935815,-0.1538087778810355,0.3188270435795304,-1.0664685328233596,2.984406259288201,1.4883501598608653,1.268807656316957,0.6183255469906126,1.9760879202954293,-1.0851736783357446,-2.855515057268339,-3.138930336864954,-0.5908143753086272,1.8596601271320685,-2.9859241875418707,0.7230703241355783,1
0.5509848269905246,-2.743985112623819,-2.6663268104276643,3.050379070349227,3.8390039865562926,2.2369710770616296,-1.3293590589340638,2.4230052243844904,-3.6655444422166563,1.108580269410227,-2.52345736251247,1.4755598145716942,-2.902039404117185,-0.28451030433922214,-1.2803302313282978,-3.6170854335844616,-2.065265400999059,0.6576684833485058,-3.3980041393446965,0.3566676072498469,1
0.6478369603679328,-1.7156454422423666,-2.9586203698674542,-1.9658714163977602,5.278620979470733,-0.5844097746882387,1.0581361125674218,0.5793511352843004,3.1536625795410265,-1.9689023708114721,0.11003482393284925,-1.348452855917035,1.1204054142541358,-0.31257742539469074,-4.774312008073345,2.100064072525839,0.6104700911331196,3.0072670260062346,-1.692092773191111,1.2455568146836256,1
3.870001510784208,2.9535716173017637,4.297037822656255,1.34521902957021,-6.479203256362221,0.24489730171272925,-0.6032968487781549,-1.264019577376933,2.1196397929497017,0.6137106001198516,-1.667665266190862,2.037253982389762,12.466202736360405,0.573558836877425,2.0301838583414664,-9.903384354624905,-3.2247068726023986,2.1677832943780166,-2.4763422129961965,0.365169001048321,0
-1.0931356280775018,-0.7532430534723022,-1.771048406566989,3.446833852458134,7.886637532757636,0.07142083258109269,-0.10884862506916096,1.1914780472850088,-1.9053282348649896,1.1130417004543238,-1.3099765543749995,0.14088751563677226,-2.192852322337504,1.032974234914031,-2.6972301531728133,-1.796679550707826,0.9567600187305778,2.5315881541801364,2.1665459342455033,-0.5263908651106776,1
0.4475141760778363,-1.700760455027876,-2.4964839762606617,1.8996456495988183,4.532344306485819,1.2710300994311405,-0.3270734308637865,-0.8231907313685992,-2.454250003837254,-1.4147216699630367,0.45322190228289727,1.660433706212409,-3.7950603030156067,-0.297949364813223,-1.9867922107038547,-1.6269488559972063,2.0091472272891604,-1.883085177107819,-4.16071279141923,1.0071178234123732,0
0.4398431624674142,1.5680680367680087,3.6045753334835533,1.4968187845835934,-1.1281316562728954,1.3226178412607723,0.09345849176635274,-2.596558980859455,0.9432555439986566,1.190207637801878,-0.8648961124284227,-0.1895302132089426,2.866945334339772,0.3920445038685057,3.0765815556643408,1.045659112882629,3.02434401153044,0.6799402350863981,4.892134732020437,-2.0182341114311964,0
0.0008543022211928708,-0.4844045511404236,1.6816266749157145,0.916203639712718,1.5797758814717382,0.7569527361278201,-0.13352573545248822,0.39472757637452727,1.8012747278734174,-1.5547221818534824,-0.7471027536670662,-2.2147512118552184,2.822683240716492,-0.5219555654758967,0.9199011690255142,1.9661613109643152,0.5212966873075839,1.9890555789461493,0.7829340506809266,0.9385710670599392,0
-2.8268421400583783,1.9688561519878935,-0.41759689505745534,0.5237599991697925,-0.38609561319753516,-0.5616605569254259,-0.015687966756937923,-2.3007626468693854,0.6379692713069015,-3.1476096395097435,-1.4912278313904628,-0.44116259491410803,-0.6711945695638873,-0.27110969264679396,3.619976216990373,6.4011777070190625,2.620911326829491,0.6738726265853868,3.659567895826452,-0.6679416704595046,0
1.3666751735273,1.6852325839405793,-0.14961483740261516,-2.227428839418195,-6.403956124806965,0.83922514466879,-2.2082780198800926,2.172382898956758,-1.5054589569584602,1.9737063491750049,2.317516231196855,2.309682661064517,-0.24617678017759353,-0.6525979093314883,1.0601467383483767,1.3062660757344964,1.8301698330638128,1.4188569201231847,6.083196142890462,0.6520802373549079,1
0.3347023381681904,1.0769742037156433,-0.675149183741409,2.1111230046684,5.7410202983276495,-0.12715602945673044,0.9764977027728893,1.2491498358965245,-0.28867198166068336,-3.016455414785615,-1.0563081304757531,-4.005530459599919,2.7368653507176752,-2.038446524882173,-2.065288702480701,-0.05595459981986071,0.5271817178203906,2.561050586614497,-0.7779025925122546,0.9944144200902384,0
3.122815539357581,-1.8820776320836607,-1.870394755925859,-0.785204187622786,2.0739213152567895,-0.198669133822903,0.37086779247102475,-2.5032440554190543,1.314774882647449,-1.9758885558561963,-0.9658267708959641,-1.8511916441999512,1.341821532660858,-0.9913343922342502,-0.06061270628087412,5.318286705275534,3.20212744068617,1.2151386547590373,-2.1695888580970797,0.5615734705711045,0
-2.230415225863779,1.4723673770119767,0.9684357135762701,1.9096439323742693,0.7274772733154101,-0.6579581276655111,-1.3109120070721594,-2.8196104560777266,0.9465322647498866,0.35503182577351544,1.075103453808939,-0.10383234105335326,1.444665065047607,-1.7420539417718304,2.8006524135706226,0.6076236557965797,-0.8556186834420803,0.6618774839492918,1.9376655040983122,1.926345405721134,0
-0.48533469205934066,-1.686724714121579,1.0173815329472649,1.7418426270052918,-1.4685856924973621,0.5951311859137685,1.298693290993424,-0.4424665893913339,1.293207044940836,-1.6574792260472329,0.6887127445547695,5.273382364394834,2.0820370369857644,0.28191802075105005,1.2517572346204582,-4.920726229882597,-0.9446453025352504,-0.042040958785697136,-3.8435283422811013,-0.7113199105465681,0
-0.8525854426959667,-0.1146557242197983,-0.9535768199922583,0.9460738853683086,3.462966343770224,-0.49687612734152825,0.07388693612455402,2.020986940385602,-2.829332466437644,0.13572671020516203,0.30124248009139015,-0.41401149182841324,-4.656547180631928,2.4398744669855015,-2.1706564203857166,-0.06554558777633489,1.9492077836533181,-0.9992332879053576,1.5007693966196518,-0.6116931217017981,1
-4.642101108856691,1.6365637453842752,-1.4611762814474214,-1.7467497492397959,-3.94153893749848,0.9221734565070863,-0.12979082920469348,-5.0423907414894344,2.5226788471280255,-2.361300811943081,1.5378549513264819,6.177193386587945,-2.9587050190562483,1.0237023365900986,3.429626331767115,4.271523842346741,2.553286581034662,-1.6897419720935618,2.618906370421235,-0.22669326989871927,1
-1.1441105965704428,-0.7460253035121338,-1.1838281501269063,1.8517883830116755,6.064184272569857,0.7833042370887136,-0.2670037617670317,-0.4609645818873953,-0.023375423884953648,1.22524381557379,-0.1244566297144221,1.0021872176624793,-1.6274991019112777,0.8690312755308401,-2.4527058250961935,-1.262006980587689,1.1564078623710254,1.5803174727215332,1.7692833661930156,3.284118201287884,1
1.0069567760312998,-1.0292001503941668,-3.08163518584296,-0.5846754408855754,-3.312471842849626,1.0694473881241897,-0.004142584944154457,-1.115249440738509,-3.247430565885705,-1.9085304991314338,-0.24791602574300886,1.3793542984502767,-4.907062867014561,0.1847686502490239,3.537669074110882,6.893479547710697,3.5555889196452872,-1.6805059855928843,-0.23002800927547482,1.6049345017539018,0
4.894059684685865,-3.4428608498117033,-1.2278015690889457,2.3278234613464805,-3.5498284170108385,0.8583732319721272,0.3651810403026461,2.31121196699495,-4.659180043795771,1.5552264641542253,0.795234249257182,2.9774371373492006,0.832917749081,0.2912836656902564,1.0209854609364175,-7.742471366101796,-4.193186426829669,-1.4025019002484584,-9.153110278403602,-0.3468639879246106,1
-0.9359342027086752,1.3154486283424702,-1.105870186561098,0.1750967142712896,3.7320801062062308,-1.8642698372564723,2.244682255430256,0.6271225508696241,2.218136824878731,-4.018943808562939,1.1350368571017395,-2.037010693401824,3.528942396884322,-0.43968200891844966,-2.160278355954518,0.557355403278477,-0.008559355964750104,2.948832325571005,-0.7235773824213558,-0.8087941184164312,1
2.9392660470092737,-1.3404054185341778,0.23748113426710393,-3.4260510336080365,-0.9321326449439493,-1.4910799236114731,-0.0004787180685054915,-1.4311117101586142,5.246909193233669,-0.5342118037794032,-0.5129742439678118,-1.0188518909909954,5.808470881810839,0.034143893340212214,-2.1310517303227887,0.4824788921697848,-0.8254646169800498,1.8256557241967122,-3.167331511981056,1.729300866044756,1
1.272715349353026,-2.4915785024556865,-1.3570787578913954,3.635343797782636,3.1731187199416087,-0.8935809679780109,1.586899657033091,3.6848496380652667,-5.828139627063802,0.802016763494816,-0.14017792982534394,1.7858126879067613,-4.529808107626145,-2.4604358220962053,-1.878694762191701,-6.085215393432917,-0.6528075584746458,-1.8123285487371708,-4.305927681560808,-1.577229636132122,1
-2.049548187028668,-1.819143402066305,-0.2122683568775635,-2.1568876213457093,2.3502475552666326,1.1828949388779253,-1.5444549090835542,-0.3849280873994049,2.5860980199312866,1.4870668266604241,-0.011589784318821215,2.7744061267990228,-4.255565344387143,0.5201764216002716,-2.5865799704332315,2.537482830388021,3.176942452339179,-0.017225994204429274,4.151233669231369,0.2113806546459647,1
1.0534945761074257,-1.259666365824857,-0.09268054267230108,1.8467869798145151,-0.8087723543701457,0.10451403607582113,0.5981721503347944,1.9763226067491118,-2.703780792217065,3.4627125930374065,0.7679376635165368,2.349646515425036,-0.9435049653571177,-0.9755329356146318,0.5832819251445298,-3.5305323372741113,-1.4207415699497523,0.9874828474537941,1.0825901341204718,1.8752253884833885,1
4.791676271309089,-2.0256655196885935,0.9441925564272711,-1.9365610343348023,-5.438029184062056,-0.004262937643876165,0.8594142547594533,-0.9004890258895888,0.4649883323280255,-1.744075891073759,-0.588018519036967,-0.9910535307022763,2.121624592079619,1.4554013377261916,3.312081011384941,5.657198734489463,3.4430207240250494,-0.41408170301958114,-1.7353112498701182,1.0750212145109097,0
5.6302088176149905,-1.1179254915513697,2.9679957444542597,-1.679904786402873,-5.350366117359541,-0.7974854973437886,0.38052030531630293,-1.7233180679582372,5.136992880224029,0.9998636674355372,0.14268841220163028,1.5025793627043047,10.761497310463305,0.6907008893486373,1.4900584747749575,-1.5035816799496242,0.3896992471166558,4.278703240826762,-0.3298455182160749,-0.069851868183643,0
-0.8001929999125097,-2.5973001881430338,-3.9268145758522945,0.9260545593630456,-0.6548434044530336,2.171192861062495,1.4443434119799452,1.173063861528505,-6.326819696678522,-4.166201443464496,0.38714831606090655,3.7527756493097675,-10.991557364311463,-1.6724045258123525,1.3056857947283844,3.2735104706099465,4.253109534352155,-5.643058874153653,-4.610796601707454,-0.18657325305536468,0
-3.6030450457950707,1.4198107465289929,-0.7210229410683524,-0.44725136868345383,2.34062604196404,0.2003947848763514,1.444850287259808,0.11948795381925748,1.4335278524369048,-2.122010952763833,1.558628017070086,-0.08382128506015762,-1.663852182875267,0.5795778471138472,-0.7428145544773961,3.0457957445433372,1.4203115119318535,1.0018936534306915,3.5401820336793386,0.16968509085775127,0
-0.4763219884120875,0.9975817996113734,1.9617719071835915,-0.654182449105422,2.6868128116640264,0.018999082259871004,-0.5212548068561296,0.6882727080694379,0.6436081299839186,1.252086634034627,-0.7274539247231179,-0.4900886059937737,-1.1851593947763424,0.6184072157441346,-3.5027791777721347,-1.7782069463992645,2.7305186714197225,-0.8513617328153813,3.4280895922439547,0.8467711090082444,1
-0.5787545335980647,0.745510386908766,1.0592715680595302,0.3599080228315926,1.7127578686185847,-0.3427177768781444,1.0784261944729463,-0.36405692767316145,0.11280011290523252,-0.39091642727574527,-1.2519222604734526,0.033314414984874974,-0.9396415433311757,-0.9977577826593546,-0.768140428818894,0.5937509348940276,3.0826386374910895,-0.32185600723421426,2.702685554517432,0.6495813316461732,0
1.0317249919635694,2.2020099682851075,-2.8378051465307137,-0.5230297176584594,-1.283429993132656,-0.944908722685067,0.6457976416037114,-2.1005444777819138,-4.376965007826409,0.8367353415165757,0.5382116054922572,-2.023139978152794,-3.9356938770222647,-1.015663230879826,0.8349114273828937,2.3546965689365345,0.6327190029437972,-3.3066777027853065,-0.8252376361053984,-1.2425008369193875,0
-0.9953175669490191,1.6444304247112695,-3.443087728703278,-1.5520715110825254,2.883831290251846,0.15939319777622218,0.09127189816757326,-0.7114698607606957,0.8972459162512428,-0.7206871878103123,-1.4473813334630898,0.05453435955983876,-0.4803340274458821,-0.11358186823078863,-3.276688842126833,1.1600412825379223,0.6392525195197893,1.7587743687426287,1.470507602539552,0.8671568891001863,1
-0.1433606933151078,1.5945210403289596,-0.13772164862147118,-0.7185465622780007,-2.2355440905797295,-0.6402304954680139,-1.135012098186069,-1.1583256851456842,0.026201221826874142,0.7643388426500366,0.14147895293467364,3.6718896970944312,-0.1632359744113861,0.4944975317803214,-0.188670117768865,-1.3966709979984364,2.224263797796997,-0.02721893780635698,2.9837063170395814,0.4463742447585357,1
1.5540147351521423,-1.777089647589781,-0.7438617613524425,2.301117135570254,-0.6423926130029451,0.9859483833147212,1.49116640428018,2.338138995326796,-2.842171268871238,0.032977186364766764,0.26697578312756015,1.8984623927990558,-0.35773061433415215,-0.3005359851787682,1.4236424575175612,-1.3903319191899084,0.00671181071363125,1.406437968014191,-0.7988507671225805,0.2079200673839576,1
-0.9938893118616348,0.4234383639677194,-0.3826324378707513,-4.60336658490484,-7.8338846027673865,-0.7256174565632872,0.35747018584872403,1.4677511313247082,2.890671566168177,-2.466970479755532,0.48114589076518677,0.7087371664841434,1.1375287421024174,0.33412624733823465,2.5776130506893598,5.961558364098627,-0.8496286956092727,1.0645190669509352,1.717175429221761,-0.17436283641253425,1
-2.1698117228529403,-0.34070720599513526,-0.8123355680302446,1.5198099019006586,-0.3318066188033828,0.1045422455492162,-0.14468576074234318,-2.8404859188210674,-0.17402013636148944,-3.939895458625188,0.4972179804531937,-0.6757160496262786,-0.9725945952121271,1.6720417730423207,3.94878049426614,2.6215275823618964,-1.7052394632176648,-2.5913611684233326,-5.564396560105959,-0.9511080467424646,0
-1.5232752474205724,-0.8942502593097925,-1.864302941968739,-0.4064176596461615,-0.20469429096874314,2.2331159171321766,-0.6929570045312151,-0.2662716487928404,-2.7177821991517717,0.9720425824492018,0.8437900258815753,1.0548844002079063,-6.790121681727422,1.026087440960004,0.4504518107711555,1.9680031682416006,0.3097172434231238,-3.349096204979765,-0.47395817985545347,-0.7554608013928819,0
-2.6927893471344526,0.8714735487268868,-0.0467277211523629,-3.0766676016874297,-8.272668837960879,-0.9960449401698923,1.2221941801067957,2.3913661192868028,0.13267260974693948,-0.08152333511943666,-1.335691521693076,3.6008806711130825,-2.631907482948591,0.04342340881641101,2.989136965742803,3.011042323976177,-0.8427728374152421,-0.3353176328667711,4.22140082662098,1.7440102340757326,1
-0.005369002447875193,2.5851279396396283,-1.6677353422995076,0.1104399537475691,-3.4831172673276996,-0.14663177404360228,2.3491085580250326,-0.6828784326028463,-4.136417520139042,1.0376337132581206,-0.9218236563202137,0.9618685783351354,-2.697343800633565,0.9498890682492921,1.3490039555117033,-1.4174073847869548,-0.7283572905287705,-2.7107879014434078,-0.20662748565793038,-0.171810463802674,0
-4.323554433094815,1.691645063792531,0.41914009383819084,0.9213182767782686,2.4595286338261886,-0.31722838822147553,1.351088946337002,-0.42676807919851634,-0.8111648122761725,2.069865125584519,0.21229961766047659,3.7768754083106373,-4.811649410671965,0.9133910908021826,-2.108676219814308,-4.139824093568447,0.7666220319672521,-2.1037525909942523,3.7722777777748964,0.8513421221731372,1
-0.7404928573666938,0.8958993725878777,1.7024794164589843,0.19762363965219132,-1.0521331128998226,-0.36702241863162666,-3.0825621751432375,-3.0999630016179505,2.3892637391843534,-1.1158029089505432,-0.6438720111083528,1.5324218498501923,1.88230314497046,0.40142965936746206,2.426704296712238,2.595703211490249,3.26520319061649,0.6714307141353271,3.1558536031963866,-1.0055559711837476,0
0.6702801312515951,-1.991649962154752,-1.4339248156788824,1.9043153742447103,5.490323268809107,-0.3206244763068117,-0.6075209099207107,-0.742199290309798,1.679752800187785,0.059901338014858085,0.08504586020018182,1.0336370709798441,2.410339430159826,-0.7159672231839423,-1.970264777519116,-1.7560833187338312,-0.16534264535677035,3.5033582367255227,-1.3173130080354705,0.8643914974066649,1
-6.658491585685655,3.3062417614171578,1.0515911402344642,1.3473090965216854,2.3929265352591447,0.04687854330331131,-1.8162665001339957,-0.526077533718634,0.2879562915758122,-2.457633440108844,0.7356807637597335,2.186828021718809,-3.4305523724713907,-1.7001208688282619,-0.7404745046494039,-2.6125612233260633,0.3616030123029178,-2.5465123267528833,2.2675257158538615,1.283739433701408,1
-2.4558906455584437,-1.0473431618886524,0.047424714994251604,-0.6203763211669575,0.9157071906805665,1.5356309788110316,1.783114519992506,0.8523342608676634,2.1422205225825075,-3.229937421692394,2.4719337724318575,-1.293172528164225,-0.4610475885194291,0.0744066719261473,0.42388814658768337,2.8861008894166664,-1.2437138862187962,-0.06624068929116222,-1.9282144115617514,0.032835809101306665,0
-0.5898740581555446,1.0403112562329284,-0.8537017750559732,0.13895352473198463,-2.5458803400886003,0.3073093537363383,1.8344313331400877,-0.08357414330434543,0.5263814421365977,-2.458855103035221,1.4215032852330935,1.8307569674292,2.234871231297149,0.4153114772403338,1.8326932196488244,0.41386037395438235,-0.3360201943361325,1.5792433402457502,-0.13945780459387988,-0.9247118804011716,1
-0.5801399241811626,0.5655953551091873,1.1139203677257146,0.1124938074825893,0.40931127234587367,-0.8784987909695048,-1.2814149797780263,-3.049906659074172,5.768805646650737,-4.3607459990190165,-0.90429518665159,0.485527337011479,7.6901276586936085,-0.07170634628496836,1.0350590575828091,0.040305622875844334,-0.4505120451959246,2.8450767343952137,-2.5555657252717614,0.5247925755013217,0
3.1823319521120887,-1.9583000703223647,-0.7801514798234148,-0.1933661147297453,2.063370507638998,0.01823099713711716,-0.019530389467102203,-3.6032901248304725,3.7015236587249416,-1.5733237368460204,-0.5439834133726836,1.5715217257489997,5.390896861529849,-0.7136288932044673,-1.7064772544661566,-2.227907651214356,0.6186149727857998,1.3968084373010399,-5.817665652264214,0.37120676347005876,0
1.0121426147878811,-2.401142828331298,-2.5030318630743817,-1.0699306001375268,-5.151428534891361,-0.34610427178001524,0.8496447827066518,0.6379705871082095,-3.5862563854426863,-2.921986108473943,1.7772947680304536,3.5376438108897688,-6.461701387712912,-1.9128513533478293,3.3702186041514124,5.767427725287635,4.126422733550629,-3.0157009894962807,-1.702165105113558,-0.6160275437179562,0
-1.3658517426730734,-1.295434790354994,0.38579854386661383,-2.598863936619149,0.767759642878475,0.6141058052896845,-0.3598404607803879,1.7893524893685013,3.2254191849134717,0.00314108355456022,0.09148000597756854,0.23365389228496536,-0.8510597179382688,0.8958508801028059,-2.1071845217555154,2.8377236929942034,0.9996363755445811,1.6203290793103102,3.1964606413164964,0.9845698459571985,1
0.9452149557158747,1.1433862553092975,1.500771176829085,-1.234849772121244,3.66298572596629,-1.5618785717244306,-0.4679237223332475,-1.803481429037411,5.121223083819234,-1.6573461323137049,-0.6671595500663265,-2.207180538585518,6.313104567586486,-1.1465501637074578,-3.7529825245870048,-1.63336950947106,0.8527988089531664,2.0581083794798958,-0.7978040741916034,-0.2589588347675133,1
0.36516117406657256,-3.113263483766336,0.11209478382259519,2.0357419621780988,7.306438032413091,-2.3559189249323222,-1.3142850978081202,-1.9653874005165908,3.9802180599033443,1.4314324003883732,0.5721731310374635,1.5139017647031747,3.230073843426301,-0.30462264835473557,-2.509120141707992,-2.1925124233831426,0.3105392520003356,3.9831189608671025,-0.3342244771225405,0.6706871707262329,1
1.1682812992752094,2.538590490814503,1.3098118928127058,2.7524933448695927,0.5654806151595755,0.12486761019547897,-0.782541286326445,-2.7334596977485983,-2.407386575893079,-0.2542869433633591,-0.0461619439699719,-1.7944199309964124,1.0939230434302418,-0.3139521869158607,2.772829329946072,1.2613022089758972,3.488829254762329,-0.4813518752078345,2.5730589582324153,-0.7754826486844134,0
-2.5040766517986714,0.9971114912818925,1.524185004473681,0.1029183957983204,-0.7501217097217865,2.0699477390696788,0.8543693203494214,-2.6663560929987717,1.1973290027641277,1.1190711779467284,-0.6293742112064558,2.3997406442615405,-1.685218608360746,1.8627596863802822,1.7872597365525362,1.338650171394137,2.143407164524832,-0.9846163216030328,4.305206466415931,1.236204978259596,0
-1.594967746708487,0.5012116923356971,1.0496821208050404,2.8845369006276513,3.613864970843042,-0.8494174697163055,0.15121622133754703,-0.6457849225727486,-0.7875725386424116,2.6226356265068436,0.027487633360812797,-1.4127119475500196,0.07720828689193662,-0.8590773163652565,0.33127012687316204,-2.7456746642315757,-2.5227257980240263,0.3109415582255829,0.9379548349955251,0.08112458341850291,0
-2.884216100261217,0.9726671539170572,2.0401021216743067,1.1747798378288083,-1.9152636555617635,-0.09955068318496844,-0.6280978350797833,-3.726617102030358,1.2596033245321803,1.0729042796069037,0.9194084287536471,1.610250017780602,-0.08307804359047523,0.6867754890476648,4.142834723822329,0.532144503186252,-0.9230247435826395,-1.5179041739246113,1.5786586122266992,-0.3998226835954676,0
1.4124810379496961,-2.1209665810815954,-0.05423688986861175,-0.161390278623609,-0.5691836475752355,1.263539010796508,1.431588905214111,0.7476469338952849,0.3088675208740399,-0.5287916047083001,0.1936700183481687,1.832245852053401,-0.23156877625834418,-0.7227802554444938,0.26486111229871323,1.3017620022375633,2.2138154158645547,0.9586398953899575,0.19119823579652093,-1.1283513375107777,1
1.052192135453827,2.315040861423771,0.29266506659194014,-1.0051917631120824,-1.6190955988590585,-0.8701631577799022,-2.679984485964469,-2.523132762657684,2.9671048002812617,-1.0090158868132357,0.9011117810621716,0.4337720465231122,6.278445899480707,-0.29356683659088617,-0.6237381671243745,-2.96605478883557,-1.263699551521276,1.247078924479292,-1.7735651469217129,-0.7883092647749634,1
-0.37085868748589046,2.542740257016136,2.1984657057556296,0.8268846667962362,-2.2779438534156173,0.12944664254744423,-0.24251644952602194,-4.3425033847245995,-0.1694499191874954,-0.4374246433890612,0.020590177234679142,1.8119935855182079,-0.30027884930386406,-2.313859495606875,3.638877880314057,3.0788063962652332,5.99718781536339,-1.4484185056060737,5.2823818420228,-0.20735676869400466,0
0.4578308254800634,0.6098530959641455,-2.802772684507441,-1.3971421295613196,-2.3716261540602854,-0.24530748618780235,0.6227691252275499,2.243992002123493,-1.0171013807704417,1.7720527231124452,-1.9795942758525282,1.4283307463262083,0.3045162528903128,0.8233568294771724,-0.9915326240083504,-1.143126763938384,-2.727923112365687,2.4158200643671863,1.2436714217832503,1.1687227942312366,1
2.7015851419343875,2.2427283354146232,-3.6619484565238607,0.06708761094396287,-2.5135849166118036,0.7727283779193933,-0.07728523746629531,-0.6399872959932176,-1.8885151017700692,-0.8611866681458078,-0.6829351063151862,-0.5231169724016911,4.502655869754182,2.3744662832839922,0.13932067678891946,-3.1489778300869236,-3.983648983202556,1.4777635805903477,-4.90951943657967,0.45514638094951854,1
0.9873188667648176,1.8825687611283657,1.8177549689427281,0.5455133701937351,-1.0000755621769057,-0.12528662276943797,-0.42200589670908045,-3.5344106050800956,1.0641459833235745,-2.4400550249989115,-0.4753234176821889,0.8989183814603556,2.603753989059719,1.2082747406521392,1.5727215916799593,0.8675389314671073,4.7496794747794056,-0.7823700686076875,0.9925866849922862,-0.7477851043659819,0
-1.3851951970860577,2.5950900911432964,0.913794977937036,1.936854026843731,-0.3962441486696084,0.8435502912221203,0.3067899624614518,-3.984102495612184,-0.45193107579067227,-1.1596857646298595,-1.026710491785266,0.31118955866822007,0.6002534195707633,-2.133119217718111,3.3005314394528704,1.1274536330759881,1.9173811859446528,-1.1865485110278131,1.5054369567951877,0.8276575097351987,0
1.9106335009068762,-2.240050320103272,1.282320092838726,-0.352992993714049,-1.8385987475871786,-0.3351431387781925,-0.1353342339231097,-0.8496093145968289,2.391993487133548,-0.8182388440704789,-0.41192323438595313,1.3080099487921528,2.9848824479711444,-1.229495157708088,1.5330894069734564,0.9628225117550558,0.9033963156004161,1.050657252491038,-1.6002669262840037,0.0999881637655518,0
-0.7105457818271289,1.3656790501160117,-0.8564879059057944,0.015952083018118013,2.755583899924046,-0.4578169695901857,0.7921373991454693,-3.4237538314166023,7.431333606754725,-7.313922126535325,-0.9062181261926946,0.3591404326377807,10.654602401260512,0.2522130033628634,-0.9177144773387502,-0.7004463712158631,-0.9127001228259404,4.973149624176788,-4.751250371467854,-0.5791288370068761,0
-0.22346741153284966,3.569644703495548,1.3555747328710894,-1.4787147620383514,-4.250680224992469,-1.1354323090305687,1.2559370400156968,3.8916783556369436,-3.0778773282250484,0.5873203622530592,1.124414149970889,-1.4456024767528062,-1.9620800645946965,0.5745617175367154,0.07269647991755024,1.2879507678548956,2.212564005441435,-0.5277381569461375,6.799196775242025,-0.28207705687634865,1
2.2537675224473035,-0.41959405816624973,-4.480234952486538,-1.3488478292108619,-7.18867760569761,0.1271739191942854,0.5582321068783032,3.383579678628762,-4.949581571529751,0.6518734596505631,0.943193303477794,2.1946821977180138,-1.6892696546671833,-0.17262635300847812,1.0386583752815404,-3.0340685881924276,-5.657364872987723,-1.1562387825003508,-5.948962744509719,0.05202065043961975,1
2.3763516566522465,-2.928173546315386,-2.4941668185432135,-2.911776175576743,-2.323362793216334,-0.28568654809226357,1.625330309075195,-2.007573974167369,1.6968603820072894,-2.272370098226107,1.6923130191048756,1.820184437402418,-0.99293460153916,-1.361675030463631,0.6683332257923413,5.639157444463756,2.913020870056779,-0.39688462900103094,-3.1066240329531425,-1.0236597461307144,0
1.7883523920732127,0.37546493065187403,-2.463030735809732,0.9855652818035654,-1.770496623711666,-2.0615231121122495,-0.8001752986641041,2.893220096488591,-4.759793955670061,-0.44450684569471277,-0.3651329377957845,1.5163890316323831,-1.632984312742001,0.01670086726755042,-0.5400126778585013,-3.2042141536972557,-0.592997574116378,-0.42391511579782093,-2.2434279747040393,2.1050866393345022,1
0.7745510554798907,-2.7534509013631556,-2.3331414436323437,-0.2082830658362803,0.10263512602939988,0.16549156413314028,0.9661396608610484,-1.0823878729258296,-0.05495176589844979,-2.9823571939547193,1.2724833308487593,3.148635683706842,-2.2909911090377597,-1.1283415702657829,0.3517366264377294,2.112263112811508,2.503903263314834,-0.9217286083092961,-3.966629837883697,-1.4120756063156303,0
-3.0700836233470774,0.2327461353019027,2.5757336736166865,-0.9303746639357695,-3.1470083192059173,0.46426374323579306,0.5679945395242418,-0.6005868171958282,0.9292729327889757,1.5692006762695923,-1.284371975509199,0.7728332668974662,-3.4453998032761337,1.1762257067585293,3.7573834513842836,5.568591615535169,2.128034018976411,-0.9451021728211335,7.010943525486136,-0.0810707410080242,0
2.248820597503841,-1.8139902651287878,-1.1158099103826307,0.32620749637509583,-1.0799394406889975,0.25203397993487703,-1.3412597272367377,-1.1587729826118185,-0.8803576919126993,-3.43673590089064,1.554282441611026,0.5884268916527555,-0.4247620446055087,0.5385031566390435,1.9886829031855533,3.4176785639808265,3.1024295146167677,-0.8820721717678455,-3.581543627439819,1.3845049626510342,0
-0.4697681154356659,0.3605334412548984,-1.9763843189745391,2.811436112455434,8.217441455849974,0.17001021898020968,0.2876820436757222,2.972668347618213,-3.3926169266582535,-1.6921041539324668,-0.037717949765591174,-4.582004120906927,-2.1922693892812126,1.675129939690226,-3.9408431434562488,-1.6660178840952946,-0.5234165011185157,0.32657144750363964,-2.1412951016546216,0.4419089221642027,0
-1.8761494044822928,-1.9474352928564065,-1.0427239461867308,3.7275432500292296,7.799586977028132,0.028320263677764197,0.42136025430670854,0.34651518258298,-0.27023175691637047,1.3491221980025414,0.6232358966388174,1.127753926596212,-1.868036770992491,-1.0152923742498159,-1.0318528148855755,0.21623866883058152,1.3968746682300353,3.6193728047609466,3.6479588878255504,-0.3920477826671146,1
1.8071484365311004,-3.5966986186494676,-4.646918231516112,-1.217573772064973,4.315449478640965,-0.43403335432359996,0.553627409358232,-1.810246160260977,-2.4709487867157223,-3.423819205389335,0.5918011911450157,-1.7389159288184501,-7.903485099690493,0.4203098174852043,-1.5434521612269463,7.846754396493935,5.210087872836304,-3.79159347247706,-5.326561786724943,-0.2410632224657809,0
-0.7431744539528347,-0.19085571940182566,2.6421334903725953,-0.6373850301064639,-0.38208956510180353,2.679628693900003,-0.6045138605597951,0.6396479459569739,2.7437674831845373,-1.8177464379583113,-0.061366040099912866,-1.1990161358085385,1.7343320166298333,1.7444955493598882,1.0431255118937155,3.5134199583884427,2.257161501656654,1.2889658206276866,3.07521150854412,-0.16624207232083046,0
3.8593092033815353,-3.9453602709987856,2.4552960305526823,1.7376748782427187,0.8244265878280334,0.14876073333569612,1.5401078237440315,1.6487225914555133,0.24537352663188636,1.3481182018417848,0.5207943056927525,0.5539867081774272,3.075765896839185,0.968498802624876,-0.8340655479244858,-5.275009077838541,-1.087479703570168,0.2942950087591457,-4.891846482206425,-0.5561645694219997,1
2.8300394325116915,0.12483042624413576,1.1341795509548835,0.1918403346416342,-2.1838712488268963,-0.5054472096535272,-0.5106839381956507,-0.9189377958050349,-1.5844603189215978,-2.227548285220733,1.0685495584552998,-2.576645511047236,1.1065210162745083,0.8717244241841364,1.613589431632481,0.5066292116493786,0.9909037791091421,-3.0151951155335444,-4.699173425579439,1.2114275036324305,0
-1.4562559313973673,0.6649020051841337,-2.6466657743332505,-0.5632688062698046,0.9837535252352045,0.18861234197501178,-0.18166092718580473,-4.308827052548593,3.5122850551592775,-2.9258386628094,1.1671959833590948,1.197395482792619,2.7912979996960496,-0.24739293994743575,1.0473751934228575,2.9825505740707805,-0.331899855529169,1.9774418296550524,-1.6686173748653386,0.722776773932773,1
0.6975159218004126,2.277805303361501,-0.2704081432766493,0.748318183335976,3.373191703588828,1.0550545489425514,-0.33420699806644877,-4.429244707352019,2.7575617279291595,-0.7169269151191167,0.36539620823619295,1.5516974135574246,5.182451542233239,-0.9599725191440409,-2.726149269350768,-4.949152282496307,0.9606940555064198,1.0626704187390799,-1.6614093268562031,-0.2911637704263413,1
1.128956215440627,-0.5535041450692815,-0.6227806569929355,1.5525907367241314,1.6000130297951953,2.017775813175065,0.043908301877156795,1.8167896256561389,-1.0259812736513327,0.35824228086832477,-1.4509129285940126,-0.7456207160122006,1.8396273763088031,0.5772623672009194,-0.6806609117711306,-2.320009147668943,-1.8289851440657414,2.061404655113156,-1.203161590790522,0.4595754883110654,1
0.6097572093776364,0.2681797963821013,-3.93760396929567,-2.3529925971416032,-4.976858913046598,-0.4278342157178725,2.002947084076286,-0.6182546329870371,1.0150176265885096,-3.322000443528292,-0.8082638250669247,-0.16445528460588998,2.4311900709496728,-0.44032568467619043,3.19641220442122,6.033015477952651,-2.0219902467023014,2.5155397951856955,-2.102066004351312,-0.3447665798736568,1
2.119543434145908,1.0515177344181637,-1.1621541469172936,-0.9557406423809356,-1.9599536252844727,-0.20316852898467888,-0.16065328636607445,-1.4235037481977768,-1.9168896699228628,0.5409773772865174,0.7573042237747472,-0.9528622316369022,-0.5822981503569225,0.8509826785067651,0.13896286313131345,0.3395844216759275,0.46434434038397354,-1.9706640145309624,-1.6740041749673649,-1.4208939852234432,0
2.5185009175552806,-2.79424530342916,-0.9083303984189105,0.6306914159313621,-1.7995885347184912,0.17048468069691408,-0.41509133672532883,-0.21685587607324175,0.8570089479463682,0.4292557006596426,0.2353171684846372,3.4143205488963138,2.974785087431434,0.7051486589381768,1.3389289471117896,-1.4043766689346981,-0.8745962970830421,2.530760905234507,-2.5199883481398015,-0.6594954368384278,1
2.209134382811592,-1.9027830891406625,-4.433715072677985,0.6946918265326194,1.2527529885589714,-0.9677523395471003,0.5644982040474971,-1.3045575669248157,-5.036469474066109,-1.9892545035788953,2.3330164182526882,0.29661844816640903,-6.943223993730413,-1.1617513001764113,1.4405941442939425,6.91476989347227,5.705937098625214,-2.0293961383966925,-1.2591773871507412,-0.30757738956374386,0
0.7787179893856948,1.948927505515187,0.05320044618677344,-0.5012488058102262,-0.7489091011815595,0.09852602490538785,-0.20044498267722502,1.9226381759425437,-0.23020094199026842,-0.9360727298957198,2.6980404568174263,-1.481696164713798,2.612937369437049,0.017972579368308247,-1.1823980502330511,-1.0684754886956442,-0.2928539441616831,1.5534932417787193,1.055231943530464,-0.037914678132769594,1
-1.9838936435079857,1.403393184817791,-1.1515462117705297,2.9383168615869435,8.168439695318412,1.0214581040153765,0.8223422986875516,2.9188409608807078,-0.49338918762021083,-0.39608603713356283,1.1169794276401286,-5.288029482483189,2.0609519365999267,0.6983991213294012,-2.942434313658772,-1.499124066002571,-3.4406614345110684,4.206377284878698,1.1931620158219467,-1.3126605607992783,0
0.7095273507712547,-4.184936610996639,-1.5567814516934653,0.42710673791087905,3.020954014784608,1.2228079221334083,-0.5678078421841054,-0.9283724641349563,0.06248156031183724,-2.8293092577147068,0.29008789963543236,0.8806834159628707,-3.6613330078229818,0.5125436283994018,0.14928144394959086,4.24075198935994,3.3792254499620373,-1.2404015115546,-3.830693555620867,0.04371039699198384,0
-5.961835455974058,-0.1910848424403251,-0.8576354350871305,-1.9603185542798873,-1.8250657257350962,-1.2648888441027084,0.05520800899233323,-0.8443301091255263,1.074687404893659,-1.520151512382963,-2.968368430235852,2.4141027733652383,-7.455304827710874,-0.9298479483926507,2.891708290966725,8.07820201425698,2.0714073265240582,-1.944215988504657,4.891682917508219,-1.839637872562303,0
-1.5899599233501451,0.3306773124469007,-2.058538749768552,-1.0377030790075041,2.875414996251738,-0.11036475929185985,-0.19559323684922542,1.8106874706185736,-0.6093000732468372,1.997399295196605,0.5491266755583654,0.5922003578334523,-3.5821586038517697,1.40904596641209,-3.4211445703653878,0.20233012940935155,0.4205284977572703,1.1370800950436732,3.9257803522540433,0.31992786184477334,1
2.5994433664901284,1.7264761583069204,2.3480215697533007,2.039685357380447,2.7938366537123396,1.2849167848750833,-0.4738828697857191,-1.3924743834639608,0.4992052033884621,-1.4345470207223432,-2.044330476201075,-1.5622548440797015,5.138632493225751,0.0220677009368635,-1.2990813856177352,-3.144742118077296,3.236719164943207,0.944057942520457,-0.09286272540692868,-1.3045488995841095,0
-3.5740445653605635,0.29265337497038635,-0.3145714497977514,0.4261829459741564,-0.05284867919387873,1.2368718935182248,-0.5442882931554857,-2.189829180339941,-0.11192850246053791,-0.3796681107326677,-0.5273633377201086,1.5651120967983307,-4.08986480373836,-0.07810901011278953,2.334621597198127,2.79934386323623,0.5819240672415138,-2.052038364513215,1.4343325924136954,-2.3048571725962885,0
1.852505492973552,-1.1578848129543258,-0.1984246881325995,-3.5002914712003053,-7.1928386874873675,0.25100354315014656,0.1794141710488413,-0.3395718366985633,2.0135184624771596,-3.1277337692449207,-0.3492618853479615,0.7329900635454633,1.5156019579781854,-1.5166625462859213,3.331941036058688,6.23669209317476,1.5552184308111543,-0.06772769380315558,-1.3058909458335686,-0.04785892765275731,0
-5.014072975886561,2.0140445431756318,0.011596809781286854,-0.2935025715072246,0.1956748040204798,0.5396547743450705,0.6126263773371126,-2.2500361192534193,3.0299607943061164,-1.6446429629883814,-0.3207463714788462,1.6021599848586399,-0.20702573948223102,-0.08288698387486536,1.6623694431616058,2.703888149264781,-0.1271626418140186,0.8672173312789603,3.6499992139352435,0.4795105629413033,0
3.834642573047033,-1.1688014997915563,1.1068130612099991,0.5438568748755437,-0.17954736765415363,0.5080122910545997,-0.7131923043661326,-0.7860069204042073,0.6813636014599301,-0.632178797530947,-0.10017276878675659,0.4030272996008465,4.035468913824659,0.22630420774513435,-0.6098812841175514,-2.760220184307679,1.3185341452691528,0.37246425056643173,-3.44320808340821,-0.6401465050936997,0
1.901715112447162,1.5480534767081304,2.244647092431837,3.6117972279509667,5.50207999260782,0.4594750589690091,-0.7465633522699111,1.5490658272535,-1.4000134368042827,3.1585829058730495,0.5673304769866295,-4.73043970646174,3.9208135160945794,0.4182150782661971,-0.9283913734890612,-1.2829860191171993,1.1559177598371337,4.519094116067059,6.236129750173626,2.0540955829236434,0
2.3791395404024787,-2.202849118953025,-0.43774283303059613,-2.134997367146156,-2.5312743120753805,-0.3360666965057408,0.268804934439231,-1.1463527285049746,1.5843592992138493,0.8816462740594628,-0.687784294825431,1.8193074662923154,0.4065280210923094,-1.5105460503694963,0.2914226238382003,1.9807870843686408,1.341361330164051,0.18759946002632,-0.7777550096154349,0.5245846830476146,0
1.7192429005815844,-3.5536455205283577,-4.974569004081682,-5.376822581548952,0.3034843850820233,1.1382814448895793,0.3094161851420503,0.5771988668866928,2.8844519861034144,2.944031356975739,-0.858475891172642,1.0742091154116364,-2.4792066991720327,-0.5643029458106261,-3.264471427008909,6.993032995973576,0.703823401640665,3.811925041910076,2.8611921854719236,-0.8539289145713574,1
-0.33931980862733,4.110327632587193,1.211791508434096,1.2563002130327354,3.0662038634633793,-1.5184219860092896,1.6519143368673785,1.0188694713498578,-1.2771231601786095,0.70441609492784,1.359718213000896,-0.10118607742784103,1.7206992820885934,0.5251446587882714,-4.509822449249478,-7.6591992070443755,0.7776968321298676,-0.15991771714117298,2.1349772214860603,0.7629582567139712,1
-0.9807953591112508,-1.1602249966638971,-2.0987424831680617,-2.0506398246794832,-1.967956827574354,-0.9032931107791091,0.9341414422336946,-0.8374037023704928,0.017282737181937676,0.4710304757009778,-0.31983226412807936,2.480465810406984,-3.9098883980637322,0.4334524416994807,0.20982462316273442,2.169742537208998,-0.07648681799869816,-1.6637654921088223,-0.6919164546097228,0.40809605856994446,0
4.066126805714728,1.4319749231974512,1.3543262826562898,-0.5442547981073098,-4.6153028997548775,-0.5545932404325518,1.1747618002330384,-0.2618663834646191,-2.899578779400962,-0.5787637726563053,-1.431188333235752,-4.512544962588244,1.3199783168766832,2.1160120568309955,3.127650710259023,3.6602538391833024,1.9466776460507367,-1.930093417631297,-0.43662655802000727,-0.1825848784124418,0
0.22731932228739327,2.2508340404355263,0.7955277492737646,2.5865823180689835,0.6535048767103963,-1.1858523292388699,0.832092018373946,-4.306026208889705,-0.5654461267734976,-1.0907311518855562,-0.9741674281722222,0.09716838636373892,2.1682595034967216,0.8206074759086713,2.749238556259301,0.14678866922483097,2.4793634853659756,-0.3800787702610715,0.6358708557737706,1.2752470129219724,0
-1.0974636695583178,0.41936848256165227,-1.5901302225077578,-0.27355704898178757,1.193862262520345,-0.3406040777437667,-0.2243068279436459,-5.033268132541332,3.8696697317058852,-2.2127201565710317,0.03580260003584034,3.763163783206683,2.558242065303058,-0.06945513785101935,0.24190931363344426,0.8323070885445046,1.8711461775486564,1.4520688765653613,-0.6570904856230145,-1.7962765667775356,1
0.035853896127366225,1.4753070185858155,-0.9912471052552096,1.1850381665453376,4.119758498035005,1.3101948560543004,0.864584791751771,-0.31138470733368373,0.7258271295646741,-4.129371318874664,0.9210531280479252,-2.3257281371310494,2.906144209008443,-2.1626790105145295,-1.510348630912759,0.658579762301144,1.5291449146157094,1.9308635374802572,-1.1718819268775131,1.535121739812652,0
2.4800143010041626,1.1873953925324772,0.38264790486457234,-2.983966079803773,-10.627687493633955,-1.115246536376814,-0.27831025587657626,-0.0168849513784306,-0.8730365638807903,1.0031577714594753,0.2808911266011715,0.5339162118573536,1.2275467502398552,-0.3720643253313259,5.6320413148299835,6.1603674522847225,1.202032615141317,0.5860515070744756,4.317098697378964,0.3720814786673863,0
0.7528519050257032,-0.32558236940446794,-1.1297396631084307,-3.1264587283942418,-2.2969967220336125,0.24048764946776105,0.28322495861071856,0.3934485791227309,1.470257707649773,0.3337658582918255,0.6741440051199892,1.4235362663149258,-0.7884265215840901,-0.9589282677146166,-0.6637115811075593,4.237121776049548,2.831289862816039,1.5871529095033925,3.9547508314805317,0.17536524065533415,1
0.9359450601495762,-0.1683179311391394,-1.0635708035749198,0.3248208161275079,7.702589541756941,0.3081283365365046,-0.07718027611369632,-0.5979912172776098,1.6125697235619991,0.835055225537195,-0.027402290866503937,-0.6275120689521023,0.9373552351600278,0.54286372035822,-5.656871256294697,-1.7643317936173089,2.811076704806256,2.4935011506975084,1.6970089590475832,-1.1405784894885544,1
2.8043200098984697,-1.8941109601265271,-0.5310584777684318,2.182859069414169,0.9412279191103052,0.6877638485617686,0.995302900529223,2.86319467145414,-2.623729437973261,1.5264715437210503,-0.3056320547856803,0.8882060122630325,1.177583268844246,0.8147307216216817,-1.1944934608722084,-5.298441356561426,-1.9200068732327513,1.3194859691735639,-2.9668331465517905,-0.05171279056027103,1
-2.907108885096635,-1.5185790099630916,-0.38502657676136276,-0.3819849553122363,-0.6943629526515145,-1.2551490672051577,-1.4660382014488722,2.2990581303195587,0.1786736725741537,-0.23096236782756963,1.7917822736133593,3.6374277403904283,-4.0552367387933215,-0.0001316862269378586,0.41076103119662655,1.6992685733689734,0.966989090984976,0.5723080057114506,3.262678430085948,0.7162624964685291,1
3.5930072415142567,-1.9015189969014785,-2.4799068666622324,-2.997910763666,0.3535723327923848,0.8049425736373473,-0.09734596889273273,-3.232091435051122,2.1163107054908807,-1.5627474750210886,-0.5946729871621685,-1.2707990484656926,0.8785513019384976,0.7787743079777819,-1.3452470534902456,4.534122768561705,2.346628957917188,-0.4942055181990701,-4.304312088647462,0.6248178230538752,0
3.4681878942934796,0.1084792151218279,-0.23058668241457025,-1.0445614648391708,-7.244531449088908,0.012575769600314235,0.8673944929979758,0.3878357543782436,-3.27361776233521,-2.3420415101540604,2.523373331399558,-1.5091945333227947,-0.9008826139975843,-1.6368018643107916,5.546737602993337,8.04600753879112,4.116970027990016,-0.8743893822930952,1.2988297710210341,1.2959278615737506,0
-0.9095239339120021,-3.184967960525827,-3.635049736228534,0.9581440576489946,-0.4272149212419114,0.7834681062089175,-0.6133636006232359,-2.387599942444341,3.3445571110001073,-2.833957891755195,1.5159451462942337,3.5192108565184728,3.8508812468917406,-0.8073800562841116,3.119511142441821,0.9249784250329917,-4.914927821708318,3.551029392396326,-6.679244100244029,0.03986420749158608,1
0.4425858935672571,-0.29412419011967894,-1.3804673561812766,2.7403828686660034,0.35279819950171537,-2.124027075878851,-0.6900125998145852,-0.9559616886987325,-1.0960762951198928,0.9590643308511798,1.092537833608303,1.2836533775455243,2.268562800201159,1.4658359786029627,2.27067517347588,-1.754098486463319,-2.4631545747108676,2.430142317681108,-1.0124296327993658,1.6785739643487572,1
3.0541772739386825,0.8919914510957484,-2.4663979293533598,-1.0392190565448975,2.3859478447564206,1.038727899914912,-1.2381611443354588,2.114472196289397,-1.5694717682624901,0.8624580039734595,1.8575908766496658,-2.3199045648467496,0.4654820042684311,0.9963884256430097,-3.364601628877801,2.14840474919997,2.9374244401789555,3.4175360349662136,3.9261417529908558,-0.14958531531737618,1
-0.08890288790997514,0.4436491819263767,2.9654126293344767,0.2529893082183938,-0.24277475281822442,0.1072858660965787,-0.29343140231331255,-2.0527926736875033,5.758631319986915,-0.17735469361587541,-1.5132794691577722,-0.09549271259898384,8.103165483119344,-0.399424780986017,1.7379573623592752,0.44836989463050547,-0.5080062961169143,4.653480550235327,2.8693438336349995,1.6779658369686972,0
4.473568373219729,-0.42269365499035016,-0.05858267884076995,-2.311556713279024,-4.746097826897037,-0.7877224332655192,0.22629226724343637,-1.86513793975052,1.6638847541342525,-2.5120733265898183,0.33516056653511783,0.1804541913281804,4.710802150309423,1.963552833543816,0.8811815239284709,0.9399881675806291,1.381449717421049,-0.36189109162974786,-4.658080736985547,-0.20820525798996595,0
-2.4891712154258654,3.7155873884564303,-3.860901680808455,4.500950389169475,7.8416007445888845,0.03990669451976115,-1.1427906949964008,0.21669403996091208,-8.813804220157031,0.38872310135976607,-1.7849439691918576,-3.2247667094273873,-8.955268901668287,-0.7668695251179117,-1.4811671072910002,0.6366454311615515,2.786228595095152,-2.5706450767471742,3.271834563849959,-0.24770719843449732,0
0.8213076282911829,0.2173340037458199,0.8944984740833153,2.3924804087979115,4.875310153126357,-0.8565019571194227,-0.7442433669555713,0.3964380571609729,2.063659305131868,-1.5689062359969417,1.371098813911922,-3.6320049300674984,6.688002649264338,-0.8257690954681581,-1.4889627503149034,-3.293455619749806,-2.911601513775761,3.3730621496393187,-3.1063501893275145,-0.14124182106853178,0
0.766848954827202,0.6312836924903596,0.7388533939193092,1.2074574150447976,0.5973195071261189,0.472953564713271,-0.31660344290307396,-3.912942284742913,1.7817943396200078,-1.7564298964807086,1.1490146960523997,1.1197766907612712,3.7919585293017795,2.0548098186386485,0.742315984281651,-2.318763801076157,0.6312655017227118,-0.5239471600271057,-3.4105045720504226,-0.23071097248482308,0
0.7491036422746713,1.5344724487691384,0.6901244901583918,4.481747854506381,5.435798000778747,-1.5060829104020683,-0.4177551249208164,0.4887033049924543,-4.112989393500891,1.8703031868252413,-0.7036563773150829,-4.420014638649801,-0.08938148607612276,-1.7710568023371822,0.17979248312454965,-1.2812541902247676,0.4488384407937225,0.8869127788419372,2.3555823805576024,0.7611923727015086,0
-0.29979786152609145,0.5395147504086997,-1.578245164232667,0.9903796665338258,-0.12780885914238604,-0.9544386262909633,0.5069157201363107,-1.14477103444158,-2.516544324769584,0.694328821009289,-0.5019919601812046,0.17120972177974658,-2.6198560861953033,-0.04020473453637896,1.7791200999253192,1.9853930510564235,0.6780205492588627,-0.6276410855747401,1.1127219078102168,-0.013283088959023663,0
-3.1051142065817827,2.419438798773698,-3.730313598321653,-0.9131861209826008,1.222832726520806,-0.05248268231071405,0.6362358284303241,-3.8520139893968186,1.106740339634122,-2.6780243878972394,2.6478842135570875,2.253903659086321,-1.7636543960015192,0.3473634035161247,-0.054256998357545605,3.2514412916702353,1.7334193990943603,0.11333882345610458,1.137556793740734,-0.438408888036707,1
0.09615697967099235,2.172616280181911,0.24961808251437811,0.9916147066681327,-0.04153629975615621,-1.1037585626023165,0.2595956466989539,2.2110171412165576,-3.793249734146168,1.578436122090163,0.8410412769616192,-0.802216483849362,-1.7773663644619029,0.773877173442822,-1.4256621934840372,-4.030989713475809,-0.6526144149471229,-1.5409266253774132,1.0287441484941169,-0.7176391376105407,1
-0.04328021154507211,-0.15884725412922784,-0.44741976867446875,0.4354622089714715,-0.04050068900949059,-0.04233189566021276,0.906834146372926,-0.8632716629380672,-1.5141063807120625,0.3283908737639025,-0.664700905151014,-0.36180533032356155,-2.1172096742152298,-1.4518347451684348,0.8718405858699486,0.7103785067276421,0.07835968059663756,-1.7699576855603003,-1.0299326012431924,0.4838411250264615,0
-3.4827424618058394,3.5828524604435756,-2.151207100899199,2.0593963890944833,4.292048749849903,0.9979543221425496,-0.4033147673217075,-5.0104694216022505,-0.3685067561699206,-1.0907273521515977,-1.0326426981220578,3.115718467127681,-1.7404208534685854,1.2116396256491668,-0.8713859270064107,-1.8755060515151853,2.4466223652797967,-0.8931095187095388,1.7477548365048026,-0.8660067089826261,1
-3.467158937255295,1.2227138266102882,-1.1371158749450232,1.7832053218122432,2.086509431941079,-1.3872865134308663,1.056730430775678,-1.5514747875668764,-1.2325293354178541,-1.7489660051621647,0.8982445728562294,-0.8353111410987606,-2.8186347068504065,1.436089346182016,1.8460654666640375,1.906160926107224,-0.815606766473784,-1.4205650712299738,-0.44248046013831566,-0.12050105822332462,0
0.9966650506405368,3.100680873017101,-2.5860741711846154,0.319058217669685,-3.20600799594194,-1.038540857035756,1.1127981956129065,0.08629907989789198,-5.931089778311437,-0.7624986645995435,-0.1693288571150473,0.16302774896808803,-3.424237988860091,-0.402833428474804,0.8085862680055651,-0.9491226651332078,0.8039014269563285,-3.309551110985607,-1.2830930604237747,-2.4775061186290164,0
-0.3403682461186237,0.5652856295821883,0.17594949898242151,-0.4334976363056031,-0.01677022830476285,-0.5076927701800915,-1.3409720359812798,1.7623904903890835,-0.30490830907443284,1.7839005881977594,1.3160994518504814,0.594392242584033,-0.4672714561515141,-1.6820672836977855,-1.3884009138723583,-1.2727476799287714,-0.08789434988157296,1.0791621715372282,3.1226924560819502,0.8609101045414628,1
-2.3794402531279113,1.0484586475584636,-1.4189779355809615,-3.041347410255884,1.6433917448905673,0.12555852247357793,-0.6984737582131462,-1.5713675916900267,4.406333742653259,-0.7982647486097436,0.4586004538776307,-0.4094322452679733,1.0100514942885321,-0.08127954801358575,-2.653183781591067,1.8924087456744254,-1.0582996049607587,1.2050252535381043,0.8334674765560294,1.0170655439701535,1
-0.39393003995990794,-2.429645152579903,1.8292584600561064,0.9741411259179558,3.968415644528228,0.9361535941282106,0.7005953972771274,2.2632386632204686,0.008796076650515534,3.1646474988916236,-1.0895134082734554,1.6758574258025227,-3.0751246431994024,0.12345755616914253,-2.610423646547355,-1.5699364148371038,2.6011477176174913,0.7972614013797662,4.378064946455444,-0.010556434880853317,1
2.598950891413908,0.8504273635412024,0.5164420751121614,3.023884269740474,5.616195307600313,0.24478461960349976,0.6121568069555516,0.9819174952932683,-0.36389343409457975,-2.3416311207121963,-2.9538234854006244,-5.117101138451639,5.785079659361643,-0.8988738108773296,-1.7631256366888284,-1.9998838087861734,0.007546748590304242,3.069617314911251,-2.262762453890588,1.2083232859472328,0
-3.4899691026808677,1.9362643191452498,1.571615329120255,0.72136490164823,-0.25011294461224565,-0.7372616763919608,2.2776889260309305,-0.03883910373665589,-3.186644702635249,4.2685054920380345,0.4675749124821571,0.03756915356741364,-7.500647641320594,1.8190771901958052,2.4276460354480474,4.5608384450015516,3.6341036074185356,-1.7009990228875522,10.804515342913836,-0.42343658317927757,0
0.15867645067442193,0.2530892104443714,-2.6497816297157586,3.8331744775539827,0.6925942780726743,0.8987267740136436,-0.6078099800296575,4.453443914063103,-8.37093698048956,2.347721826032029,0.7859928127031319,2.2194399831501705,-5.399856541413006,-0.13560123990088288,-0.8066210973264729,-6.980354657088092,-2.4916365647530645,-1.4547324361285123,-1.4974755990178963,-0.30639542708651957,1
2.315675137330349,-0.8011710623263361,-0.7632252558708748,0.9413368528128816,-0.7071500617240909,0.841632255765075,0.18421722953009348,-0.2758073016663475,-3.2345911763560116,-0.5332583052153355,-0.23186850662578992,0.4021975863756835,-2.2258699440059435,0.6099513873319773,0.9094935058552782,0.5241203955748044,2.490208041606814,-1.9505627563877355,-1.9334882296242628,-0.30234956633175064,0
0.07853914680995511,2.6884404417219114,-2.458645945938041,-0.8431657543321234,-3.1509818176882547,-0.6833810365201296,1.1086744199557241,0.05645067164794204,-2.1603637930591804,-0.3036753058533228,-0.13339032211162255,0.47058164016395454,-0.06971853135380614,1.423264921065661,0.4317969407058304,-0.5399774181329988,-1.3853278588166802,-0.19070281654808285,-0.09522286119766739,0.03084949275693916,1
-6.011776311296461,0.5707724887451362,-0.5359576205170533,-2.6362441123215015,-0.7794823699487247,0.3583340711969214,-2.1286491245185197,-1.0042641101517729,4.715759974811475,-1.3689303187263069,0.8185487164399984,2.989491240241753,-2.482278706846259,-1.8515868342905866,1.2390154899003847,6.697734335315949,1.3910289129352387,1.9763863435291353,6.986310732226988,-1.4264639114237452,0
-3.7760157756012562,0.7313696723890223,2.878153869412898,-0.47901676493851353,-2.995659784706624,-0.2870822031150092,-1.0418869324773683,-1.882610042879373,4.350106203399809,-0.5965253885068197,-0.7892465948861971,0.3074335227100746,2.42596560557103,0.08401019092435126,4.460532519379346,3.7745570894764082,-1.4441761935126407,1.1990629569874454,3.6426172191759623,-0.2671915656552882,0
2.706552625465169,-0.5181455468439105,-1.735406614021639,-0.5429153778809629,-2.2687015300095292,1.511673414185431,2.208046047543548,1.3226372298909088,-1.240904033210958,2.8048406832829222,0.9980841726036552,1.5793043753514546,1.3780277960066103,0.12540867947584441,-0.2648718155619073,-1.2481856436031014,-1.0033820302573786,2.6142227799463136,1.2518561938346284,-0.2552061344396246,1
-3.446377303349133,-0.3343339759574111,1.1316412025271738,0.7114448056343969,1.191539807502124,-0.588691699469274,-0.5137997527080349,1.1342957890830596,-0.9943362576866994,1.6609123575064975,-1.2687510076012833,-1.0292704923515543,-4.788569063993006,1.3727496662488734,1.2848082878246156,2.4321323219170643,-0.542015484921444,-1.287353425005426,3.6191411888863607,-0.6200229490767115,0
4.188596935690841,-0.4461980834610336,-1.9375097598803235,0.7140188559011795,2.471871366264173,-0.2802827130771807,-1.3806521701101395,-2.5866779930686086,-1.4168661337051083,0.8132286426783661,0.5251693132621684,-0.0637429540727319,1.197601279430044,0.41207113706602394,-1.829678404391339,-1.485759665391152,2.342398323657633,0.02888445729699418,-2.741540287929279,0.6051330157589494,0
-1.0682269945668987,-1.6777538842375153,0.4821745038777866,-0.8635320041283949,-2.1738109426356145,2.1482392019576406,-0.5868426795241861,-3.7448745378754307,4.909667475005955,-5.196598622458774,-2.0981874632712016,2.0589711087830613,3.62158409068292,-1.999986560310291,2.4058388279372096,0.6309627527122378,-1.6314181792923121,-1.4875531409378584,-7.8880102417461995,1.6826629146481138,0
-3.366665074828372,1.3109886611919142,-2.8785927626628203,0.5004865815525597,5.926883681917167,1.2959976706397898,0.576228719595626,-2.8023200717149703,2.2709221292773214,-2.3798435417525394,-1.7230460292912313,-0.3229663974305992,0.06688251803638157,-1.0084814272863163,-2.1943558378411403,0.5746016405398735,-0.8543402865484766,1.14107741634953,-1.2126413588536797,0.30596002443783654,1
3.724339215429519,-2.0704773059571506,-0.8791276303100034,-3.709218274082769,-7.111797467049422,0.5030892533366624,0.27509347694375413,2.544393743794745,3.9051484407543553,-0.9371460803457958,-0.50175776116972,0.2834759537949676,7.6903473960867865,-0.056506124659208005,1.2729598049742656,1.5156294188652868,-4.197016125727234,4.894738190107972,-2.8742119411983245,-0.7546043823932727,1
-1.2603164295224407,-0.13898987823077613,-2.8869942828986352,0.7676731184952545,-1.368901203194884,1.862869121400177,0.12466339340755687,0.3641110069548985,-6.17123302107582,-0.7937436363940072,-0.35166018383421516,1.6738776469544772,-9.130116263618625,1.0994637713956532,1.6379553147285852,2.0352256472506842,1.7342610323500893,-5.03055757542235,-1.541989241157661,1.2592837114361684,0
-3.329827014187398,-3.7790694334882104,-2.3397640432143234,-1.639048112148639,-0.49361021818560646,2.0064086377129366,1.2374645917335385,1.1959396527029837,-0.6840264224205901,-2.891713025348304,0.878654850180379,3.046163598556101,-9.117601811350175,1.5783426774972855,0.6885710330314001,5.301591604661506,1.4169765209790086,-3.7174094612507473,-2.5816996038558226,0.7947585224719341,0
-1.7766412433478855,3.0587819902191713,-3.0379662075027802,2.1938032832915306,1.2424582744778727,0.792740176305772,2.342857008287408,-2.0599086995860842,-0.8918545387466472,-3.5542102099689936,-1.0441871788640236,1.5167597501141419,2.1729615718312525,0.1447654911176404,0.7767586677060159,-1.9562170927684548,-1.1469606384150235,1.3120362204580922,-2.1085623156204,0.48731316305331607,1
-3.1937054933675166,-0.0803000620367198,0.7367817979405584,-0.07812535926426323,6.143883993249751,0.7200135318362517,-0.4076605785659349,-0.7947542279199569,2.422654226037505,-2.2089162424180486,-0.3515133767588989,0.3174756872105854,-3.1237459278463193,-0.8238613106230867,-3.097950252681352,2.2480697953652724,4.836291460156837,-0.45044946975192257,3.2021651858669067,-0.21952658244713985,1
-1.1078341934869305,-1.154472212084647,-2.5474068597921935,1.544746574267772,-0.6946930992300887,-0.16003867357934443,0.32548511232461763,-0.14659341699097572,-3.866417101327469,-2.792186305854388,-2.2484965344996555,2.9107029889359537,-5.9106908025373155,1.0995844643276695,2.345381586773487,2.214518912842632,2.187420824898043,-2.7131528984946165,-2.3764912231200035,-1.894581150472303,0
0.6048902756250069,0.957398340338528,-2.7166734047369974,-2.838073407834302,-3.7636094168956555,0.3820337057160107,-2.342478337665347,-2.393710827003784,0.029054602357673286,0.7680861125626963,-0.40602915441271537,0.4724965015215331,-1.0571787979152025,0.29967197733792633,1.251802344675021,4.015483280271792,-0.05881271366281471,-0.5050801989348719,0.5434016410201752,1.089272246931099,0
-1.681452419378361,1.8699699676022463,-1.174181231536963,-0.13750437233394286,2.9739401647937234,-2.4153632620785297,0.014655909870126726,-2.4201861797170743,2.1160690317493422,-0.5348723006456351,0.7322180730909948,1.8186858947332882,1.2278373089787327,-2.2295755741118772,-2.4327847310766426,-1.9154252523875728,0.7732897201908816,1.0577379014412496,1.0890381509672094,0.13814755636757584,1
-3.046958091595842,2.431055743428468,-1.0865614260503103,-0.8433599902084677,4.793265112546514,-1.2638715607337165,0.32638100784556046,-1.1606949139249678,1.2999503994569153,-0.9316090786432685,0.03889451623624384,0.7555874392692299,-2.5299174753135163,1.361037360932807,-3.97734736166728,0.5339901932897868,3.547352924955705,0.06237168697417117,4.32682649123739,-1.4899362046402225,1
2.539791841338487,-3.673487295666913,-3.4831544489593296,-2.8520876129506862,-0.36025398573573497,-0.6237160349163927,-0.31841685371830375,3.7140361036853733,-0.7260025527639221,3.445306146918938,0.8995987379794065,-0.4816101711934391,-2.9975961610888953,0.016036663013478343,-1.5813301325384863,5.456391020366906,-0.028608640344484515,3.6202287253379692,3.184090183373402,1.3435465066220513,1
2.173211516644379,-0.3854638295173026,-1.1761361940138937,0.48019785684247407,-1.1945987590402254,2.5032378050694883,0.02447966985191076,2.0025169483519045,-0.2631036322128675,0.7304237414995962,-0.6336398659105773,0.02424460576291443,4.102878047089838,-0.9626685344090254,0.0490581093240241,-2.067675314744784,-2.8552797228553133,3.6667039077619723,-0.8879754856488621,-0.3422451301467918,1
-6.865339081780641,1.2309038925960443,-2.308895968239828,-1.2338338167869747,-0.11716691684798516,-2.6055767556885328,0.11106747319563266,0.6388997835128642,-3.656352603225853,-0.9153791652746195,2.4417885853297707,1.124127891262459,-13.331661662675003,-1.7357339369476272,1.5623583740477045,7.992770473093175,3.228704406734199,-4.771708359374169,5.974285644418417,1.4832588848565909,0
1.5653963048357702,-0.48328072725286,-2.36667746408562,0.45555024532922594,-6.07327160828012,-0.32888949667080924,0.7193276018294383,1.7852122345715953,-5.877756172953786,-0.6554361930161321,0.4819678270528922,2.8017671762596197,-3.6872978163467782,0.16969315797128373,2.0860485945243394,-3.70740503647677,-2.791138035197432,-4.350527447644015,-6.859514989385455,0.502574774371437,1
-4.364035331414851,1.3407180635873892,-2.1139648802815847,-2.0056096712476696,2.1042460390255084,0.45517566986882435,-0.2422880981783884,1.288343362517037,0.8348120172977703,-3.141613221577812,1.3001765268131393,0.41903261153643734,-5.260697366911989,-0.5897592406671356,-1.2794901205002311,7.390431706320936,4.518070079153063,1.0734131075305617,6.724098582066761,-0.46262927659289066,0
0.8361976779528166,-3.1889480237139214,-0.8437788543601885,-2.1753295622579714,-1.5982426141762094,-1.1130641011871776,0.4330639467413191,-2.378486005804874,4.427102576024109,-3.9426227824204516,-0.47935394265608433,1.3184764590317628,1.948365577108906,-0.18643641582155404,1.6431361244799958,5.25004311626727,1.2588966050035664,0.5983125975952968,-4.258080838919927,0.41208346487146014,0
-1.4158778807140346,-3.6295603220655295,-0.06400629656952106,-2.193221537942164,1.085147236104141,-0.7472218322204848,0.5960086729861199,2.335465730070303,6.620922492324768,-3.1978248274789673,-0.6056556335106323,0.709768626789415,4.09117912853813,-0.46610819954417965,-1.7397905861538026,1.101108314950734,-3.2392429428784677,3.9324871052309773,-3.2676132803869824,1.2204763910810745,1
3.771258560957405,-4.22269970533255,-1.1208444969314668,5.271318369023448,4.569138004798382,0.2422911858023184,-0.4834781349943769,0.5543435646286867,-2.4236857587547482,0.058546036013891745,-0.7155127661227486,2.094813248546939,2.6875005354667523,-0.028489124510392892,-0.4873319679804684,-7.278153838568908,-2.0051544067379075,1.5955193851623042,-8.158719166702033,0.4003682894625609,1
0.3363719200408234,-2.741581444254001,1.2518759691694488,1.4086016970571413,4.705206841899512,-0.5638483318598599,-2.32542015413968,-0.1815156066917234,1.2305394950823758,2.8043535521659013,1.027959002257798,0.893550851887886,-0.391959498283517,-0.23731223419521827,-2.2340176011155344,-2.878458987853564,0.1777973693780064,0.6285657462986323,-0.0286946799146269,0.43737267417966835,1
-1.408077576504501,1.9897976899958294,-0.15936149067939953,-1.405337999733122,3.186732245523804,0.5505569328262319,-0.7673474859381645,0.30266221406416394,-0.3081700123745972,2.5581439067441063,-0.49564875287934046,1.3338204757363976,-3.8300581842231485,-1.1246556883329937,-4.904737055832809,-1.7238615988673671,3.550907326843849,-0.7805503803144715,5.856851248955671,2.0920985716179086,1
-0.6635014254887563,-2.097775540156651,-0.37598984567026095,3.006251938239745,-0.920952649234878,1.512067949141453,-0.15389777398563528,3.102148728164969,-5.072512392806178,3.0259127794203042,0.17306764857055348,4.203678823095169,-5.583337566785545,-0.5394297937784186,1.7884389030003738,-2.7964303911195905,-0.28287311327015574,-0.7086801986807254,1.7601760914169773,0.6039170414833746,1
0.940827417420161,-0.17210234452480833,0.301712417850887,-1.4664196846146877,-2.3031219755293417,2.1173241443709534,-0.4112604304834836,-0.9016144385552121,1.928085357484964,-0.6653884357152795,-1.89203357248567,1.6798269976432763,2.5452869011705617,0.14561699682689136,-0.881555502999249,-3.1269105822912997,-1.4780243047633976,-0.9312703025730982,-3.861013010193627,-1.560170825129944,0
-2.7009393699371063,-1.1796164819709944,-0.3200377647234385,-1.1898897574736391,0.16651724177565672,0.047672894622295944,-1.6465113866019412,4.479154417651686,0.508589513976082,-1.916537599156114,-0.8038246482427452,0.8316074097009957,-3.129977661776172,0.4300891561717522,-1.1486050070405307,2.3284166337009577,0.37288912770006355,1.083929970179284,2.4385530921782097,1.2814953992534124,1
1.1891715191863286,3.4860998062351345,2.560265229345207,3.082570528021471,4.414461917828894,0.6742483084247656,1.5163474657991973,-1.7683694889533461,2.669573191876693,1.2993053107720693,0.2909134015923317,-2.315813156319493,9.540191155509945,0.7184902973171294,-0.7583567142945524,-3.4475931323415834,0.6801156979225099,6.178106184060987,5.461602730814362,0.11126851916748945,0
-0.6528403493226069,1.1966805036065034,-0.7685663275414713,2.0459955442077957,-0.022950291643768456,-0.4347349681241913,-1.4951975873031558,2.2372418966667413,-3.2294034567079315,1.1090152514559515,-0.007708651482244078,0.6346561639383883,-1.0713088491764962,0.00806675941113609,0.7258909119257699,-1.6384728465803544,-0.7637395305614153,1.3657333773053058,2.7387340425786872,0.6055439825855826,1
-5.011811719142018,1.7842557166802657,-0.12297066089344966,-1.3600048686985717,1.9241324214373998,-1.383467312455986,-0.12184561131103523,-0.7257717081689392,1.5109217272540938,-1.8964170379046288,-0.43629019099415695,1.5955105012001038,-4.606743723560725,0.26525702358040226,-1.5951692483774056,2.262408884321042,2.713712924123179,-1.7967891596850754,3.8480201868923816,0.4766135070198144,1
-0.147664322612427,0.810024128147544,-0.559265979440753,-2.391820212006426,-4.0378784047440845,-0.2686216239380642,-1.0886348430590387,-1.881359879698004,1.4816313915908206,0.5911500472723226,-0.4871671830291446,-1.3137419162358444,0.7595022433072338,2.8013729896349786,2.927481037870496,5.547104362830796,-0.7838778322611766,0.5150249203028643,2.0304626199481426,0.38864724603331074,0
-0.29619315926304646,2.1836623290896684,-0.06421576846399457,1.568368665799677,4.722508395223245,1.1738420203667024,-1.051547558340161,-0.7203137217474256,1.6625026063704047,-2.1320258308955546,-0.05158125721557804,-1.5792803405619544,4.368798877243874,-0.9777544010420482,-1.9571661197117396,-1.0264088147699277,1.3631916229108743,3.346311491414556,1.6330453453307152,-0.5850631713965992,0
0.4193245134694923,-0.8149512754918415,-3.1783362206203885,-1.7291994216388855,3.0001142183534237,0.015784773360650053,-0.40446228792410366,-3.655525918866281,4.289518156996983,-0.8566333405114988,-1.694039281225405,0.5570394617692992,2.7134766179221286,-1.312912976758239,-1.4870814475500225,3.7174032087771103,0.8214411045530736,3.491246721432125,-0.24103012872287943,-1.1315053013521625,1
-0.46786761138469,0.9916032101690404,1.1501754036209233,1.8171165027304954,0.23469942816219863,-0.8850286322627987,0.10507597120829498,-2.205891918102794,-1.0840111130716945,-1.0663858546156528,-1.007962234913638,-0.7519214824608657,-0.35532040054353975,-1.5050658569037048,2.357458825609287,0.7347268385370406,1.3820258614344851,-1.8376622077233025,-0.4084776667039599,-0.7718903751859546,0
2.905193305385616,1.083168984869903,-2.175782381692718,-0.7201071816907565,-6.548929644801675,-0.09326066554176463,-0.4050110714506975,1.7794014833548557,-3.642493555478455,-0.7966849673834646,-0.35312018000244655,0.8592065059841851,1.2537734875537874,0.1294216768153004,1.5879024576545029,-2.3214637840683148,-2.678923768334262,-0.8301843736021466,-4.222494580487758,1.1722749596080682,1
-0.21913220641157327,-2.377225529239203,-0.4048253343800856,-4.130065859732122,-4.500927987847935,0.1817812325871601,0.2944189776840481,-0.10191414896435991,2.902556797206891,-0.3635522461396452,-0.26257565931562216,0.39443442728742284,-1.7744485012316973,0.3736534056211483,2.041878374520954,7.68722228861173,0.7469830154636069,0.021644798402425947,1.3266920502932038,-0.68015236575182,0
-1.3468997555213607,1.0703210258720142,-1.2717036372400958,-0.07368097972712606,0.7081734787957343,0.4423362599761972,1.25215903696611,0.7716757865986243,-0.8689206168957784,0.08858019385829241,-0.36671766857603316,-0.0942543899847339,-1.7645904775922365,-0.12296894663436952,-0.10846103626299708,2.149218886646079,0.8606364512323053,1.1757498618062217,3.5289434290526005,0.7836604742267077,1
2.3980492191335365,-4.143694213440673,1.328915585195599,0.29827296143404547,5.967977646119396,0.4522743776485788,1.6756362938455622,-2.9900356747157986,6.332518512628828,1.937015274494911,0.40848533814647014,0.2363039070619769,5.921327025126658,-0.19399479256662508,-2.845328050759285,-1.982635146320983,-0.3456046831120344,3.6439372191178148,-2.5656228809825206,0.336903263976616,1
1.6318617938275868,-0.67860225120341,-2.0496890656550706,-0.9779070831365935,-1.6550185093791652,0.9780029759984087,1.2705292241471429,2.900475387105941,-2.095279287505749,2.2020335750634787,-0.6362568349860365,1.1732950438702217,-0.7826246120893956,-0.34463483700815617,-2.1486571015633644,-3.73124190606751,-2.9921286261446385,0.29096184740905806,-1.9131628924071835,1.601992654613413,1
-0.020215699426578748,-1.2274607081847149,-2.619969470434194,2.5972826648872633,0.14028579883069633,-1.2043298271789604,2.0565858207075958,2.311227662609201,-5.465922583042215,2.169275024183287,0.6561162018602708,3.5244818149926407,-4.743429706920882,-0.4708498301222839,-0.0037313382374711823,-4.566028201175943,-1.9210551558493276,-1.0571620191882873,-1.8209740796157214,0.2733112495851642,1
2.4075211544051447,-1.0975806320501214,-3.154826623073003,0.8347512167258506,-0.045911378702160735,-0.6553275232007943,0.1949677059907586,0.10559134559484828,-6.019761889372283,-2.2387642136111454,-1.0581464312944115,0.24515599944303124,-6.614547762756996,-0.552924016236234,0.76312596634964,3.4711857687543786,4.797790900680392,-3.6178075320251253,-2.7564573708601343,0.07321945031246505,0
-3.496216660482346,-0.5655106309832061,-1.5651738448932149,-0.525159698141815,1.0728506137635878,0.5627198600820792,-0.9780742626635524,-0.7822176642357025,1.7399274247168124,0.17193101325324056,0.7947740384603357,4.317876710200849,-2.7240223244832467,0.07237551561489243,-0.7071527391300512,0.10887008020121387,-0.04232063738065395,0.5977947514586135,1.8664564660752845,-0.2786647714245878,1
-0.5017334150985875,1.2568756610497869,1.5709133442265157,2.4298067222641517,2.6969318021161346,0.20485730021769077,-0.9205832258364774,-1.1280296719950396,-0.3123046180601826,1.4750197820879407,-1.5702366540818447,-1.2677814474290163,1.5308658992740862,1.5162884505560141,0.4263054544165392,-1.845566230675701,-0.09950782216840381,0.7354252867103447,2.027182467312063,-0.7043603242208816,0
1.3159081759374085,1.7579539290638806,-3.66531854866817,-1.2655898132956067,-2.54166645223157,-1.7782027275658474,-0.2368520491221783,-0.6482291798704207,0.24592925535993396,-1.9478853814550101,-0.9203586163069252,-0.16527648129239303,3.836792831820627,-0.13419768928545298,0.5191099162558801,1.0245985088234444,-2.2322512548843,2.6976675394900123,-2.056031358451907,0.5339807974186639,1
1.0619799951954167,0.23366606202402374,2.1376373143500853,2.1697129505644948,6.077374892311525,-1.8689740758268762,-0.07229265971448583,2.9410425127554705,1.087140955896303,2.131352639155667,-0.731859209858064,-4.2452410477575615,4.866014473688158,-0.9911942176245544,-3.2870517500644736,-3.4675827688233,-1.4835973535758002,4.587454943793428,2.86369042722613,-0.09259939526839295,0
3.3236592741674293,-1.5216567179850546,-0.1700467589583987,0.17268928021588015,-1.720761349959631,-0.6008296390959147,0.7796961821794943,-0.7496009330536069,1.3794112148068216,-2.3035226207110386,-0.8727849535276425,3.1046709081595876,4.322822322843033,-0.06015449940512768,0.23729359016542484,-1.7277291236301309,1.9329731021898762,1.6533127888586523,-3.306597261722197,0.06578468947474944,0
-0.3021043229265652,-1.0266388910296749,0.6973430320964396,-5.388211267764934,-5.6923223424392555,1.2625774069641502,-0.05750296879491637,-1.0152594679650748,6.098946591119437,1.3521118788708795,-0.6638331028256903,1.4795704082861991,2.992822940352219,-0.47548474118944284,0.21346630446460346,2.4021624709826908,-2.711144487520785,1.0180632204693238,0.4423818735598216,1.2979165056607622,0
0.04067534881155388,0.3364883655598594,-2.441745411423841,-0.1498162054714378,0.29759407550215045,0.38416017796747753,0.0005393626288786419,0.6660212637753498,-0.31141299910733866,0.35587047933329363,-0.1045513885685264,0.09697511683681115,0.901510581161846,0.3029623074987311,-0.5762456618842013,-0.23569094985695802,-2.153748197582168,2.1950903018401586,-0.18666577013066135,-1.5207215296341199,1
1.4319056024439134,-0.16688303017398964,0.7472253179884394,1.2046097955159678,1.0368459421943441,-0.2785847237567147,0.35303924841500095,-1.2768060878349714,0.586923299412971,-2.7140665202344527,-0.2596868634410691,-1.7265136349058559,2.740135349319273,0.09741734306431274,1.2619054442372672,1.596456162397149,1.7508375565014966,0.5029918430452258,-1.8719627617084857,2.8425937280104594,0
2.15871480684354,-0.02037519227918938,0.4051612367174551,0.19324620492890454,-0.5789554390566944,0.12437612230092951,1.598110895751759,-2.160413770198285,1.937347244890261,-0.73486579915592,-1.4168235279491899,0.7642228891641325,4.951750912001296,0.21671964212288297,-0.031291261018224326,-2.677354817304752,-0.5465432379874284,0.8496238392005346,-3.333312969437856,0.9224811702331092,0
0.5776357704272874,0.7183576736063341,0.04089159793914521,0.7793147826006508,4.7508259516111275,1.024773800665011,0.9089374968885997,0.2195387684430743,3.8145077707974533,-3.7914506193072737,-1.057251462020103,-2.344329892563486,7.20725292424763,-0.9970603273632621,-2.7879253606776575,-1.6048065405531846,-0.46968141591325097,4.355711175961904,-1.9867627976023328,-0.27695909422716564,0
-2.162411634411412,-0.5123958406581426,-3.077345015832,1.0372005248338483,0.48486190032686954,-0.12049741389935952,-1.8559332871884366,-0.08102378313194036,-4.526441050975937,-0.7344331436431276,-1.1063441570771089,2.5265455466274096,-8.090942701053592,0.4862873047408947,0.6601014318922662,0.8254917403595367,0.9078499125176274,-3.8560758426986133,-1.7389851284163431,-0.5902146122004895,0
-1.182031313425337,2.3965526662623486,0.21176071214781222,-1.7697838960087013,-0.21740914255214805,0.2839278876047216,-0.577004439727203,-0.8117038071469169,2.6288794422920976,0.8117440164543693,-0.604029885474771,-0.3650404316263174,1.8171357263880443,-1.3268775593670228,-0.27024704279457257,3.695357075483332,2.163432455185464,3.2466141601131016,7.460079277932282,-0.012276533502175885,1
-0.14915368440458998,1.4507201101765794,0.42252250073636244,3.09789237235746,3.657379916100728,1.1568039489134727,1.1262381884363837,-0.6377371789838195,-3.9951186601832145,2.0537846105181896,0.7678436946681114,-1.7905628776478508,-2.8178008822283367,-0.24039847568841113,-0.14886437832959332,-1.8024405057365902,1.2301120797759522,-1.7215232132637452,1.6789360093060983,0.16681605951827747,0
-0.39828165197815646,-1.5649242156758154,0.9427068930420919,0.26149383329482334,-1.2212317244163127,-0.9844130461752121,-3.2325654325124336,0.3619789685387944,-0.13407046036579634,-1.8181281168330319,-1.0002705227767883,-0.8131613806342601,-1.4881434477811695,1.5083107487475504,2.6992986387922056,3.8656226380709042,0.9588738177319879,-1.0215420627364569,-0.7096256214080121,-0.5382371300747893,0
-1.7368367283725314,3.0484467918683364,0.03402571645205121,2.156367389803087,1.9278127677798478,0.9386110786254933,0.5040938319439419,-1.0968699628554752,-0.4802581527483012,-2.3624433491031835,0.31912084186854134,-0.5763078821705869,1.9984370123672885,0.15364912929661892,0.1907083712041382,-2.26408453320975,-0.25396919559034425,0.2571367010321337,-0.2185776380879779,1.3351046172686238,1
3.07155760806948,-1.0000993743699893,-1.9303140684869535,-4.080259871793844,1.0666400724251521,-0.3812372872728735,-0.20716168909404023,-4.812893063488778,5.707540488971664,-0.39473828208153705,1.2950071499384181,-2.037210211030038,4.958694750112194,1.270088025254897,-2.5564008962645404,2.9468994227229452,-0.30826288070936503,1.216233185493984,-4.255545238570113,0.5915710184530977,0
-1.4758247941928937,1.5295201930772153,-1.201009987130419,-3.220510851319799,2.1932462293851134,-1.2159378179759015,-0.24581912671105752,-2.7838511207033196,3.90964597385688,-2.1540075263065903,-1.8255121089847097,-1.6956697134313279,0.14741180525634412,-0.6838602033464366,-2.3201473794596525,4.9771195521114135,2.549326070115067,0.25992655473587856,1.7722628326113978,0.2898300418707116,1
1.2074374795985416,-0.7907088477771997,-0.48256155581141846,-1.3280778418124384,-4.5110306304024945,0.22848217771819174,-0.08616210409949455,-0.8030090965304924,0.5119597470872277,-0.17594019239576808,-0.9465645185278149,2.3465197081820652,0.5522437944615657,-0.5630810770523736,2.397427813584574,2.2942368538660016,0.8244969190666741,0.365643941915091,0.19851097896689185,-0.06213606646930852,0
2.0544509270866462,-1.5284465986145204,-0.7791261850384266,0.6191845934295612,-0.574114093310335,0.13480142329020342,-0.01833806663370996,1.00735069204512,-1.624849677420883,1.0151398117156958,-0.10861665493834241,1.8434144960402405,-0.02441908594959189,-0.11741030034486948,-0.9187223128084931,-3.9727562067338877,-1.234420216549941,-0.49315303999241467,-3.484107317761712,-1.2255347222149022,1
1.260306210250417,1.2107806893451882,1.4127904308872674,0.8692536048005126,-7.938222576835318,0.07488758437155775,-1.2465619661594265,1.4126176173654694,-3.7121751936110754,-1.7889904591881223,-0.7411626686348293,1.5414078719633189,-0.05027505820330013,-1.631067625194979,5.3162732693397015,0.539437812242442,0.9885641051400724,-1.8398027988980052,-0.013845191338307078,0.3899455993834367,0
-4.357654208491455,4.528394231776376,-0.05347796389185211,0.4841793870973399,6.3954736239558345,-0.01161011445504353,-1.2841982109111607,-3.7008598852786103,2.5920172393948957,-3.498787266625811,1.5895633328625773,-0.20496166870829113,0.21959820042473308,-0.5635531812487009,-3.649177906973217,-1.3349650771173476,3.169389566826829,-0.8659380264875713,2.032474582708726,0.8742401692332417,1
1.5523227788050398,2.020762198941331,1.4966391492262106,4.042667913349799,-0.7714477400453854,1.8068588841465116,1.4939281436421976,2.1899955143142646,-7.074920618002416,1.1440126865546798,2.426178003841775,-0.5002506480089803,-1.7898238342033663,-0.3306586623763318,0.7841488956175295,-6.859687211052147,-0.24641958263157315,-3.382655116379439,-1.5822172186312977,2.5083062730565633,1
-1.010261530967457,-3.5600345757686505,-0.969135304287579,2.1307792733314224,7.2323726819001415,0.9497003842778697,0.2744683356365649,0.9983386096912622,0.5720780387483247,2.2159727481263887,-2.4301223757273562,2.59546158582366,-2.8355786878198646,-1.196515048150933,-2.923993667437344,-1.091645884389917,1.5538486144366321,2.696068823905945,2.2868358925013004,-0.41343880237651026,1
1.0363468040898582,3.975116037029784,0.39925429104519117,3.7443076891458196,1.7404755345961087,-1.527580941355759,1.209369178334763,-4.862079469814444,-2.057671408495765,-0.22457921063420105,-0.45335345010058814,-0.9617633382093926,3.168466334181292,-0.6662633863607912,2.634557058054459,-0.5934092579745599,3.066501140402742,0.5137001587222447,2.333519186646216,0.005457844281313952,0
2.931542820685868,-0.20897586047572225,-1.0096076262086158,-3.7308740783698853,-2.095894407159427,0.3588480726789188,1.1888062411931566,-2.956909845181184,3.9308454494089142,2.012342692983982,-0.8557425799515072,-0.41033611587993457,4.229656648698687,-0.6650459180031121,-1.0434295768342534,2.115687182164916,-0.3364356882040631,1.9897709249972992,0.09093215134035595,0.28815004154025464,0
0.9538770627995857,-1.125747580467971,-0.6975323699539153,4.456846416089947,1.0371542362336494,-1.1001424162710358,0.9392028516620472,4.441974359044146,-6.903233957323307,2.6655541621546583,-0.16128543366114506,2.192326579392235,-3.515158995643103,-0.6712110751338888,-0.11059286740757346,-6.921252877147137,-1.8134606072379573,-0.46735161148435966,-1.0506970779302676,0.4591613159785581,1
-0.5559203977630109,1.9523604753914046,-0.07289457531498011,4.102161940959935,4.583515557997635,-0.4773448584438344,-0.5966236939834492,0.7349150446843051,-5.506004910516403,2.5401747385460482,0.7002219112822892,-4.380987568161323,-3.35216341698421,-2.3775698299271024,1.1936030210729207,1.2699752236517072,0.9201046174742686,0.10973972918629094,4.693606611691449,-1.242419673832412,0
-2.5491853442879266,-3.352500290520692,0.10294669017223579,-4.26580432844565,-3.3622613656676936,-0.21048803053703335,0.684104990934741,4.63110320049601,3.0163454836358445,-0.18995350443444947,1.3114808189602953,1.9472986731593793,-3.9017726121761394,0.1345832848122468,-0.3149241208457989,5.544895924347004,-0.2357769893578905,1.1900728995071446,3.541481357180295,-0.9899153130235488,1
-1.2124455168088717,0.37424245063346184,-0.9675045019474591,1.3403681249597992,5.409831506499041,0.13551800279179543,-0.2227482131520212,2.434056539562665,-1.5098275011955282,-1.4620384360649727,0.011651707685245566,-3.301736689720499,-1.8792465752258591,0.3689172029082467,-2.429677361631622,0.7621930279421809,0.3715715282699108,0.7808190345862039,0.6101702858763927,0.17041541759311193,0
0.9535138532710907,-2.0082283312345544,-0.6544958362345918,1.0876783122840896,1.355806358599872,-2.0200564145232254,0.5881379513426598,-0.1324934796376398,1.098864633727237,0.5376978003204168,-0.0072556984656611655,1.5819266565687768,1.8747197522043075,-1.310645784304373,0.44003390056257374,0.15755635022678788,0.03445036104142174,3.060196566052909,0.23920998574852992,1.2359432022281034,1
3.2073782030855145,-1.1184903017698626,-0.7832769637056358,2.0780442048397525,-2.720172751349804,0.7002098475187655,-0.9501525300518723,0.7430613028018973,-4.062173316968724,0.646000395049033,0.707791614155018,2.5417622834707316,0.5134089084535657,0.10607257638683829,0.5804127180262726,-7.2890485158909115,-2.771480212775699,-2.3398249461510017,-7.310636213687644,-1.124165984761934,1
-0.15259225363784967,-0.42595875919839243,0.5897377945393585,0.75294527880913,-0.3784841088160966,0.7641582999318943,0.7903490086922889,-3.279784204455693,3.1943964416152646,-3.984945280671377,-0.5246687805653643,0.1852208014633634,4.529813231690775,0.169597676394935,2.4342504627549166,0.6414719446931378,-0.7662201977505898,0.2011536466294006,-4.955794108735684,2.105856344363327,0
-1.4101616645312491,-0.7390526127182144,0.03246781177647351,0.1666401810526491,0.11594634267895307,0.9559380601783107,1.9435840873775632,-1.1029263778653722,-0.5187935212074524,-2.8577022925066893,0.2879196212460003,0.31649227837613747,-3.2531065828997803,0.05545333515769916,0.9721512785392192,1.508166056825972,1.1720585943949478,-3.5829150846624147,-3.408813828678399,1.585679173100759,0
1.0230810387945264,0.025523807403422527,-4.478251482138848,2.4152599662513285,1.2661301120248765,1.7441031844659785,-0.2137702480623489,1.6133802497161227,-3.813625370664182,-0.46526216914248075,-0.3591316281088747,1.5803510306792985,-0.048455572514144556,-1.0033018309754966,-0.09835075022146011,-2.1666379187191094,-1.8866277841825612,2.7293824537309117,-1.9441580166575245,-0.8463983057776877,1
-3.3370686578473103,1.0479189683070307,-0.8801947337041302,2.2072056167692935,1.70581192355337,0.7515632254021709,0.7833847241542399,1.2576045010337813,-2.240780719611608,-2.810008747736675,1.9473284869042828,1.7617602821860026,-3.578996342080165,-0.5803550028527311,0.7860821825709883,0.4487728334134897,1.6854503861209786,-0.3896866051610839,1.702967248261315,1.9933835005824139,1
-2.5564766498422653,1.0829948312713447,0.2872202127603023,-0.20428032074481473,-3.1465909649687713,0.809846061119427,-0.14842940106418565,-0.7060684304111832,1.3953861740603901,-1.956484785563099,0.5858129835546556,3.6019671486038933,0.5638776340696064,0.8247017407860974,1.997262709832035,-0.41051635199126124,-0.28341021433806945,-0.007902525041318498,0.6711070171273714,-0.2308489679037105,1
-3.354038652449494,2.8526648894267668,-0.374306895880931,-0.4514649537393427,-0.9639669351001945,0.24107607880329518,-0.18707426992272058,-2.6262278190749764,2.4247924872820406,-4.375092706062021,-0.22836079265763917,0.1828381286473777,0.957449809347069,0.8324005385905596,3.21013797958359,6.947653973728613,3.2976649928885844,1.7171425367381934,4.742159673246727,0.263819085679341,0
2.2838323242187286,-1.6682429677402775,-0.4817615528162469,-0.45844359101799514,0.2515756595770644,-0.9463138227477965,1.1748140575856918,2.8637369085233946,-1.903521664928819,0.13835528370670158,-0.3277950558774631,-0.5942700547581146,-1.2336499541783446,-1.8789809447538273,-2.5473249399945637,-2.761980105181769,-0.6971645019909929,-1.3498558704153365,-3.8053621160904285,-0.10069587281717703,1
-0.576934470270703,0.04004460624698192,1.673916747632424,0.5893330824014917,-2.2006983299477896,-0.6390653328320162,0.9820109861215902,-2.2624190455172704,1.0530188243767096,-2.773482080579085,-1.3306490830206263,-0.8399237352134727,1.2504156193681852,-0.43077160868038405,4.049636915990579,3.2521625682933464,0.7190949924215446,-1.3719466898309034,-1.6047719533610059,0.12077046555136169,0
0.7686683466813422,1.7569051763246908,-0.14885881957970892,2.328123699706297,6.664565984923445,-0.3159639513526983,-2.2199890875563764,0.7187416450578239,0.7829196193018876,-0.9054331440812957,0.8209085211691072,-3.2171137005616806,5.2032634905857975,0.9465513614234737,-3.6710046603832227,-3.8289771439376166,-0.6644395157660117,3.7926356152425424,-0.06045771109644405,-0.5869226054450949,0
1.0071067495520887,-4.0548210902927,0.29661824606645193,-1.539100237005929,-2.1389600525788985,0.33607541250534645,0.5001128296208667,-0.170046530474798,3.0213196470599364,-0.612852310256505,0.8844424373817379,4.835810076093989,0.2456942171275681,0.49955890824920274,-0.018850049662014312,-0.2722066699084948,0.9287692509792612,0.13880346316212488,-2.75339178116288,0.8353334353648353,0
-3.0546888361785896,-2.265777726034853,-0.7035946497899728,-1.248067955427568,3.299097534284657,-0.5297782520307184,-0.6903381233439047,0.9270517417090682,3.7492565581262527,-0.9795469365173769,0.5712830531642964,1.9707834809229197,-1.6020778797231385,-1.7961977553345514,-2.342941611547775,1.51977777095561,-0.02018490783945981,1.7058026707493483,0.9753608115154119,1.3011298521785726,1
-1.6445385026816193,0.9392041560136852,1.8098341378199614,0.743299072509835,-1.4862578228837435,0.41732930166043963,0.52423017995203,-3.808836459346347,2.8309478816544993,-0.8429107465067747,0.46446746972355973,1.1714914353827957,3.132416204483607,2.170452178944556,3.090889482660739,-0.12301354556794425,-0.9002436731288157,-0.27667794881565144,-0.5709485168714091,-0.15308373300965544,0
3.666166216773182,-0.36857832626500375,-0.3918451574634384,-1.6886477514553224,-3.9098843336198366,0.3093904424598202,1.6123115279035483,-0.2495862631964576,1.4043754313332903,-0.4143953676343559,-0.4564956095040957,0.41897468554629835,5.315208069245884,1.1974885400381745,-0.2239544434427464,-2.509969417922308,-2.157511272966539,0.9137798694849527,-4.575906966506822,1.048794439671241,1
1.740194013255659,-1.4998328230898008,1.1292971389312125,0.8980790912110518,2.6854963228180284,0.9403696886232976,-1.5492024451478383,0.10431609843944711,0.813040549331428,0.43492430878418153,1.1932422751414316,-0.2648036465919672,1.879258936857395,1.5042129006852296,-2.0253017524465813,-3.301811356995666,0.07857154422962087,0.18009963286771413,-2.5176666691886758,2.27409356914324,1
0.4166586753843389,1.3468378152194567,1.906010260920183,0.2851386860685312,-1.247542460874267,-1.6730840125057405,-0.5815807632272181,-0.4274061631202717,0.9682378488539667,1.3962435399729318,-1.812727965073143,-1.3022695927077352,3.630500071502958,-0.8555276879406237,0.7376484771764141,-2.083204245759513,-2.0137076926556485,0.7370856784419337,0.6533147581148725,0.9610934572320835,0
-6.0176669879312685,-1.3757822144746048,-0.2728619232396665,-3.2578912257746406,-0.47980373657622666,-1.0105906031585945,-0.254374417026562,0.5999802367939138,5.978164016320826,-2.5442195751818812,0.14805741389081464,2.3464629852010916,-1.828303037149801,0.7368371241051792,0.014302165215985707,4.860826885138256,-1.5307435280506145,1.236518669076566,2.085678479214206,-0.983103147144149,0
-1.7923099513784888,0.4928410072645667,-1.3420993412109663,2.07596725142177,8.363185752712392,0.4396697222730237,0.9038914006360014,5.629255214871767,-5.800583958895504,3.560440600028665,0.7762935907473222,-4.364262829568469,-8.51451243292164,-0.8859349254651108,-4.197519204929766,2.3098995499662514,2.8303490939830356,1.1252618160930694,8.735226104769087,1.209893960019104,0
1.6874374713345952,-2.8379154959374575,-4.640415522439212,-0.8985291765761276,3.0460737700359157,2.44125584526534,0.6095098962124401,-1.8882003594980206,-2.9315748135419097,-3.144131668675637,0.8290984400183357,0.08386675516044584,-7.271297191440232,1.917287968605754,-1.6785202961873829,4.6445848517938675,4.2276547757975225,-4.262469744694746,-6.2255171291539595,-1.0325332762094106,0
2.38491913421836,1.027136957863752,0.5095909749588339,-0.552601759541289,2.935028432101267,-0.04128077339237078,1.71511821817878,-0.9344976717573086,2.1750700683155446,0.29272256901673677,-0.3315937789315457,-0.3560979022338946,4.223326155943384,0.08220292626279659,-3.8145964697644126,-2.5024894653980807,2.532289472760642,2.211001031907336,1.2466388018556742,-1.2766182002446613,1
1.8590284951591358,-0.8877669059284083,0.6873140606713966,-1.397750364144356,-2.6436902655662657,-0.9329484701730206,-0.6277549867574896,-0.11801235633558105,3.5950245773723215,1.6156728308052157,-0.48763907349858004,2.0232989421388545,5.751646709900454,-0.35067339365859646,-0.19733296319498783,-2.2352813173190915,-2.0791353443204663,3.429595842552816,0.062211163354167154,-0.5402855278956832,1
1.938054106938515,2.553256901913073,0.9601300523264449,-0.3728438582689373,-2.5316111061332363,-1.8897034836215454,-0.421130234801084,-2.7191322680059127,1.5484377588672296,2.4520926026632277,0.45722481194934367,0.7982567913323172,6.354141571909254,0.4479307327729469,-0.689336224556222,-6.825243725929636,-3.444054783008646,0.2719734120578965,-2.181157931770974,1.2813833981236349,0
-2.8133034188671946,2.846686372864166,-3.5598181304304606,0.1076355435540357,5.386975610115263,-1.269923087327547,1.196133717091107,-2.0073360224385137,-2.428816507276471,0.4507997411851794,-0.33890854567583373,0.3709043280214035,-6.530843079725562,-0.6132538146500716,-2.8090887537808604,2.984588466972676,4.563048911735977,-0.7912126565120461,5.633735601741483,-1.438426718775404,1
-2.6021980113287833,3.728995297393025,-0.4784416519669139,0.45179305324921026,0.21358863238190032,-0.07493757172372349,0.02884889479318494,-2.4996038613395095,-0.5691889823116797,-2.4646307518861357,-0.20313204632342813,2.841313629669057,-1.776715045442494,-0.3049812998483304,0.11599863209492334,0.420198472607527,4.5680359671965896,-1.1841600879231855,3.797525120078054,-0.34001979062345705,1
3.820924292865958,-6.041429699043533,2.3078543689645663,5.592630132005182,7.748976351528626,-0.8250972999455244,0.046461273154189575,0.3511298049294421,0.05015920651399379,2.328907813263619,1.5440926635240455,2.3470942306602076,2.8252550355203754,0.07788572698067482,-2.333370543333178,-8.653700195421422,0.15658041787194632,1.6349759926980794,-5.695371218682392,-0.9900137139031391,1
5.3646535301951745,-0.827060219406331,-2.9785233929318684,3.668726228184151,-4.7474794237817335,-0.65079365506846,-0.7581638194999278,2.065601782584975,-6.58519001358482,-0.8435531821503575,0.16769153485956126,1.0591380143914837,3.9333079420640638,-0.22878434391938154,2.5626957481393866,-8.91431756469233,-6.92561273152842,-0.7545879684293264,-12.281804020876107,-0.2665473042807473,1
3.6729539196446,-0.7972972899924626,-2.7512101021141406,-0.7532883291962977,1.1448977896328567,0.034393795307583075,-0.6422324784439893,-4.2602262862698295,0.09159139998639683,-2.9349030201669106,-0.5112594578695273,-2.6348921235675364,1.1141627753700982,-0.034572225485819015,0.7737388610576648,5.531638730135645,3.0455913215120716,-0.6657467692273557,-4.684544121220178,0.24854510511898723,0
-1.3240448125538267,1.0407648197302122,1.5625518647024745,1.221942634445159,0.5396974767882723,0.23151877204646154,1.3150480595242016,0.03628406720244848,-1.9813860298822292,0.7366799584583039,0.40265698164716096,-1.5279103705744201,-3.3398272993387255,-0.5696300765463775,2.2450264718970265,4.265449706662412,3.5227990610925577,-0.645913395362798,5.965519245813379,-0.3152781874521438,0
-2.0637901365047258,2.6074409837178485,-1.7735373473058846,2.3790015988567097,3.70278400037801,0.8145354596953241,-1.902626236431442,-2.020433786426155,-1.1256504257144562,-1.4223110335104374,-1.4597866719179988,-1.4592388560099387,-0.053154219822105914,-0.82830253957689,1.0341494017807886,2.117939806101721,0.8813427548397231,1.549100237440518,2.4351772194601975,0.7906177188399774,0
1.0190229690955386,0.08080423030658679,-2.3956106766286096,2.5012845710211233,-0.658879621359548,1.6772395929744568,0.9955266916741141,-0.19593046603529551,-5.659255495811443,-3.198657464581908,0.6754908472654697,2.5788154895388953,-4.200623795683485,-0.08145598777787942,1.2372244410581856,-1.6798434949085403,2.5303076470258556,-3.630188001698016,-4.769145398503302,0.486842068967491,0
1.5866193028924314,0.19194331488060645,-1.509211973321296,-1.1029838906750533,1.545518565525452,1.5080828501440207,0.5114152550218797,-1.1060176742267656,2.150871101945801,0.2637154123787353,-1.076816973627056,0.18874472283146326,3.298927339245614,0.6067300025201063,-2.3424774491458056,-0.5655475609422241,0.1568814029338731,2.6579306089871153,-0.09249281463995287,-2.093178022391159,1
3.0206184533553113,-0.9488848143639967,-0.4731470769674433,3.418156614542753,4.556167854706095,0.6455980789595456,0.7039646767942336,0.9863348866096086,-2.5882905551831925,1.207626140336801,0.42076656251858635,-0.3894965037252458,2.2806238089417197,0.8898569517854946,-3.033195017892877,-8.197762037637881,-2.045798244408763,0.3298939379051318,-5.428895014867635,1.567791509795664,1
2.584372470527039,0.6410744751728552,0.9755319383309646,-4.07808251413752,-6.4566780064246885,0.43014297431537113,0.5085353176271306,-2.469337978134507,4.901465133549591,1.9047242735743177,-2.013824756281078,0.02222625476345108,6.818826817885527,0.42262861719256595,1.6170613077257596,2.034428803081156,-1.7052472313718487,2.5053462534260205,1.2695021048739874,1.134768614866765,0
3.9648496050066298,0.834435336563377,-1.8764219314990047,3.3388162349881174,0.8037435381886143,0.8153241668090142,-1.18120117314888,-1.5885627939414193,-5.106716408403022,-2.2137290434681196,-1.7890123905014415,1.2898028362663574,0.4062210054324837,-0.6226138999593189,0.2003404892503522,-4.0384978834582705,2.963316357846202,-1.8364878699839635,-5.189414351742875,-0.5719285461984328,0
-3.575451197767355,2.7575789686684455,-2.4152999582266226,0.4998428433458757,2.927472713343014,2.262568808335318,-0.5047154618351514,-0.4382957466576609,-3.8686246611049784,-0.7504425580210246,0.5596615703243687,0.31673430723773155,-8.19526185148111,-0.43351182120353343,-0.6559145595807199,4.16163097040276,4.832174036031255,-2.195672268763805,5.829804721935638,0.26960369406324414,0
0.4513881280618227,-1.071181289549775,-3.582070859027329,-5.713279731355637,-3.488100989200441,0.40861074756391724,-0.6975419424751146,-2.52748060872649,2.7867607795326803,-1.0223165818607007,-1.1151262626634877,-0.021790962721839335,-2.1940280965288466,-1.6188225719864404,-0.1760697309654211,7.655230969559469,0.5260764504483002,-1.1069242175827745,-1.5959821578016462,1.4744820073782556,0
0.3202276219624228,-0.4762929165214751,-0.8246421603793989,1.9481887353940106,1.9058422311322993,-2.3359306970550966,0.42903956756754863,0.908551295961785,-0.9138663089397531,2.6068325393815535,-0.3362037366667643,1.561993098786674,1.0014475169006716,-0.12173725378362549,-0.6434900422549146,-3.3082940938932586,-1.6163849014696088,2.729899256318882,1.394600500570947,-0.044566899425482,1
2.94899142798515,-1.9741360764363238,0.6353041673066957,2.612051542395556,3.44499153606284,0.9243573680260055,0.5672179054338725,0.4975134477127653,-0.05864107816782379,1.068895296605879,0.04693629841522772,-1.702190580679384,4.540386928152721,-0.49620587574150743,-1.58118588478315,-6.216066467186285,-3.7385689310222614,1.1638683180247018,-6.177471899904455,-0.19735515533466427,1
2.553306534189282,-1.293305926242319,-0.9422422118354793,-0.6483879292093779,4.828136726698187,1.4828328663859074,0.7047894424389869,-1.0881938470435872,3.8334998449589963,0.24573404104672636,0.29401639930663104,-0.8448138226188358,5.597349818640948,0.8095418882529403,-4.8867191342956025,-4.0176851306204195,-1.6191857318577778,2.854005453501638,-4.177769333936104,0.49624856624542824,1
-0.6495309533369407,-1.7888654771963328,3.3434107922799203,-2.2707433412749953,-5.991005725023404,0.9109070350337491,-0.07398478153626888,-0.1004513499661458,4.919368224628298,-0.2908809335964395,-1.223744846656269,1.8940077985938129,3.721488363464129,-0.4093202145866852,2.9519970677511003,0.6458480575212728,-2.480136002383598,0.2830426515927369,-0.9347317816323948,-1.2773711335506177,0
0.5685179908945117,-1.8319158325187304,-1.6729456073146713,2.307880182144783,6.378701166001681,-0.26789873415849874,-0.7087782027214982,-2.3803116813127536,-1.5709217531498472,-1.3813674972776062,1.1584719964733277,-0.03473879214961206,-2.786084899216463,-0.8193415927345735,-2.5844222134811545,-2.9957993881864504,0.8467552696292692,-3.2035096805811336,-6.997495670832915,-0.8456893114465224,0
1.3745378008827998,-3.657092491477814,-1.02534819203856,-3.0365197605533796,-1.5052321140849936,0.380067440573832,0.5711026285913683,-1.8397121333483415,3.2602530019082003,-2.9131669135207003,1.5206400960170445,0.23738553294773423,-0.6554301803110496,-0.7706179501253388,0.8801646774644987,6.4186795411207,1.9786212724563912,-0.9200796221669874,-4.014226866541681,-1.0802670597806927,0
1.5765706230328955,-3.583498571281617,-2.1630923354862173,0.21806407485531265,1.785138382366598,-0.05008059885646663,1.4717088983618902,-1.30604087856485,-0.5680527692851751,-2.8086434584635924,-0.7946591841458039,2.3043003832301534,-3.1118610143559664,0.17769804579023982,-0.39562273730665853,1.9314045415854109,3.239794747171354,-1.8102464020485542,-5.210593988449598,-0.32832094269055984,0
2.4479062902498754,-1.2040337915741812,-2.6784318688144593,-4.290651806067412,-2.1485516914776728,2.2033098152577577,0.6321516296907728,-2.5529248997388807,4.235584268729052,0.1584474130392859,0.5066364549090028,0.11514341161861308,2.8734546071516265,0.12592382048545514,-0.06912197486888827,6.7467491132456034,1.3739233499068986,3.4231513596516048,1.3230312450180706,0.08038503876365498,1
0.13676715255488658,0.18301996896187445,1.2608182217141632,0.12988876795398152,1.6916902127072893,2.0515094640855813,1.3066170692950476,1.1602972598861907,0.1559568287020344,-1.5641952599594247,-0.3066882155205,-1.7774753043893772,-0.33186880429644705,1.1531696984548447,-0.4764275125094106,2.854072072467434,3.5814504022421056,0.6757369177648805,2.9551636710008604,0.7567270028534282,0
3.091028557028531,0.42195894097180275,-1.0001653754919442,2.494591375649045,-3.343520156461565,0.6440649229572226,0.22706305314414962,4.442730027573026,-6.215503369528867,1.2656263783554496,1.295148544195343,-0.3085761907954998,1.0993860436447738,-0.07722171159842571,0.5830391975079852,-7.41983804981991,-5.063536545279427,-0.5324564293676299,-5.035217956971678,-0.7785870468117115,1
0.6399929951871061,-3.075634694414162,-0.6999683365108578,0.8116258594159674,9.852420602583969,0.7675090818172975,1.4785138785735428,-2.7052252504221386,5.402827004446118,1.8771207153455731,0.31736263325536135,0.1691644112738705,3.5997939395189054,-1.046619108093502,-5.2782496697907435,-2.4245326625154178,0.01880520755760351,4.10627635033769,-1.1739235138757669,1.5262159587962787,1
-2.1359499066148864,-1.2502028166759378,2.8394546289029803,-0.6136551343207959,3.0513880088966534,-0.48512994209987004,-0.33005273524400075,4.907206548123823,2.448942893516746,-0.985762525499702,0.9248262123767372,0.9914898036682936,-0.828058778056651,1.5549627277257647,-4.172233537262981,-2.1212313858109986,1.8845721745090265,1.3248184033327732,3.4488967537369253,-1.2630353535770662,1
1.1154470001844086,2.211860719138332,-1.2197126961616533,1.499872823762046,-3.7468180354990586,-1.1534825308886436,-0.370036612568197,-0.4275389316417353,-4.524083437771749,-1.9756335467159787,-0.5902219663056348,1.334918334020354,-0.8225386485595377,-3.321114555589139,2.4447422176377818,-1.7654705351938058,0.6700333796802056,-2.4181307589737973,-2.4976297980136337,-0.34201734580477505,0
-0.4093888645211724,3.7922076352164757,-0.45939757238292345,-1.5964479095525212,2.9843178783365905,-0.6755685285912163,0.7074872072053618,1.3707385642837084,-1.5014878908934324,-0.6408478004718294,-1.2806121453611083,-3.4466371198132952,-2.7074761208963745,0.37490768630077576,-3.6883387056752728,3.6090072162015403,5.59263158821909,0.18253984542647872,7.246427457932666,0.7435106703345966,1
0.4798849382557411,-1.0914232093061473,0.2742758569314674,-2.866461344769954,-5.803244336149389,-0.630863510683409,-0.8644303136735378,-0.41143611204144603,1.5764902920084538,-1.3832514530484101,-0.20470723352228773,1.8603591821044845,-0.028212584933885933,0.6927757697082377,1.7245038300063777,1.6866132092958774,-0.5066016511384854,-1.9730289658253157,-2.790423475796089,-0.28212494313773495,0
-1.9096709324433139,-0.04584957861042416,1.8440393092416394,2.038499081849717,-4.171205676957775,1.629318517441612,-1.8481101123885366,1.1315993562566473,-1.2869642711551,0.5958892335262189,-1.2084822042690762,4.899228438126925,-0.41093003714282117,-0.5217666572990717,3.135806391052128,-4.5764929063341775,-1.8923807254590508,-0.8923671683277407,0.16840705278517776,-0.47952499463178405,0
2.5968643188562917,-0.8328066498241925,1.6395259103107986,3.182331056004535,5.603675174270413,-1.1200851325255345,1.1891297814534663,0.11544963395398355,-0.7831516104718512,2.6172353268795234,-0.782179453952634,-0.5448724823233364,2.9206307700346588,1.756101589693534,-3.693303593464393,-8.559896927723779,-0.9301406922731865,0.31926133245524824,-3.019671780388661,-1.5732129395617072,1
2.549414897734657,-1.314011980814351,2.583308882973536,-2.1516366661424415,-3.2403511416197754,0.13349941906137158,-2.9733061712925575,-1.3102148573460686,5.26841460695377,-0.8282504748977,-0.7480909828486626,-0.4227652883642816,7.098232629146943,-1.265636445089811,0.7868202545625387,0.1960188267840275,-0.9206990443031158,1.700593727283632,-2.405634353520895,0.34961533102838555,0
1.003531062253211,-1.2432050531433905,-1.070622949010578,-0.2636116482796096,-0.8170756030134679,1.6588696944553298,0.9845928948957967,-0.1412983657174931,1.7853067468079498,1.6569664661508123,0.787276293122914,1.0724376927333514,3.3296704349145965,0.7906723186907281,0.49220474376922363,-0.5723421591815613,-2.837686749342019,3.3218264380915956,-0.3681478193522574,-0.6411116541527696,1
0.2981593589759203,-1.2540555873666936,-0.21537954974622475,0.4686843332724999,-1.1815935441434797,-0.3743900332069141,-0.9265132547797481,-0.7315717333676008,0.6373385704339779,-2.6091122501377653,-1.5144140623981206,2.3311947069546646,0.8308949574150181,-0.5335436258230818,1.1624978336045402,-0.562523188956528,0.41344974871913975,-0.5216663110911636,-3.5996076682753775,-0.6770111767903435,0
-2.2420329429310906,-0.9779367415848361,0.9621491135730991,-0.5167889208470764,2.948502429076583,-1.4872897932074287,-2.094437526714903,4.497714851028348,0.706255135174458,-0.07455053787253685,-0.43100110583293877,-3.403876049111065,-2.514765320103172,-0.13118015426484034,-0.7375309102759422,5.932921672397413,1.4502753009448122,2.9093441110889344,6.719124717457997,-0.7997428881105317,0
1.302915964016612,0.6550252670171017,-2.0196671652853704,-0.628489780148,1.0971746266836169,-0.8420986897213886,-1.2672766883727302,-3.9600043016609847,1.0515696288464285,-0.08275748974058006,0.321652659591586,-0.7154395559517663,1.8911902866741097,0.8261456160405156,-0.5757553902767492,0.17201064818564715,-0.6034490073057588,-0.3096276517711004,-3.2163663532272486,-2.2176090801520147,0
1.3544904395852655,-1.567290844619357,0.14237749103776753,-0.7677870902155943,-0.7919963630970837,1.323340922489938,-0.033068001361767865,-1.2194582302509174,3.178817720078464,-1.2595044595269147,-0.042824379075519094,4.312270125448112,3.8431111696385405,0.22084177029035282,-2.182062251670976,-6.050397661025747,-1.2284383393438714,-0.1387500552876948,-5.946918914745585,-0.42999140861483914,0
-2.5674115339746333,0.3346924769623708,-1.7938857199389595,-0.16267452121826942,0.0613346118649998,-1.1305204560329611,0.19737260543966045,-1.858423477326572,1.4569711561278424,-7.721117594000988,0.23167268419506085,-0.7491347612299324,-0.26180572674111585,0.11375768348027761,2.270008852384731,5.052340450053394,0.6788712106435085,-1.4079662666647592,-5.071150747975298,0.4945224920487726,0
-0.14129016381352955,-3.8490616379274964,0.020126610262761968,-2.9699486963001913,-6.769710407013244,0.6389568142127453,-0.7084881015290911,2.376411750874064,-0.385798469206638,-0.9067070012059475,-1.4780022553041843,4.001270625942985,-5.779903754446439,-0.4350526002358597,2.9261164116877842,5.594523924572179,2.381243269106117,-2.287661062528591,0.4563714508935944,0.07128726054946169,0
-2.6299492101259148,1.7062279608568216,-0.9416442167675707,3.145998083853734,5.441850539668225,-1.2077748224243965,1.6348628511603471,1.9113948786753783,-2.7302262854493886,-0.05561347719676191,-0.07063397965197407,-5.107858861892012,-1.3971921206081117,0.9017646879402839,0.1839919230868715,1.2997414318674108,-2.422998869207056,1.5828224953485557,2.0926424132669053,1.02719478824286,0
-1.4743462031117,2.515099074283237,-1.427918340855143,-0.7224063913890597,-2.2480111121550284,-0.4880128031720859,0.1825878042143362,-2.554443945515846,0.2612471661406624,-0.9245508056232813,0.25043028300104486,2.3297922585055986,-0.2504873331897669,-0.2124587250342695,1.568450168519298,2.017079448760953,1.6621116989402962,0.21015914398124202,2.7994239416400295,-1.1871303322833244,1
0.4429538332044598,-1.7667501428037968,-2.7568510213806983,-3.3315103845699316,-5.047453900480367,-0.035757644373514225,-0.2841395546889674,1.5359984027432225,1.6612220481347728,-0.5506321324683388,0.6040248469495526,1.4135071472979381,0.3315508008836646,0.527568116112033,1.8254903184118314,5.511736930962664,-1.6113970447429442,2.860200897001712,0.6478721507681661,0.8209671393129958,1
0.8003039054749868,1.3798814552586744,3.0108353967786745,1.3731125742364736,0.9253005851307583,1.044386051876579,3.4289104780082136,-0.977728116239343,1.7532522668121555,0.5335208699672829,-1.311736692245125,-1.6877000830479867,4.8214460963832435,0.11515231444047568,0.8971711943667148,-0.4238914528610835,1.301886117847893,2.3162634733035983,3.3794042004652938,-0.1636336708574914,0
-0.38964291587689603,2.359545027016881,1.9427907219198088,0.1841519349286702,1.4135742116074779,0.5593554097154361,0.8269460609427997,0.20077186463950603,-0.20022689256238338,0.1182864316730523,0.5259441806248001,-0.8233478967742451,-0.40814614554128714,1.2261045853340684,-0.8919322849504276,1.5529615887870298,4.983519642421022,0.6296289762844871,6.763891250518035,1.3801232895853999,0
-0.14689823057144524,-1.2205214727538354,-2.341731267812234,0.255734979286213,3.553622039483702,-1.6833821330428256,-1.6133682362049397,-0.845272835547277,1.760120359765676,0.04495987713990646,-1.325157155197762,1.4441937667117766,0.7751787411481241,0.007673193321506307,-1.3405850289885635,1.4749240971743567,0.8506911403346893,3.5580626157564064,1.3594704683767997,-0.09759389015441426,1
-3.6504768262049585,0.9969584298201914,3.0773021395921836,0.2936440788261141,-3.41951580440643,0.1352825085523179,-1.4472177792579584,-2.6719733664027983,0.9887001828007206,2.454276622069277,-0.2413149037447287,1.5623226126744871,-2.3965393449728207,-0.30924390763272963,5.197270595919498,3.862158539451028,0.9775253008778104,-1.3587811375107521,6.590484927619058,0.09242114733923629,0
2.0785802033712777,0.14877792369346143,-1.579477044245397,-0.26155497847021536,-1.7217853904975164,-0.08860610634860941,0.003197990615288395,0.6345683116767195,-2.291408600159121,-0.7179029694205743,-0.9499957035196952,0.34511353896019914,0.27211746682519883,-0.5248594603244343,-1.3884920789443786,-4.648635217112629,-2.4862614987641445,-2.371264643834256,-6.537796891337593,0.8884469303585544,1
-0.632110095048956,0.837434892709042,0.3127693285499452,0.3769839723382443,1.631288565641878,0.6062371934962887,-0.20292395653422776,-1.0252429105909968,2.424237028376795,-2.7992895388824053,-0.42098586801317606,-0.9434546918040079,3.1056483170911293,-0.05474639567621555,0.5910797283234344,2.8039800185643022,1.8496851504681293,2.5691661821795186,1.7049856871900886,2.220321858004882,0
-0.2831374636245363,-2.4273347783750863,-2.0346259701905582,2.1337360534224654,1.8312788252157532,0.9305333193245915,-0.6608411967525808,-0.47529291145738983,-2.207808223151043,-2.0581535143584997,-0.011900823094228097,4.547705844267856,-3.918294568610147,-0.5751864496435164,-0.07101034814193619,-1.9585066802659696,1.865290959005232,-1.8772436137109838,-4.2238380601884185,0.043900533123388444,0
0.5525620769280917,-3.234603445067938,-5.458407563252888,-3.5344798301031646,-0.6664578773576049,1.0168308890128515,0.6273281202738094,-0.039671992668014244,2.1659529719492085,1.4063199810416656,-0.8130228521688223,2.0436411314030885,-1.6126773615687795,0.5569478823405032,-0.6557515863220165,6.186180769501163,-1.2804583551619326,3.899207411740851,0.714462720207246,-1.5050718742538034,1
-1.8642448817754889,2.5309096242700733,1.7880724237785974,0.537564272410946,0.7689350589449909,-0.026746301172925133,-0.6578984885747411,-1.4772547393202713,1.8369465520601287,1.1950810791652553,0.34738984170855525,0.15291900419128224,1.6001805802684816,1.040642442799668,1.3893606153737408,3.064204916361745,3.284165007316658,3.1048552986201132,9.045245731126183,-0.4111733955533163,0
2.541875306011685,-0.007209115039332525,4.170515821715011,1.3575974132631594,-3.725808296737699,0.7854825898295763,-0.6519521540233857,-4.191808886140647,1.5449224660932546,-1.3627966643831002,1.4801830768818647,0.051781035628358785,4.922962015586297,-0.10002785894133592,4.730005498696759,0.13382035178584784,2.192909543913481,-1.7185533867120748,-2.31092896976308,-1.2486634247626274,0
-1.7788255828480857,0.9532123967678212,-1.9006981239797476,-0.8613378559485325,2.5612129533554993,0.47304527283800113,0.10132717686046831,-5.268658217769741,4.703533787961348,-1.8882681888464201,-2.418775467069421,1.8355682500129564,2.81283452819693,0.6969306349627578,-0.5598107149661966,1.7807206070896164,0.7969880833045156,1.8289001401944454,-0.2729482479706187,0.6320232236170215,1
1.3058373821766172,-0.3885571851807311,0.6820588654808601,-1.991641271656407,-1.3758922038413253,-0.4644017814099108,1.4238989372468513,-2.2234965869323613,3.5451034078182957,0.2779617207475007,0.10752500043079882,-1.9719947434126865,3.7956454293044555,1.1711190647375707,0.9119228719145734,3.0241745409906247,-0.7614898104395491,1.2227571988809642,-0.4242970940169481,-0.16164379447861094,0
0.3513822262296227,-1.1343618757544416,-4.7352227055924745,-4.494619989202841,-0.13054878982059687,0.6140362639572081,1.828974756254353,-0.4728137839108454,1.4185398460010825,2.13211260322346,-0.1752433629643115,0.5852749562518912,-3.167029486065968,2.2323460331857383,-2.3827750674559325,5.983897164383121,0.5287388882194808,1.9420522055972325,2.789448885852434,1.2985413297690838,1
-1.5348255617825508,-1.2109571177973408,-3.6491505009154306,-1.9510910159415644,0.7741015870259889,-0.15831961259537855,1.8680329249591099,-0.1417115878321651,1.8816369146043233,-3.249670982782807,0.7004970631581632,0.6803708169078975,-1.695091330272692,-0.003912509295078522,0.038439841307031486,6.6259691587426826,1.1769033728383373,2.118636291312507,0.3184259048469349,0.7540858050384984,1
-0.18684379059903589,1.7550446291982973,1.2835138178944887,1.0561699094830712,1.0223543180052523,0.4153796225059898,-2.3831121810859233,-3.719085755020341,4.581403415054278,-4.673197657977644,-0.03789283179468944,1.1496944338623005,7.820999866432178,-0.23952431691106857,0.2589406206993612,-2.770664998752152,0.44352182659538875,1.7175863363745445,-3.388800000826645,0.3594859397738579,1
0.7700277853724438,-1.7076023688537236,-1.3634727501121018,-1.8499740496749082,-2.2356012863731833,1.0844775248572875,-0.21188953119824255,-0.819045205336908,1.303036562054147,-1.839389786485776,-0.736901352231799,1.7342984695204806,-0.5271956795633805,-0.4666189681756455,0.8271544569050608,3.245765247865492,1.273173735635599,-0.1784690409413605,-1.87554841718552,0.7551849738039433,0
0.5396552913059476,3.8307473913752763,1.827858980605352,2.1647808250312837,2.5633651629777923,-2.229676640729981,-0.7194723843379374,-2.4076171060113696,1.995593987433176,-0.6367790852988953,0.9431592010001667,-1.6166459819349301,7.0748171465744845,-0.6251074206936527,0.487816665057096,-0.292913055204974,2.7675672478007165,4.505407916799739,5.5971622460117665,-1.4786735963102973,0
0.11146547608271973,-0.7923259241616157,0.993202456508931,-2.6228779897828236,-6.2163777089614625,0.009426360563773238,0.30297187358728317,1.2700835794547203,1.8770944164488756,-1.078246274764416,0.19261914758693635,1.9015699872176564,0.9993566059791521,-0.589160387988942,2.1049575342505964,2.1851161364655987,-0.3007096631463444,0.13106983612215828,0.3677279458618277,-0.2610087241723136,0
-0.8763202021456762,4.459965566197892,-6.227177550045247,-3.1398003335050886,-4.010648013339356,1.2207151954954414,-0.4333505550845262,0.8220943964502476,-2.47194105530106,-0.2069015745546301,-0.07234747515067134,1.0756038530905216,-1.1014065777038735,-0.37077059666050965,-1.4899627416894354,0.3425055311896233,-2.9071061611440565,1.1757465923257142,1.1470819183243521,1.2306458041780113,1
-3.192998948145715,2.464667843603665,1.5288390194584798,-2.1535863240441606,0.8736015990467985,0.6617366120969479,0.22818728896095541,1.1674055692861263,0.14502237078631033,1.6334354644145934,-0.6018971609326136,-0.9834160761178017,-4.908321416237041,1.3451171736117884,-1.9866792361041514,3.405676740736829,3.8399865011741747,-1.1574110392592956,8.875579823126738,-0.31170759246721447,1
1.7502861339049538,-1.5928620811737613,-0.8003435038151643,-0.30016695074802313,1.351171840058042,0.5106761378588074,0.9389088320395578,-2.091035988601924,2.15134703956119,-0.16512381520765307,-1.3332170539509958,1.1317507685656134,2.48503491825945,-0.6215940451706841,-1.1254985290562203,-1.1326603518683387,-0.05129235825061895,0.8525182889502486,-3.2684330384671925,-0.7691623186421507,1
1.4890509362205058,1.0717273851257976,-1.0221795101213673,-2.4757837579006075,3.599213911408889,-0.16392597675551596,0.4022623446643774,-1.0410391335130162,2.744872225026162,-2.0708781544898587,-0.46378437137810796,-3.431970979388706,1.9472332547187527,0.9492573018529092,-3.5089042932191536,4.677580394328931,4.200998225175017,2.066311279761887,2.263003355405758,-0.5050172707451764,1
-0.9855396868715389,-0.9398372950150702,0.15710855904256205,0.2056523762713829,-0.8281766680631273,-0.4803596724913551,-1.5941763252676036,0.8706242122098242,2.2415494185936105,-4.316707199543992,1.0823787113234427,2.3867360314612434,2.0957210993022,0.5232190111769367,1.0334610846215866,1.0431489675425754,1.122588121767357,1.861057357526695,-0.9881953701735047,-0.36833271003917634,1
0.30910160428621825,2.10510342182537,-1.2506275335278865,0.13105407830583815,-2.4189738561261174,-0.7031564622558137,-1.5333920889187305,3.0201152399006914,-5.1154000991901185,1.129450199969453,0.3243659742438005,0.09195065663260471,-3.1677589620493722,0.7032182548567439,-1.0426215946772859,-3.8487220476977684,-1.5689201861332915,-2.373719693826494,-0.49098688155594294,1.088092463208589,1
2.105137749085014,1.6969634013018202,1.7435360414207879,4.613823303195019,4.42693360593062,0.6254760003040508,-1.6048043108980627,-0.60229920976804,-3.557863844214862,1.70901098155537,0.3803366503158828,-4.125244389033194,2.1867469390537786,0.16940307491206952,0.3171266090581978,-3.440984401284918,0.35515782433405796,0.20349832161350867,0.30099313475687667,-0.5862850495521519,0
-0.9223061634125921,-0.123194455614406,-4.097981354580642,-2.6678923507698076,2.317858318590621,-0.9101987062279108,-0.18998142349707814,-4.905167390412964,3.4558900137388413,-0.6171236272401356,0.10413338802134002,1.5041247390242605,-0.7900100015354629,0.0347544782918479,-1.4915159528882538,4.778053559290625,1.5860483226132431,1.0758695437490773,0.10484883049747525,0.9987265700830984,1
3.157488858549193,-3.159206620332552,0.4829373226917517,0.15700342504634412,0.11879815617868329,0.48674150215806,0.19731341229026655,0.11938162854001644,-0.9155466630299425,-2.876058143926368,-1.0509411661889605,-0.5379353831838443,-1.2114892606924375,0.7735476151070181,0.31307634059428513,1.9042670060641638,3.4111482640871023,-2.3730823769453417,-5.03764621522083,-0.5831228313242981,0
-0.7425670186058948,1.3866390378168323,-1.8814376656137877,0.08642881368975575,-0.09084271956086432,0.612411652915375,0.5508128351835049,-1.0181362966252758,0.2791978961630745,0.14681499865809422,-1.2500256555876041,3.207410492198365,0.7187662621304941,-0.2019460687530188,-0.49857867546339596,-1.2047881343724862,0.5671461170482679,1.9271785154593761,2.1116287694311997,-0.3706979152161819,1
4.95423764099219,0.6790535361538974,-1.836552347105538,0.39604636332663556,1.3694699331892006,0.8048559381800797,-0.8324766217233888,-3.2630986004444407,-2.501042162712012,0.769717478927896,-0.17963037272551535,-3.177934318083593,1.1257331656999665,0.09535027433277855,-0.16584956823650177,1.9075579876362425,2.841837386579785,-0.5553169829199878,-1.8058800475863979,-0.5297677059230407,0
0.8772387743745296,-7.030161973971257,2.613795202267794,2.8956650207898225,8.961015615974596,0.02050172936766847,0.00031861146506831427,-1.4696204155921202,4.855635966495144,3.538345573510121,0.27008441134776406,3.2854226413044474,1.1203879588936025,-0.5572813096145531,-2.497650183867063,-2.332957794875149,2.34405805428394,3.4204276958095705,0.48301993004174054,0.7520463836188297,1
2.8584269166440563,1.2872051082992089,5.612437441881969,2.7050639536713716,-0.8128736343724469,-2.0870692457095164,-0.2941231803761696,-3.75446493848717,4.394760819731091,0.6919635071079611,0.07920292868964361,-1.47397196512709,12.13790045736824,-1.0878375477136197,2.821203213019266,-4.921962653443628,-1.473407831728946,2.935861887040261,-0.9535827284947547,-0.6046808501274109,0
-1.1712013843566371,2.5620303040872736,0.1992339837021989,2.2341779354553246,2.190909727112967,-0.9604469539838816,0.2862733367774424,-1.9129648315148686,-0.8746950098581601,-0.2359088899906212,-0.8106575556986726,-1.4347184979804108,0.8553014158683325,-0.8447374087911762,1.4872287059028109,1.1392908735799925,1.330176764500694,1.040032637313668,3.312856964955036,-0.7828665102974913,0
0.9987287665647399,0.5858457414870233,1.1038515194880936,-0.4052345826956446,-4.483350888214952,0.20139455871528109,-0.193155224849579,-1.268955557108554,1.0857352303290628,-0.4960628055832521,0.026185149185798437,1.1598791361015655,3.5158221280534314,-1.9783849165730842,2.5341062729981543,-0.8586883876749557,-1.1432128162484045,0.009760080584858555,-1.4230908797960367,1.494141897266825,0
3.7957993644073134,-3.1126456142944816,1.0863745770263136,1.8194092393948451,3.674793672895704,1.182900489387524,0.5069763458281417,-1.332911421760758,1.862720148665914,0.5289255285494008,-2.7999643025935854,0.20884186783057312,4.901509612459024,1.1138623979822202,-2.138654014111042,-5.627430293241044,-1.028108042813731,0.848239377423687,-6.522574006993947,0.0779372965582097,1
0.7629168967113167,-4.536013101092546,-1.6198670384076808,-3.7464108917910908,0.32979956651432385,-0.015777688899670742,-0.5844934327943987,2.910905321617859,3.9596106921644236,0.914476173132265,-0.32364904470916106,1.3828993010550588,-0.6164366065012198,-0.3722565201257048,-2.555335784651824,4.467735480900208,0.29027035523583344,3.8794224844960343,1.791521184799122,-0.8653895050452268,1
0.09666395248342396,-2.786229033557448,-1.4304415312787333,-2.317069253187058,-1.2118725227174512,0.12272890770548392,1.2869472861164193,-0.39470092572907134,0.9131234062659964,-3.5229345381984896,-1.1627104393277614,-1.0214573858780192,-3.4635183731066457,-0.12454847968642378,1.6495246460342305,8.239598426831668,2.505480988491469,-1.5804580496958862,-2.2808015208356727,-0.24272858931102906,0
0.8136771782899175,1.2506436976628774,-4.4153630752709505,0.9616302642347403,5.155354967256841,0.34696029688448116,-0.15249967830991934,-6.0469589345936825,1.3913487313702222,0.8848291770142649,0.7639453637154662,1.2757692562894518,2.902662881904053,-0.56667059296144,-2.125260837445893,-1.8859916192038544,-0.5810864305612142,2.221634771910826,-2.3308057667455078,-2.39198188955614,1
0.25908490673187146,-1.351810147181791,0.33108011097529766,-1.8004564463955275,-5.075249990476676,0.11198193262125772,-0.45669914469351297,0.6472544259554369,0.435243033648538,-2.3348833033480423,1.3442845752345964,2.212035962091972,-0.9396177733951244,-0.2731522465199018,1.804179935599465,1.2862849360134023,0.2827496984856944,-2.084381879068399,-2.9111429629114074,0.030140661315177376,0
2.9136965618747883,0.8174049519695183,-1.0870107120016625,0.9113487734992461,-2.188734199414992,1.607019008249281,1.5947619890438636,-0.2303857940612941,-1.8210587758219408,-0.570054100821282,-0.22788428838190591,-0.36411062387476734,3.619479629923288,-1.015507438813321,0.7318222394404319,-3.449729905745732,-2.3441741292494913,0.1846133960430698,-4.612846994738112,-2.256725105289419,1
1.0251270823124787,1.0381512676859685,0.12443665925675496,-1.4358954340162533,-2.497010473164378,-0.6719173104649906,-0.20331828541750677,-2.6403672969928618,2.5467191646678478,1.283673848256802,1.3831356467781524,0.06764933761297409,4.276490424948235,1.1222033332933687,0.776991741112862,-0.4794444555451403,-1.9360858156584393,1.0929713279857012,-0.4077071176658675,1.1346396998210568,0
1.774227591152433,-3.4253454053856314,1.3383380255872592,2.592913353162495,8.607012537028414,-0.09860839900467729,2.001922459248361,-1.1655402778528896,3.2660684614648767,1.973404245646234,1.1407858004524745,1.2117242793896863,3.370400828652989,0.04406463491293769,-4.22755645246116,-4.810477770827997,1.5143182329695533,3.213261124007767,-0.89968422907431,1.1263934497220656,1
-1.9902910823080926,0.06466963383237412,1.4933663628626628,-0.19640747243908274,-1.41517740556125,-1.3182762920299418,0.49891440096441453,-3.2466018341631244,2.4503193661924216,-0.47219454750745304,0.0233851251561811,2.5866987888559363,0.3261743634021229,0.2744601776138416,1.4374029542004516,-1.3488873103686418,-0.5560832020340074,-2.2435436324209546,-1.7556773339194314,0.22964305556779677,0
-0.35324472108034144,0.8342954320086517,0.8668931267570297,-1.0254926452749404,1.3316384517239472,-1.8281649279271395,1.6173586974450544,-2.7189817897242925,7.428408969523555,-4.477377393302092,-0.7725086063921602,1.6305580889393436,8.889184194033678,-0.34299422560223203,-1.4878050410897035,-1.197917754326958,0.5685189391865246,4.113401059444821,-1.5060681020284725,1.0278838914334096,0
2.621014499700639,-2.4124282304847435,-1.2652245466522045,-0.5531865409370318,2.047461063707037,0.17866977521907204,-3.3755791001776,-0.3726627380185762,-1.4816008034761556,-0.9866800991648719,0.7639029085756444,-0.9170047863576523,-3.126998050962273,-0.4496501938428139,-1.7275750629114746,1.7629321480611546,2.9826243487795567,-2.4335775034417564,-3.7743946890017233,-0.3617169878172646,0
-0.11892778557247197,1.7490281582151876,1.7689191835157347,1.2916458853227832,1.5106636484402873,0.4345400972542903,-0.6855545714835052,-1.5026289412388982,0.47387314543398396,0.252824900658406,-0.9287363155327847,-0.37085588273842607,1.5663787134205178,-1.4889222560705766,0.5287452563980773,0.593477067787528,3.2058529041931974,1.1371732297372092,4.430678153982553,-0.9617624207732018,0
0.2962763189487174,3.8831037621228073,-1.9380139880569747,0.3175484984646233,1.5010676729346646,0.5002383506982397,-1.248302801869318,-3.1638693400343967,-0.2360981180457347,-0.5359816831634332,0.7403334225564788,0.6979941981266566,2.235500350546325,0.09417646917364228,-1.4594718506097344,-1.4818270442820896,1.9938884666674896,1.0935091260496865,1.8047142642833582,-1.1414157922272195,1
-2.622929644407836,2.2456457545761577,1.5841023912648606,-1.0031841849648673,1.3202012336089304,0.7156090679730908,-0.3932364091628454,-3.3314750975841054,4.850652979667355,-3.9640527270974255,-0.36143419635031226,-0.46483019885658927,3.201144090728985,0.03395688516516826,-0.21431268893602973,1.811346472221574,1.934063233784494,0.02638785414839906,0.6060352048344142,-0.15308050448140273,1
0.8262742525182376,2.158636779995464,3.8907766140177396,0.8934571061015841,1.6224605695522925,-0.05305199192510611,-0.3908882671723887,-1.5530274624742941,3.0742411952776423,2.64027739680325,0.697182620792853,0.5579995098015766,5.7926606434713985,0.20327622105746257,-1.3820552536764956,-3.753678690835576,2.35466915834336,2.9733328830464325,5.988639300910807,0.7504698619350948,0
1.60580602571682,0.6305259964969956,-0.7586606635001372,2.0674692136461927,1.1754538898658755,0.10142296423965785,-0.7537076448617458,2.3002895455645396,-3.3684756540947736,0.6796799213400647,-0.5387262803464412,-0.23872667199163788,0.6316802298632109,0.842774030099027,-1.541736521522568,-5.177698952423908,-1.4956600540620824,0.351780733102249,-1.8739370982138515,-0.6284426891553463,1
-1.5019034614857536,3.041696076949909,-0.27951375762013475,-2.2812301655778087,0.8388220178630036,1.538265640912035,-0.7001175918154133,0.27148341554481403,0.9566067429059905,-3.0465313430618,-0.20850643095375032,-2.5080871029943483,-0.9712793050789142,-1.1917191336173432,-1.7344674613672852,4.781972090408008,3.9483343496178187,0.0407889702722275,4.2951175914627395,-0.7412553675094832,1
-3.7820724800563967,0.5892757459373774,-3.1622404525061336,-2.6715269611546932,1.3042766200273312,-2.8151236899058496,-0.20296834314788534,-2.803587011424935,3.7051466915245217,-4.090008815407211,-2.617113117431211,-1.5442996371858126,-1.4622023574380667,0.13493953016324978,0.9624065564246722,9.173886303773042,0.5229519891010994,0.9651394150993066,0.7640214364762398,-0.25731650058926747,1
-4.509677781118233,2.4962787899136165,-0.4820920422221828,-1.25527176280863,-1.098265232367494,0.3600164652382253,-0.22815134928823433,-3.3729997070425126,3.638727159042467,-2.8380058221311675,-0.7243851651221698,2.7098283257482247,-0.15459681613625917,0.28244976405560046,2.4030780440992414,5.867262510882078,3.1518012916954423,1.5411031914681153,5.937394950560313,-1.0188424693746518,0
1.8500910029688855,-0.7026610397166229,-1.0995388483625816,-3.353296575529589,-9.731537790600036,1.9489631114476191,0.7356551436413686,0.4136106578698371,-0.8865777385365183,-2.8631399882673887,1.1772087874169148,2.6887130180689955,-1.4448590670100714,0.925904176727718,4.313348145723824,5.832651736306174,2.279146651929496,-1.6605370146873675,-0.9043859264573422,-0.7853179202632383,0
-0.5215079085693657,0.48759560879701713,1.2128681884801995,0.43906969122101935,-1.036290299042001,0.48061121524859435,1.5208512320637795,-3.4331319700990837,3.0086290670933247,-3.0090549635733126,0.14403090197922622,0.685263152821372,3.870464153964013,0.10160771869001077,2.435390162142147,0.7611623140360917,0.36437773152689146,-0.008867961969314608,-2.3125827560066896,-0.1487295878173936,0
0.003007014775029293,-1.6943879712136516,-1.6972232026247567,-2.991629391648164,-2.559465861688354,-0.22666220372399956,0.6491477210704204,-2.6027826289495826,3.336808255434795,0.536742791990757,1.7184396156027142,1.823164576740323,0.0811462175909509,-0.45325952594704233,1.3809897351387626,5.012814878524639,-0.014423014855007965,1.0792110719455694,0.40426392016937157,0.09748893902369685,0
0.8564730824695762,1.277024414046886,-3.338792947383601,1.6513594165381407,-1.7620465081713637,-1.4335639229654407,1.9292699966212825,4.1329236556284945,-6.519853243411337,0.6373060125750523,-0.14584443297218955,0.22774906159784125,-2.306623074571862,-0.10276746148759967,-0.35517816477104835,-4.5403235501120385,-3.834064608734046,-0.4401516434038042,-2.6449193581251444,0.21975808394014318,1
0.8214012409917577,1.575538975026917,0.3271973948203032,2.5583697257043854,2.344861297271283,-1.502265252340281,0.15709865064383013,-1.9034948983631657,-4.085532896844569,0.6540052698290657,-0.5439100535132576,-0.5760073723988764,-3.1042570915302905,0.06868070965053837,0.260941777546702,-0.8229733346634647,3.8928138680300743,-2.8216355032168368,1.1222161994648645,-1.0816510962640609,0
3.1578820460522588,-3.6567112846611343,-0.8605435226047411,3.2848432491065958,1.0498116160767987,-0.7230731049121446,0.30955564676715147,0.11514229777139762,-1.158943834017249,0.5763283689856843,-0.860523867981239,1.5284838558637546,3.359205834889705,0.543339596999048,0.7671446561183388,-6.098454800425058,-4.415553250736803,0.8923006036793665,-8.547674655509327,0.9669174010754679,1
-1.5035358637934286,2.9993109567272573,-1.3440294715129466,-0.5271624551401234,3.8626968899640173,-2.0678183764773013,-1.1529019436473826,-1.4270548863315784,-0.926394706748904,0.36142570339870317,0.3862260641045818,0.9484028230449291,-3.597770771916033,-1.5404327171242964,-3.6338516651319903,0.43766633302582525,5.147764913317599,-0.6271300748591733,5.516083440380641,-1.426483156621165,1
-1.3549746160355407,3.1726073489729503,1.0320850985405894,0.2837237427356474,-0.5833599229508795,0.34974781524798154,-2.470663282879401,-4.039006678690667,0.2991112036914102,0.7718857668971142,-0.4944979738149775,2.8943053220620643,-0.8200553336280673,1.0531214525238028,1.142551427240562,1.041461784305234,5.201574274599623,-0.649760568359476,6.400705834938006,-0.02469764308499223,0
-0.36854582080916654,-0.19678628265296239,-2.1777848231760295,-1.06161374640268,3.7683661152058643,-0.39506690612720935,-0.07618761129101755,-0.5075375016372676,1.706654399029162,0.007835644803733999,-1.4068105446048718,0.1408510045426712,0.009751085617482827,-0.3287248129662911,-3.5315447391818764,-0.16542517951634908,0.10103232330900025,1.5161980342833035,-0.11761736608499818,-0.3610871633868695,1
-4.086507122388141,0.25604271928893707,-4.76713677865021,0.6313256205488422,6.392022903099777,-1.0680243758911776,-0.050942279063403054,1.8383037224793322,-1.056304650715238,-5.47826491367902,-0.04674945390270229,-2.531280904248458,-4.308959733843467,-0.22617528768076092,-2.2311221721877383,4.047951305415098,-0.7440944059183336,0.5856555678465954,-2.4128427850534995,0.02002733980403,0
-2.7800869081772746,-0.2317225151200144,-0.17171327867970332,-0.39275423678142074,1.3694368811068571,0.13376057405422923,1.0617847669583211,-1.0905970502386841,3.474573730943754,-2.3611087583976706,-0.03644732025803771,0.7276064905430986,1.2636483479445841,0.8052398579044068,0.04569840465134378,1.073598566753329,-1.1638110075576362,1.0072160692697174,-0.9103165073980646,2.3440537788326266,0
1.141447803488809,-0.7199569064209159,-1.829998922397324,2.3632699926712184,4.370679281865289,0.3100688238751504,0.21856888887371573,0.26115751240865703,-1.2615280854835154,1.5709539913900314,-1.5285879822636668,-0.21510221268324536,1.4832163154367173,1.6688080813007051,-2.238170888770663,-4.871220570540204,-2.8455838819389694,1.6797573168337538,-3.0908851917854867,-2.051052407853855,1
-2.6460064233881258,-3.080863849453475,-1.0025613580376989,2.475589136553316,2.677602282045727,0.12301867352675562,-0.5505339682007013,3.6908706120219095,-2.8386903264160335,2.7033382734652465,0.4331840672715425,3.7681577414659455,-6.804859303529834,-0.6167301099564017,0.6023066505369705,1.2373860366165974,1.266427213070453,1.8932702653735938,5.662683082598392,-0.8180021847417462,1
-0.23187918114729267,-0.4751163728955776,-0.3983306702638255,0.26761322133507104,-0.9077629486538067,0.8656746511673697,1.0813169577685364,-0.29045946005722045,-1.7097627143793455,-0.19363002419569353,-0.8447029987029827,2.4713556464066833,-2.604543086339896,-0.8378230611677818,-0.7416014745824959,-4.139450088595909,-0.9117658605946515,-3.6587486345500864,-4.4421938967853185,0.24260281305494147,0
-0.30214144465607307,1.032233805056265,1.6325481477353878,2.4513864040030686,3.2873781040577303,0.06609424629897591,1.6780556004525953,-0.5870448721732022,-0.21509602164182617,1.8321583465861715,0.5310851309759498,-1.475336933836088,1.5065952206459534,2.3984492855880695,0.23770948521635193,-0.8572856811095289,0.7773822111755899,1.7807199204768893,3.776812365165672,1.150136803679616,0
2.6726788455900694,1.850862706065858,0.5036900305693242,3.02787788254539,-4.496025476284005,-1.424971171815412,-0.9744525476102961,1.7641589499411325,-8.33090551602754,0.5905979241800934,-0.7243636318034608,-0.12306565946634795,-3.4458079434870994,0.22957264107425313,4.047706005848574,-0.5352697303635898,2.894426082695238,-2.936622317341371,1.4972564322787825,1.1003928922787292,0
2.0690768837993327,1.781904164106038,6.245315430563729,1.9409634820867039,-0.9414647110242852,-0.5913493797982777,1.3879655839733676,-3.3266987410348436,4.256515524020395,3.273819546853158,1.406232359262553,0.05005555550558216,9.766763218129455,-0.6328075992221822,2.0533773265680026,-4.148211460764853,0.8766447784339184,3.2916839521132393,4.752561811499131,0.7385660392020614,0
1.740744210479479,-1.4909410948644708,-1.8663851872979063,-1.1756701108240504,3.725287172696676,0.3763259576465752,0.6064247283911633,-1.1817391548155782,3.349847395547133,1.9057295183572736,0.4527625878480654,-1.3645016969328547,3.80769723940877,0.49260948681305233,-3.1535256116947465,-0.5736359953869595,-2.427890728561608,3.4972962412983346,-1.6440401584558482,0.6629937020525996,1
1.0182418087043066,-1.3951501630398533,-1.2273932281036344,-0.9351464637780633,-3.4653957539828824,-0.8197150228673898,0.3362629511858955,-1.1631077105780165,-0.6135952621880192,-1.6718513185691646,0.3939905721750079,0.9347377858395025,-1.7546963266483477,0.29003780305390187,3.354848737795328,5.651100110457052,2.2122874753695023,-0.6974241197148792,-0.567354054340697,-0.9156322963584598,0
1.3538678788584653,-1.6299806049375092,-3.881794942056889,-2.212460910652636,-0.5756525394957283,-0.8136645751375527,-0.7696664090113885,-1.1979819280274857,-2.721593027484361,-2.966673126937465,-1.315438265887262,-1.3972579429978444,-6.633816871630042,0.32005819149324455,0.5435634640958801,7.949206616140132,3.8116390891775462,-3.6987533560286496,-3.2975588532999867,-0.3864948903227902,0
0.18891563589457627,2.001372798828132,4.772855176544542,2.9923925681068546,-1.2854894527106409,0.17871512433595294,-0.17381485046937092,-1.6720625290151006,-2.4287689387051294,5.101133080900489,0.736227445165127,-1.7358091476505442,-0.3480465653598099,0.995954928226406,4.709989748341557,1.4911705868321912,2.812628841658605,-0.32360649795184804,8.836862783785074,0.0811438318496202,0
-0.9468566414457442,-0.13179967535946058,-1.2753806855761958,0.5733826061990991,-1.1421174030090255,-1.0910467171940745,-2.207547565671355,1.6739078786984538,-1.825289838382823,0.7247911101135189,1.1780873685621747,2.122567650677958,-2.076520110693116,-0.26284049946239324,0.7828534911529823,-0.17367256396915895,-0.5401932360062376,0.8291939059446416,1.7970297180363213,-0.31120828917368143,1
-3.3899505427313557,-0.13163264989731815,0.781409571809716,-3.7391627077997156,2.660004372487153,-0.10833388324458919,-0.5348543227867003,1.8004979392852487,4.06131520136837,-3.3419176760036517,-0.083332200624347,-1.5338081374266825,-3.2724775897049616,0.4645021652142125,-3.2578820787868437,6.7465124505737695,4.517598839296971,0.1399985319606255,4.86175237765942,0.7946412035736589,1
-1.0223309035696875,-1.3286831538272845,1.7558669693925104,-0.6520822559899344,1.1315765640471078,-1.3294051033250818,-1.2914555644869643,1.1744301427100208,3.6719796649452023,-1.9889055399719369,0.5953232878926642,-1.1384589001053627,2.5016813691702353,-1.170662530200189,-0.47253311459081626,1.1805125831813277,-0.6361722592523713,1.5918666095764273,-0.4538061089533584,-0.9370069812461074,0
-0.28964815542004607,2.2696671461097075,-1.3533232261740853,-1.1934197973796032,2.5853713167469206,0.5356402250166092,-1.1941586560913167,-4.813197550796042,1.2545670515963707,3.4155952925370627,-1.4317296965247417,1.8608101797641012,-0.7882269869987891,-0.3190080304728533,-2.8279191391414003,-1.10657544118785,2.4036966456045166,-0.3386488636395244,3.6387996592173764,-1.1046683561021067,1
2.8505414964723887,0.10876874696976047,-0.13787390061028437,-0.6767160968657895,-1.7294529610685807,-0.17017253140078376,-0.9548690815840764,-1.0854282567060118,2.3274791296414756,-0.23823202991700732,-1.2212973846052253,0.4025687168993569,6.195953563150926,-1.5407578083153624,0.049112687363448204,-1.2649286355998366,-0.7819273373204612,2.9295985609014945,-1.4012454409804889,1.284080276542287,1
-0.235453346609944,0.048847326000849955,0.6575914511198699,1.2844208408443658,1.9229551007917005,-0.7249141537654967,0.7069550099205425,-0.4019173072090789,0.7237964088277086,-1.8684959678850959,0.6251105462489474,-1.9376173147239226,1.8236114728327206,-1.3803529354131852,0.7959932398235696,1.1717300797193562,0.18957799636551975,0.8776432861719474,-0.7134447357913376,-0.3727757944647531,0
0.7654131597752886,-3.1284198876472162,1.0465935800415518,-0.3994399877434277,1.095537261084284,0.515719619170136,-0.07833084893015722,-1.1639279837141792,2.943216296233881,-1.3263174088538023,-0.48016228319304444,1.8044839575486789,1.2271944139966384,-0.5154692730838591,-1.3737116473796163,-2.6576746687618282,-0.4992607619295857,-1.5142778300520847,-6.0386553936209175,3.377768241289362,0
-1.740106315307179,-0.2072077876632894,0.5328280810841157,-0.3482614297967008,0.3863153589890206,2.485313924533686,0.1361246340758442,0.7355591172046352,0.03389967408775578,-0.7354253114815144,-1.2223628070042538,-0.9667598989302958,-2.975611588408191,0.3619078363609881,1.3689240820090354,5.622712657333442,2.8150164835389004,0.2878017465308351,4.539851104635431,-0.7202785765879318,0
2.4933840988956586,-1.0308705014909192,-0.16144553643012205,-2.806032872249618,-6.592941324319873,0.9442148402518143,0.195162047141818,-1.6632529181885163,2.4317197594167737,-2.708421411701499,-0.17870688456349573,1.1883523292500429,3.2014972081536572,1.6652522339446956,3.331897755137144,4.66570412095091,1.2334147914575373,0.3487469853149141,-2.2010427031924658,0.537179814541736,0
-0.623323353509627,-1.5701725283877768,-0.5155918740841567,-1.8158405098301387,2.373105476754344,-0.27313214371925276,1.3493239278107392,-1.3716758001530391,6.209747989687786,1.3215562213281284,-1.6100216729089964,1.018023922314573,3.87762701033783,1.5380162818616334,-0.9601180031638736,4.101700038912323,0.6091772854293946,6.128232513917624,5.08892031126592,-0.239455093765584,1
0.5755033335624684,-2.163533782985275,0.9864315612153645,-3.947477711945936,-4.282817157964772,-0.947530740972112,1.2530582102439143,-0.5796435222319753,5.332502019692675,0.7139852850463275,1.1760109851977065,2.5321186924869803,2.901708619020603,-0.09024288144032204,-0.16856597022308373,0.7655811731768327,-1.4523931920376372,0.9784983679918837,-0.8745266980059041,1.451926632314722,0
0.23325488395860539,0.922307143681776,-1.6016526966205915,1.7656674714882272,0.1216817822106117,0.5636736542701563,-0.268677877524957,-1.5951721050973988,-2.4689334143835895,0.22508826277965244,-2.1797886613902455,0.469360560316343,-0.9342955418823203,0.34767354224499963,2.018274160072405,1.0523098543561424,0.8172190532962884,0.20181382163890182,0.7735329279625941,-0.08187417719083909,0
-0.008976106945626339,1.6042889339426027,3.3336010360667863,1.5164240966366132,0.4200941755697691,0.26151859672583017,-0.330810519522272,-1.2807618873987723,-0.15595131370912857,3.195305058315662,0.3330584350670474,-0.24386892861497134,0.761803491964037,0.8804864602241314,1.282427717085405,-0.22731627678061714,2.8253893426854457,0.581002105220568,6.659167106939176,-0.6431504101226553,0
1.5035475910837488,-3.267297039357586,0.24434936038519584,-0.2347549911567317,3.1126786223828695,0.6163942905303589,-0.4000574338825259,-2.0787297545534473,3.596618825197812,-0.775334409232064,-0.9023171545945426,1.2258069460396868,1.9523689102080717,-0.05510144973232095,-1.5325679683690288,0.10796908943078673,1.5378017694529813,0.8896814647254561,-3.1306250403509264,0.47321706581198286,1
-0.9198777331870942,-1.5585902395310645,0.19416130820593613,-1.7279596207323533,-0.5139328143911093,0.5962997854612124,-0.05139492719252362,0.7012155257507762,4.210402920085557,-2.725514738867332,-0.29102147308529397,0.41194426189972333,2.247178919614549,0.6277023945519214,0.49003867623738695,4.262994272020689,0.6633571579936761,2.9169124212352644,0.998645090075243,-0.5317757009616373,1
3.6533814545559693,-2.2901348912413706,-0.09667420672761029,-3.400870649112352,-1.4426695123375317,0.8603325594167204,-2.767325422602398,-2.6449963066558606,5.150237863898612,0.490335760007659,1.5018791337963189,0.9429610301975381,4.996208178876062,2.7148169394863215,-1.6364783726640093,0.6452419387438695,0.3479462290905545,1.5965315339729402,-2.948759987380795,-1.6615809891779918,0
2.0033539718353484,-2.980694635892622,-1.077987234720917,-1.2455902027120935,-5.856535146402707,0.6776371019248881,-0.007674063684503472,0.5969045158649411,-1.2836777506612616,-2.852191939908819,0.9148677980978497,3.5202898953631325,-2.8032434964984447,0.8519290707908426,3.9519232583373523,5.967357162027705,4.149472334044349,-0.8196269013037123,-0.8259236041693425,-1.7150933471825391,0
-0.4285517087597933,0.48044615850130146,0.9045381695935355,1.4457115714011612,2.102806967257779,0.2305415868507293,-2.161055997349271,-0.25901102745267024,1.5222812852246437,-1.3488409361938296,1.0048216917579127,-2.578604557677103,3.539132608028415,-0.4211027721618318,1.092547637721903,1.3904653840046006,-0.664070950434122,2.5297091120738004,0.6935962102168232,-0.0783866997293929,0
2.5730276153112266,-1.5766864788520039,1.5883063490929596,-2.4849543436580444,-5.463752966945688,-1.7262139619578896,-0.16045004326563395,-1.5132333461751666,3.838797027611683,0.7753755781802603,-0.28057170659855263,1.0161560030683794,4.656745299492891,-0.2801110077500062,2.783926202202858,3.1546955831703385,0.24328610634696912,2.007270728925223,0.7437554986637684,0.8254145978230849,0
-3.1098107286938634,3.369779196680156,-0.6641894513346731,-2.0542761628827453,3.690953579169355,1.8657273559684568,-0.3225487102266215,-3.2449762049212407,2.381669966215451,-2.7803064780383697,1.2287280552289201,-1.577914578880312,-1.9365913997546504,0.8410815386064158,-2.817810388992953,3.578406458427122,4.013621585025859,-1.6670293271672376,2.8158921301699613,0.847928753355282,1
-2.00104840320199,3.257845177694335,-1.1498364068843054,1.8809996578229398,4.255392574800593,-0.013862134504271355,-0.8652090538522467,0.2800304062729715,-2.5302799836691663,0.054345020382862375,-0.5179672992165097,-2.575563302151428,-2.2909002287965046,-0.7682553203917698,-0.16429229534377865,3.660503286828663,3.2437884112672446,2.0508021120723696,7.484632399450457,0.8564598131487865,0
-0.22525039739723818,-1.0434456473711595,6.90329274261112,-1.2842086706094071,-6.704080733670411,-1.5690990246932246,-0.5300895860048698,-3.9498663418990114,7.58292711764989,2.0509983952830466,-0.9081539486076704,2.9008308680146473,7.363839841338363,0.09689787603431459,5.42644175157249,0.7138365490218359,-0.2617462414687599,1.2913710343511946,3.3183934255401595,1.2937531558659603,0
-1.5423869602899076,1.9201450975227763,0.32233293837732147,-0.008659619744534552,0.2796090893160068,-0.20108793560036814,-1.2369532584428453,0.8654122651137262,0.16815091045906613,-1.6153515980562427,-2.074959680895303,1.4200984624185635,-0.05219279939373037,-0.41987416228435775,-1.2362214357718968,-1.2647558586520051,1.7680521485230938,0.3320950793705266,2.389481148635644,-0.2249195395553516,1
-1.5193349452697422,-1.8532928927969259,1.930770017487375,-3.109481025075875,-6.613146230171153,-2.133184427628144,2.099752547995989,6.260082606395669,2.400207108215641,-2.584913086567969,-0.9334711584250414,1.8039142050853512,0.3359263857130412,-0.5754902130961214,1.3496997202158423,2.617232744577182,-1.132150186956967,1.6981659893660068,1.951349057317729,0.5068025945524742,1
2.0113220088564505,1.5511790218481976,2.181632194538694,1.0622060097927284,3.5516682095097356,-0.29409430838863376,-0.8208389588502913,0.5562715046265287,0.7425508427557472,-0.2687649135209186,0.906343235397152,-1.8232584021658995,3.7030622416758336,0.44075675443876416,-2.566715079387686,-1.3062728004385273,4.246243977435105,2.5105143683979336,3.998800219716288,0.818313736319962,0
1.6142740112789435,-0.16219054153940982,-1.6262101226917172,1.5068359112631375,-5.743511371145557,-0.13850102193995345,1.1701923340705616,2.4936639957581344,-4.851290480254882,0.7500828024174824,-0.44321869242769574,1.9004093870577274,-0.6173813283781637,-0.005040870223528701,3.8682722375741188,-1.3562675177316603,-2.703704091774528,0.2347461007241619,-1.4348008726381978,-0.9794157382151545,1
-5.083128399757175,2.6525836189020553,0.5038387091205929,-0.44136464520636454,1.3996523652322344,-0.937413788436313,1.5861141314213119,0.10630295820722235,0.5349834522769584,-4.687281948041221,0.5648641321559589,1.575419137692783,-4.416107247481247,0.03808450571949245,-0.5910954373155636,3.213795911267818,5.109855613631891,-1.8377154374218678,4.514553575098839,1.9121780476629535,1
-0.5889436127496985,-4.290975928113738,-0.85231739013987,4.0093132610868585,6.612951517666759,-0.367114170072311,0.03158900615257829,2.8175038774594574,-1.5014438835507755,3.825296211130254,0.903058166736933,3.1409670104999985,-2.6160308432737,-0.3494249506357074,-1.9349023311576783,-4.189731769934676,-1.1804813424807783,3.243171055299963,1.2559153780745869,-0.9172616421772875,1
-0.26935823044067086,3.0457441833608296,0.07458675844139417,2.1322854300759424,3.4798644667589995,2.411640191788569,0.14328667188202532,-1.5964444435446365,-1.435125447010421,1.8051677516650226,1.4754541310422942,1.51524645976015,0.700407073807124,-0.7567803670208672,-2.6850777889221105,-6.01700357799251,1.3666294060393414,0.028681568131336044,2.2383439256524356,1.6860069497704442,1
1.7024889623176354,-1.7278033888410222,-2.7282647962480526,-0.2681869309330943,3.705924249323929,-0.3046678337556559,0.6205008990991626,-3.2436011345852584,0.6915384439006954,-0.44074956474883265,0.005205261894946381,1.0024201422112133,-0.6451861993590655,-2.729404384923734,-2.550848072231947,-0.6796656390790746,1.0669940947094798,-0.964615604001763,-4.927086610209311,0.679373170574121,0
-1.0961790760142294,-1.9160205657119063,-1.1609962941661895,0.2724677105587985,0.30065719511569106,0.7344258528096671,1.4224229552858216,-0.6731483354142769,0.35174741798064524,-1.5783119876291152,0.628102969833705,2.7131284187743825,-2.163152491652032,0.053384272479021756,0.6407126825466776,0.7195977367172915,0.40973278565325744,-0.8267505739392531,-2.3747863373830396,1.3697811019623787,0
1.238193905056483,0.20946002464188962,-2.1254848313231403,1.3371521158035868,-5.3638065852340056,0.04052294231700993,0.7611740390516388,3.0767601450941777,-5.353254276620652,0.9156936259105328,-0.34988534912300295,2.577591737429925,-1.6252905356887455,-0.12064303412983476,2.907744080242378,-1.9489822174378155,-2.246693540730446,0.2239345679021021,-0.5726263178159393,0.08036232596303014,1
0.8404156173460098,1.7695552091868567,2.7132939356989674,1.6768115349545574,3.2406739782339713,-0.1512990397697074,0.25668523089147866,-0.9488086345507364,4.217583813636832,0.5155244249922502,-0.4138101186218971,-1.7987745112336375,9.054609307916623,-0.9891545179929867,-0.7441216137121756,-2.2047152101897276,-0.02096115050719405,5.873472934570078,3.9732887738031333,-0.6763397157635455,0
1.1930473895901308,1.2502581392405667,-1.854147305930943,0.8121922886276558,-1.3945785771039627,0.6611529286613463,0.5102522224050183,-1.186951105620504,-2.5803006258623573,1.1287444345250988,0.9334229544758639,2.314490973926974,-0.4184085186180398,0.2620165743584757,0.4572469035793181,-2.1325051225143477,0.4144565115442972,-0.2128769735114936,-0.008856841431624506,-0.32474193508197385,0
-4.943535732917232,3.9457646131763378,-0.19850705465722684,-0.8593829481965506,-1.101466126099133,1.3878459703459731,-1.1193908797459098,-3.949880420641768,2.3849459553134476,-3.4771099928005857,1.7632988002995693,1.6464949995886111,-0.2940626194155227,-0.47318310630711363,1.359679007376363,1.3136236295411743,0.44203440633365554,-1.9676412420956573,0.9471302619278055,0.5715306969007419,1
-1.3088023439565564,-0.10474605650881741,-2.8892519212432983,-1.8678836540971355,-0.5812505236659048,-0.8415074589115312,0.6331951786719153,0.8384400273465009,0.7544197125103986,-0.9711033302939958,0.504154550950278,1.1299450362391046,-1.3661852802887773,-0.664267864958582,-0.6522904671582983,2.8435997083634814,-0.5360837633740818,1.6044583581641896,0.9885806282673495,1.1012195807277088,1
-1.5032624806452417,2.810627468506608,-2.0659986603182605,-0.47725540213187145,4.010558612083158,-0.8998579716352683,0.41809142750660166,-3.990298538595234,2.7592908108461947,-3.230907874821943,0.4955165241448958,-1.4349651614163972,2.4370029504691115,-0.6749378569134983,-1.6637755889881252,2.1120168871587603,1.4853471030663368,1.225090526106096,-0.11061051776560717,-0.43782212286165223,1
1.354539924763296,0.6027293227075279,-3.2033617311052365,-1.0896344032046068,-5.612880862131681,-0.07158569289387905,-0.8839229498283454,3.2604484642806013,-5.12062575224848,1.124695644138465,0.5063867472328947,1.601662265920217,-2.8298345087579575,0.1430849370279944,-0.09742511789308028,-3.8720273317332055,-4.301470133835107,-2.2876235936596223,-4.133575086557749,-0.3657807453020064,1
-3.089906692757156,1.7151493686365713,-3.2616811518543027,-2.075143841153788,-1.8104458628153317,0.24611770637658364,-0.054254602864147856,-3.815541098967694,0.9733206353860508,-1.5247283747218052,0.8708175518634642,1.67776034202527,-3.050229891290549,-1.2969126132719826,2.0176358241078116,5.873585303069657,0.843166012096864,-0.8887759173928966,1.6143587039887024,0.2616252635807709,1
-2.086692823652055,-0.5616329017460518,-0.42450685891457296,-1.2976068753123151,0.47254437102904784,-0.5031635190463567,-1.0136058423544687,1.3360807917756825,1.3729911357034148,1.5847537716021252,-1.2325890641689152,1.3120261167150502,-2.3425802460423903,-0.6295942318637977,-0.3515039532459523,3.709466530901287,1.3856801526573577,2.4274604647474685,6.377914951056061,-0.4691307161274624,1
-1.5703146409961066,0.20146172072470936,-1.3379115532239931,0.31920373888595244,1.9318379050855843,0.18345422647223275,0.6193492954346987,1.069851297501754,-1.5899903826819506,1.5597367547599765,0.1902109593428422,1.3848902525126265,-3.740546244328168,0.014381996244265737,-1.5086965654041222,-0.4048790279712522,0.6483961967149412,0.09115779266152801,2.889467150277258,0.07673285939295683,1
-0.30919868314496624,-1.6200335304129792,0.6470032192475181,0.026374204416204305,-1.2685382266125087,-0.24517242185138566,-1.518415698828682,-0.4724911133972972,0.4475409329658613,-1.083502393344756,0.7489361138059267,1.0599962631293445,-0.9555140337299111,0.04621160367091715,1.4687457066948075,0.5771548998658235,-0.11401452953285118,-1.630003425487232,-2.5573143061747783,-1.9232162862097522,0
0.2318214564251191,-0.6347630919151355,-1.3154497929623608,-1.814493679405878,-0.5362554711743113,0.39329513816648076,1.1064571522946443,-0.8604078805521702,1.3524663375218235,1.230494976671785,-1.3376741860876842,1.8398274852523182,-0.3296224073724285,-0.24584831744398336,-1.5141653941199853,-0.5760014421697581,-0.5966874084332323,0.07048926228861241,-0.584215038701702,1.900649041722087,0
1.5477463986031814,2.3084905709635257,-2.3122965302323495,-2.8357435505412147,-6.226745495007806,-1.4771644163123816,-0.5102911595630633,-1.8338667564073279,-0.7745978616856151,-0.9708061410423148,0.17782979970543425,-0.3443102581419526,0.7614242870171861,1.1026920460743783,2.4962965907062964,4.29757259738991,0.3067211126188333,-0.48951954325379365,0.15041794731632302,-0.9201522314576858,0
-4.542623420880403,0.008236475705077684,-0.7966042950446117,-0.19625158792001884,1.677736132694304,0.033870549435244236,-0.4735233815541974,-0.19172050404441698,3.050606657797806,-1.7386067954342384,1.3413300695496801,-0.3468764064386701,-0.11671788751696373,-0.1816451389062335,1.1121213142215867,3.4383497153147373,-2.4993902813375497,2.020161143237645,1.4067496877158416,-0.19458466303966782,0
2.1617403307061256,-1.7804048205302383,-3.882799740484528,-0.8507672389675555,1.3259527295703124,2.2999691243864735,-1.4413417457153697,-2.6185048394041273,-0.9052961630022857,-2.451362178755507,0.6564065654899721,0.8088580045317786,-2.543135416287787,1.2891318354374448,-0.4900205468316552,3.942920553202661,3.281528460224977,-1.2017056245021218,-4.067019012149744,-0.15201890563269788,0
-1.9480394007113948,5.74083834534675,-0.628434957164447,1.0752739646412306,0.9673041983606693,-0.031160364801477616,1.2463298110749443,-0.4834409449481466,-2.5708881545217745,-1.3089359230428879,-2.3981630952508977,1.9339170416982379,-0.5614061777769321,-1.1550084973999024,-2.6779625949262673,-5.583164269683352,2.1315225530928448,-1.4124805045682436,2.617694992726548,2.418355753572451,1
-0.6087159827596114,2.1052933327123062,1.4608275859460234,3.1676555880184147,4.87833739496187,-0.461975597971284,0.7060669498554304,1.3386448562513578,-1.5086186244920141,1.1223282249505329,-0.09803107127978729,-4.3006666751404055,1.5513899814185244,0.9592533764490382,-0.23229455060838355,-0.01832571385908237,0.48720411626942084,2.7492299937312907,5.034508859140731,-0.5822670625087771,0
3.2654564060242164,5.148055138770288,-2.1667150605212235,2.4785212174645723,-1.8155682213232893,-0.28479555664743317,-1.178179687334277,-2.8495013342681466,-4.598467424143942,0.11944372507883694,1.110753172414642,-0.34241752159325434,4.1304119883945365,0.432850402519974,1.2462234098293379,-4.37000494642585,0.05523745731327523,0.3164011403514506,-1.0278104278692548,0.7911400043558836,0
-1.1886396642509043,-0.1079393100044348,-2.0877377115537916,-6.032419109506453,-11.330738289316038,-1.1221505614864147,-0.7269948257170568,-0.31395336294999854,0.6592941006487345,0.5615560333209428,1.6180684811660395,3.9814948762628553,-4.874334223278823,-0.7687668285606931,4.790246582637379,10.064837629302524,1.8223324835198222,-0.900380577773785,5.596791915416042,1.4503402587590621,1
-1.3457897543398567,-2.090716271298878,0.9976308306576822,-0.2801858625004774,2.428462483693676,-1.7407006063803354,-0.39907053924309327,2.31935128046864,1.6552084072337778,2.8943276863891194,-0.8247339795023627,1.9297470784295698,-2.2955062893462,0.4219688214334575,-1.11607752755773,2.9023734416188494,3.0549747818063633,3.5918443587681814,8.315035417437933,0.2201291874877759,1
-1.3158659120042335,2.6972790656335977,-4.563262343261172,-1.7519102461508345,-5.71166495772466,0.9753357348887596,0.4489427181929976,4.050940761776467,-3.997746273502092,-0.2507447442199997,1.6826475940132972,1.1577267309885322,-2.6625962134656294,1.7481355725242844,1.3450454303192334,2.32262382654188,-2.6207660367818697,1.8751477682960613,3.302858032116208,-0.9764255397315984,1
-2.5887180170433886,-0.8650080779353805,-4.76602667513491,-1.6200720373090474,0.5455832622108168,1.2537347862197346,-0.7648492283081031,0.7748962658899667,-6.26629160330825,-1.2202128985422245,0.23787515634886738,-0.09802491799163815,-14.06030589242191,-1.7959827345840234,-0.8552565095270537,5.119624303436392,1.8936308863471667,-7.455322452752819,-2.7159758700042116,-1.2896760979610558,0
2.0299524506313285,-1.0592525935250778,0.4028689653159343,4.305337483310685,4.1501719076720365,1.5583499601419777,0.6623061423683021,0.7163236544252737,-3.0005265155804803,1.517153456001823,-0.08586390079776185,-0.03350154249734705,1.2837243928314443,-0.6903518661262891,-1.33534548787011,-7.437379101288965,-1.8112294293908975,-0.12098606491549169,-4.227949942434443,0.05650767442926739,1
-2.699876663018871,-3.0173381146896987,0.5077049803735021,2.39305421709828,7.607406920138323,-0.36663387866893304,-0.6353053696216646,1.6510760410972893,0.47448234783425824,4.0922075519921,-0.3239808507005772,2.7933768608593317,-4.584686846535409,0.1367465026484631,-2.7144416276027954,-0.6827714934555921,2.296651959340081,2.737797677955238,6.723829131495424,-0.3330397757389188,1
-1.0009554829353624,3.5829674531192723,2.968695228995802,2.2448454019327757,0.9643946189689532,0.566607832835089,0.6378983162599251,-1.1002756564683946,-1.880768354576862,4.193519956021804,1.7097080286755184,-1.291763037184862,-0.6411707720064379,0.8700602169074841,2.137400291341492,1.981277151489342,4.191418543555189,1.553566535303299,11.643563050012963,1.7813997166008577,0
0.40255211289857185,-4.5923495398002165,-4.784991120498814,-1.4302359092729702,3.143514306344026,-0.8002932816073767,-0.01792796824979873,-0.9219665020022292,-1.5448081769117459,-4.739053524540061,-0.5270661182397741,1.096238402164827,-8.542037499494757,-0.035420140691509526,-1.1220852822239347,7.500773263973953,5.008399576483109,-3.5277395319410325,-5.761133108127941,0.5501284812178794,0
0.2930569540260437,2.67216100352577,-2.445522897324702,0.8315558618696228,2.3461038110989,-1.1301166323689484,-0.2253481337130077,-3.531853083114435,-1.3020141679384332,1.217243335273035,-0.44137750329462916,2.4668561857054003,-0.07008755318292982,0.13775840517403723,-2.3512225644409583,-4.178813251359594,1.1817318543689779,-0.5452241617571436,-0.06421747636214278,1.1181685483739747,1
-0.23280541159689205,1.683067350528801,0.9260016140017487,0.6202522084892225,-0.9804035491973111,0.7470588278241231,-1.321209231856129,-3.8488581149571317,2.552833076618571,-3.88203781323911,0.028565762777586125,0.35907918930157745,4.208006510319813,3.096588896142549,2.8841529994166297,2.6045378094883045,2.6197404316046287,0.8243919789338722,-0.040183534824727085,0.10666965536704488,0
1.2823765690349378,-0.5907964065845666,-2.5187706137966654,1.296095258781601,-1.7441824754240434,0.07540912892466581,0.48898953066004497,1.1899007204950678,-2.2307042139929565,1.294500924281921,0.560761268005573,1.4692840958943965,1.4264691468109243,1.6759187876093766,1.046448442614734,-3.22729619817612,-4.3609322582794805,1.7250792287320036,-3.0327974646794678,1.5571866323767578,1
-3.5320682231383347,5.809771399621691,-1.0068574832697397,3.7221133518709397,5.398923683426647,-0.2811940121974293,-0.25908405908063087,-2.9904497671470063,-2.902120490796132,-1.1072993527329473,0.6952927266643856,1.499620384383146,-1.3895926444671616,1.1974231998049074,-2.190057257350609,-6.012750304769978,1.9489917775480583,-1.6667877424928506,2.0422378327866952,-0.9667345298767035,1
-1.452375217079906,0.783375450565604,-1.629120852339271,0.7938082544638451,2.624403795733182,1.4852165841471172,1.1176324416039574,-2.2615497136672458,2.031764559442775,-4.924746908962046,1.0868634897218359,-0.2824240069786529,2.4779990367395497,0.5018520493598908,-0.022600335281838246,0.6873162682023498,-0.25314191959764654,0.6775071749200814,-4.023955426365887,0.7397592906972692,0
-0.923910420419961,5.1898222308051105,0.42116004450918854,1.2753686144573493,2.607153429036313,0.6884365198746686,0.3397830221392301,-3.9464520671479653,-0.03510323509182471,-0.8479229218869705,-0.2629749140157042,0.6239356939309384,2.1322290865403106,1.520664172981186,-1.8929266960744988,-3.859413110872577,3.0805513288853414,-0.8111253322425123,2.330688463329316,-0.18224182417853885,1
0.8283996705984453,3.0850249071566958,-2.437286503194282,-1.481087359695532,-1.1138509492423256,0.5945090026314696,-0.14798874752285357,-0.6661372981372053,0.10596735603559343,-0.9533403603084137,1.1629895956773382,-0.401529663208388,2.824100310767878,1.7097632516645733,-1.5040058277025632,-0.62723608098732,-0.5532148040869942,1.580525185606937,0.20277190185131028,-0.8319711080785314,1
-0.3890683366609844,-1.2453562349523621,-2.255382856307935,-1.280874454372879,0.015245447397069307,1.1320968808346892,-0.1681396460491672,0.09538254523092071,2.4065775012709456,-0.04791680680909727,-0.09384561622336655,2.5258074637000876,1.3003746774641929,0.14999508990773913,-0.9064461349426358,0.5774818964003616,-1.2416598697864374,3.0392287709849537,0.07678664929708386,0.16495687540902468,1
0.6709844324604837,-0.632227091333087,-1.170918779013972,-1.1363094925001886,-0.45225026376478844,-2.0843316213428005,-0.5582302623977843,-1.0192320331110458,0.05101002201050886,0.23392593626835323,-0.4214829971663628,-0.3049983347167462,-1.209460633461156,0.6128253216693214,0.2464520607947055,2.6994198753876577,0.7299119110876808,-0.40735798460355677,-0.24478219541138124,0.5212157911887249,0
1.9554164708159032,0.5569527971523693,-1.7523608460792928,-0.6743373263836672,-4.378842636427438,-0.5237592910266834,1.959683981955883,0.6453728793800791,-2.6772896095871634,0.31858311921398175,-1.0429282618087377,2.0417857797501657,-0.3025689290778053,0.3132416936936163,0.49973403909288616,-2.4074188348010708,-1.153966531460016,-1.1832407052151148,-2.5581046905123306,1.172967699164266,1
-2.6439715581855956,0.9232586860646668,-6.159433982819145,0.3768667224436082,4.750857070062497,0.7566424651069377,-0.8588442782989592,-2.846049459187712,-0.6020076227600962,1.4212459805554665,-1.1786911317962547,2.7912261649232426,-3.1032584788691877,-1.082158135827995,-2.376600234756716,-0.4276540488389828,-1.735356103363055,1.6408562988729423,0.27270441916224847,-0.7058040551156496,1
1.145070500598387,-4.1545067939912705,-0.3430210189612666,2.499652199790864,9.164558500270577,-1.4439289224922272,0.019290880373942807,-1.3172567038291474,1.4406517510049135,0.9305865820770147,0.343554577039936,0.8059789520403275,-0.2591241908978412,-0.02230853891243121,-4.519994756669246,-4.59097333269393,0.4841381546845209,0.22165494840144395,-4.999788123224818,-1.603729475029895,1
0.5619793153782984,1.402204891841349,-3.490698008551858,0.11787497913925349,2.308375893183068,-1.0946920440273713,0.021626630593564705,-5.4798803911382,1.419821789072521,-0.4363001766294038,0.8930774345656921,0.04015399334756309,2.4636641515946422,-0.3415204150053053,0.33647826696802197,2.245567233212358,0.41842596193653825,1.857597500910142,-0.8551868680240255,0.7348113435104173,1
-0.7203095871286711,-3.362768135659657,1.2758432664984167,1.8748677462268875,4.318368271337462,1.3055827158105235,-0.7133109002802115,0.7732735114675022,-0.22711924859329735,2.5181488254626307,-2.336069605021263,1.8562864345785313,-3.664732904373382,-0.2619450064243539,-1.1981105507497882,-1.2529954464308606,1.5737725953129926,-0.29847655483827706,1.3920382202098434,-0.07875288624464007,1
-1.4545813828768357,-2.988418569130971,-1.7885094945355358,-3.350585135083391,-2.2181363762103707,0.18033869066388744,-1.3432093905839007,-0.6245953648671801,1.6290203542305788,0.1377252250084149,-1.1819955218978246,2.0646158063365694,-5.168430289411678,-0.9593549606481229,0.7674110803355539,5.861879735197354,0.5250455788701313,-1.646050650980765,-0.22428312048232796,1.1626480586861927,0
-0.7949832112424375,-5.094458283126782,-2.6899653193525443,-2.882452683221879,2.677435077299704,-0.885668184006416,-0.8507827486281534,-0.7387502380821901,2.6043219896388576,-1.1995230190755422,-0.48171705093552597,1.899505010552879,-5.686377568111181,-0.7287901963773834,-2.0640458546289273,5.63214497300347,2.112588399218808,-1.2579848658153956,-2.740066148456361,-1.3387237061355735,0
-2.3472254681918754,1.9399486448291845,1.6777916163395123,1.725871327125759,2.9453268953133405,-0.5693611920908682,-0.43519333219779316,-0.32347539057215724,2.7261349125441603,1.0499214878094194,1.277876521041972,-2.0051336505058264,4.530420665836715,-0.8747762242543676,0.6629821926611749,-0.020645629118657614,-1.8556859726132782,4.414042628121878,5.072575302107789,2.6903150072886937,0
-0.5920075918201215,-2.8020111469647007,-0.8014502346130721,-0.5831254286677392,5.972000343162621,0.532022432272786,-1.03008605490443,1.0015816581166541,3.7918550290263546,1.3588901038840167,0.9363801346166222,0.4420614157890148,0.6458958292729168,2.445769569113684,-3.9349633840164255,0.6391813585579187,0.2898317737594118,4.141860730966043,2.2009877751462237,-0.5001526812147293,1
-1.1664586073426282,-0.460371263957569,1.0829098807568727,-3.011923531507827,-7.691032148272256,1.2784852074516722,-1.3838590189958457,0.4576639248388479,3.091619245129606,-0.2946326501736456,-0.8500082547603859,5.086716553964518,0.9930129679927927,-0.5967724763676152,2.7849198520305136,1.984033499847935,0.27003878674482096,1.0136473933087893,3.082818308311851,-0.19408013233309493,1
0.9696159522018837,-2.829918050166481,-4.43917690332284,-4.936857514101206,-3.6721551582564924,0.1288496213559143,-0.21583075543615446,-0.816450072069199,-0.47197328245815645,-2.758691681661908,-0.3536525548815509,0.24526903412668133,-7.076398607517121,1.1378577759693718,1.3264208663906105,11.781453153398951,4.169653582340553,-2.43498950400304,-1.1394087324109694,0.16344774661747724,0
-1.1834411879962787,1.9365567092203357,0.5422669823143538,-0.6178501091661696,3.5403673500478807,0.19192200503611323,2.1321464601437015,-3.5049077077778197,2.320363193119488,0.9244686520210001,-0.7081861613595825,2.098116119171398,-0.27548541273921945,0.2463479529484988,-3.258778511890443,-1.599410306163283,4.02391752225042,-0.4507954929579452,3.621081433997409,0.2439861879976468,1
-3.1215495710317827,0.9842908602940452,2.501054645745798,-0.22382773758255592,-1.0225705082236887,0.4524964561026824,0.753601109159814,-1.799196613996083,3.949304127703591,0.21966515353966343,-1.5534561336632653,1.0681413774971693,2.217932440603214,-2.0239316109829444,2.247762669295809,1.7139608082611106,-0.1782977230969478,1.5387269347172174,4.388141784472829,0.6397375066988947,0
2.6209168416228525,-2.609388889231139,-1.702133954534136,-2.697151246894998,-0.16573958372294917,-0.4761991603989872,0.16601884787457225,2.179038318608714,1.8267936936467857,2.7139670431536724,0.8889400055930373,1.9159692844182747,0.7980467992125702,0.9964626154129835,-3.1298810813165874,0.5861361316553683,0.5618547431865062,3.737577723646531,2.2434694027503617,-0.10613200761231605,1
2.106925479904768,0.1564226333685248,-1.7027785912501288,-0.8169720086650955,0.5219273126071643,0.03080713499795014,1.5407523765167723,-2.9759016018326148,0.611389051032458,0.21044417741199162,-0.434794693372217,-1.5462507304776687,1.511976271515271,-0.526482354794923,0.2502977369096444,2.9181963435049068,0.9344019151722242,0.6923905964629367,-0.8123980515290712,1.130526619537311,0
-1.7935892314718038,-5.127050028234087,-0.6741488647019901,0.2701487773623428,3.8081017505247505,2.2689916116594535,0.1884535964292827,0.2912546620946759,0.0841967424965585,-2.5156996053281433,0.9632265338939392,0.40194985885829326,-7.09480858678763,-1.2704882455818216,0.10564578683425063,4.915460933721205,2.2762460023510895,-3.045237958376066,-3.681789293672561,2.3596142591001037,0
1.3707488198247697,1.5081367720544447,1.3849234065772538,2.1513613412847645,4.76264312594259,0.6543556905962175,1.1289567351829475,0.6521282466515905,0.6107233525015507,0.8489390117402253,1.988884638754853,-3.0184458631949926,4.593282662674358,-0.20025382681277568,-1.6393053857618485,-0.8321801002837772,1.757085676207609,4.416449642578783,4.572189071482499,0.5090451447971439,0
-0.9596027595259631,-1.6997190529123012,-2.432143960972462,-3.20304944408801,-4.874329396641757,-0.381771196674043,0.5884361802403073,1.0040411536786484,-1.8722286798983878,-1.9827792761662442,-0.5773420157083338,0.8940927091470878,-7.421949375577913,0.4375062034730363,2.608350522490013,8.568247977673073,2.354115538337346,-3.0209974366611334,0.3484171674583079,-0.7418431610084755,0
0.8283608805296052,1.3435060789070052,2.363935122863506,0.45234534028215456,-0.4221374320449107,0.04668173416196121,1.2803520208371357,-2.2111936774919947,4.166682575206888,-2.3069227389813616,-0.8560848720009113,-1.086124093961902,7.6998540402336895,1.5414571948322535,1.7350994818444616,0.9593941469924705,0.987778807320999,3.3311570334632687,1.1334637823955895,0.11263668182564038,0
-0.3715671186014068,0.7380933610083211,-0.8255347576208443,0.9004487945413845,0.18634271522312137,-0.6873544343582937,1.0982358035234265,-2.4768930234713187,-1.7413924782068178,-3.1438969594821455,-0.5310591703786759,0.030940887296571296,-2.4675652892884883,-2.370885373306439,1.7305191385446865,2.507449497957049,3.0034714596130927,-2.8900912500885534,-2.037389684211897,-0.05169793937523165,0
-1.1684628934075894,2.6389154563224078,-1.218183865041762,-0.659231814691979,-2.9377276258148877,-0.8341590467165808,0.5425042296645154,-2.5497358881334042,0.22472495313602978,-0.08683470545887295,0.48292994517758675,3.6050602414460564,0.208517738785351,1.2587612397600683,1.4097597511958755,0.5065673963735868,1.6592554597744023,0.4651809927810483,3.3405663512237327,-1.2167856410814177,1
-1.0751321997247687,-4.821516603159772,-1.0782471207523083,-2.0689852802155206,3.790063370460912,-0.08251351891139448,-1.7052076077760168,-2.458313195706973,5.150450292870561,-0.3428967362589488,0.3366014275621669,2.919116874039265,-1.5955639495432088,-0.8348299105466731,-3.240023084267346,-0.38737360768945117,-0.9189835732105949,-1.2573914181311052,-5.846967330807729,0.5487004763949003,0
-1.5969273030830724,-1.4351879501815452,-2.0805251315655453,-1.2299922947366855,0.6804497778877816,-0.6760543665488047,0.9937402628679574,-0.5867007329080558,-1.1258200587418659,0.31043742752276593,-0.4198469958312289,0.9805763264441234,-6.105975337224878,-0.25308684101411083,-0.7564720568957577,1.8708227589023319,-0.009698719122091859,-3.228308948960031,-1.866954154171599,0.5698763759795226,0
-0.12633137620404877,-0.955357938195404,-1.8355678890841456,-1.1438225493126741,-0.04082936137966998,1.198225393201287,-0.28554162530722377,-1.4396923138371238,-0.9859476308761141,1.249405575457747,-0.7140417437774549,0.7351707486361827,-4.025003926614026,1.2998712435306046,-0.32547470344167273,1.5530607343029037,0.20803164639559968,-2.3053032194035668,-1.2219358836552154,1.3527590306147632,0
-1.8357623949710726,-0.6399511975829437,-0.25630432172244877,0.24854880592172846,1.7167687082995875,-1.3555418611641263,-0.6476527563780456,-2.4285531907521514,2.016546861683295,1.0964001183204293,-2.3690243115812515,2.462022278678198,-0.9192775136319277,-0.3300068686248863,0.47593430776968204,1.483814165357401,1.2508328099622243,1.0387145388670407,2.7649911410662673,-0.6567103997764666,1
-0.0876783398811325,2.1393740920941897,-1.7832113309705253,3.016239278569443,5.09302118549016,-0.9878580736322409,1.270845621075548,-1.68937396549808,-2.802567602903875,-2.319969102538141,0.8720901955337838,-1.6865236007382902,-0.5899077536931943,0.32762621732841496,-0.8985728687934529,-0.7682207146018518,2.131493155792827,-0.43420273712359014,-1.182355048484358,-0.5468384551947827,0
0.584000441708872,2.31386481446219,-1.059145654085733,0.41808127248448557,-1.7703121303918679,0.09686603247587562,1.8453996812503788,-0.8290232883599513,-0.05960491776880214,-3.3506731788233086,-0.9217178364819151,0.4284723279786451,3.631249496163409,1.0286987158898995,1.0712265442870206,-0.4033598988079392,0.34866331513464954,1.2434119758264626,-1.3013700392495624,-0.520209013454081,1
0.6480822882451822,0.9471579409912063,-2.4970581538098275,-2.725189848883052,-2.0156340105434065,-0.9834497634779713,0.31571942229652405,3.197907039647105,-1.7987044764384092,-0.24637514343073486,-0.47601774759894305,0.26549808984789225,-3.032536339860038,1.1726975771850672,-1.57606117690176,4.218576707203489,3.1085794655270895,1.5222495193043621,5.085416309650405,-0.3008141303748423,1
2.6663227269302903,-2.9689043614920547,-1.0018554652877898,2.90371348256157,0.7755954084608596,-1.1182319393560314,0.8219214824159002,3.5560384487530183,-4.466871180825857,1.119872575593195,-0.0022462017571209794,2.0350739694374154,-1.6513720500071487,1.68076571338819,-0.5969898310897748,-5.126574232112919,-1.1488634422928885,-0.03895082931815441,-3.9388884856094855,1.2377381057492252,1
0.645500788173563,-0.2570705517118592,-2.584105128598176,-1.783791427776356,-5.4351223715695065,0.6012367881516733,1.8619148781501726,-0.20868178604657617,0.11209415661080997,1.562063369697479,-0.2563556428531463,4.202459376554953,0.30200903459093126,-0.21297865655021128,2.274640131216916,2.1689609484977357,-0.5235802533250384,2.5897553846560672,2.6975720719499403,-1.5170730369056327,1
2.055054494250875,-2.914876816889158,-1.429100981986351,0.6807955829147843,3.29964225733359,0.8530151882434975,-0.27811986436633407,-1.7524341938714718,-2.104588460519527,-1.459935920496547,-0.4828777192911349,-2.3360072558501033,-4.412280674920198,-1.9037594056445934,0.4583405794971793,5.16428463433073,3.7133597615582747,-2.7255732216312034,-3.5096497432515,0.4414197598929505,0
-3.7305211711879243,-3.0025121188336996,4.021985393184544,-3.5679419844762306,-7.0204554223859,0.4612282614987982,-0.515434864681385,-0.5337375560084743,5.269472454383075,-0.012891017254592074,1.5463986871898292,2.70342499445132,-2.4420185354631156,1.7563779876279924,5.189506244954803,7.250162509408719,0.29509725309084334,-1.7467729590647707,3.4054374524430635,-2.1936479262588735,0
-1.774344360138192,0.8370225150181173,-0.7566245853785434,1.278592948355036,0.8479496195504909,2.480650917512143,-0.4969631329205013,-2.915041715835335,0.9697654179590274,-3.290984700944824,-1.3321257652766474,-0.223186458417014,1.0590556399296638,-0.08496659688814741,2.4699764548523033,2.3045037044159797,0.0033986444549788386,-0.08197583674926912,-1.9037675329267008,0.8093109039313008,0
0.8833827898758844,2.6710149153288523,-0.9580385613658449,3.940639050220111,4.671983561640181,0.8039864958905025,1.9684512893602903,-2.4169297551233484,-1.7874064599263624,-3.366533435756658,1.799738291727098,-3.3623896580772157,3.9253362936153695,-0.6886499086367672,0.303395020231067,-2.021088247435392,0.043807482118883634,0.6490137228086698,-3.6947412606314467,-0.6690967601377134,0
2.006368395167222,1.1221462416924992,-3.724087248591012,1.5616946431625487,-0.5556189882111983,-0.5911468299256105,0.32868234949648295,-1.9634854593137672,-5.597644335362039,-2.0088162669521052,0.4685236028188362,0.3268046167902291,-3.6331631132670155,-0.5373625893134,1.8059835914018922,2.131506537951382,3.144517100857692,-2.43409559490959,-2.4981087078005078,0.0217130184848427,0
3.565951892963658,-2.770452880701053,-2.0897669074587624,1.0403694232195968,0.9904836601824378,-1.4548921652893105,0.9719303434406339,-0.03826073244294925,-3.765287324425476,-4.400507351580593,-0.8263652852658683,1.630007269483706,-3.6942819265842335,0.14342893703732443,-0.8754726088850775,-0.10898832195293012,4.747370851220149,-3.828352075032169,-7.608904427163182,-0.412420069849907,0
0.5254257851879214,-1.631660661420788,-0.8879562927170517,0.8931244724845111,2.1267834593992103,-0.4597413950630392,-0.33908829452682704,-1.4521093958414257,-0.048137290330925224,-2.349350093639365,0.20207450616131314,1.1687935679744217,-0.7322953037183226,0.0960092679970502,-0.8788881210401969,-1.6976995269103397,0.548908227911979,-1.999353659143236,-5.766289315330858,0.2149259647767057,0
-3.1770186353865206,2.7579151107900737,-0.16864152794013743,0.5199810945580461,2.4664034477516923,-0.18769393142176521,-1.399343047785875,-1.5416949547821104,2.522095122246974,-5.34378770270084,-1.3283517915128675,-0.5846168942214824,2.5303965351068998,0.18147788187905595,-0.5749019297402831,0.12161125858426788,0.4301075740387047,0.4656202664906548,-1.1334944181189355,0.10076282290159877,1
-2.4432650059960803,-0.9148524616033882,-2.059430386030228,-5.1974561829667145,-7.113669349881258,0.3444449443505802,1.181221634220601,3.4273730807220737,1.0356644516184887,-0.2587238281725084,0.7541879610324033,2.8209741948017704,-4.802207640644952,-0.09614428792448947,1.5561303212964996,7.623279804496409,0.2791515336209137,0.87434554664279,5.259848863367864,0.196637741750245,1
2.3796232359142238,-0.3852935579794168,-1.170221625769359,2.4230411564086265,0.10204096477654317,-1.771422551443844,-1.2298831152865406,-2.1150183700898477,-2.0420649030078755,-3.2308565531782696,-0.4697297964895977,-0.2157555816576009,1.1671314304600608,-0.8037236608946853,3.152568258509437,2.751830857680918,3.0541428744023627,0.26184843214184617,-2.529739533544639,1.8341345643623908,0
-0.6992430573020448,-2.7103387310199647,2.1662228304705593,-4.217912158869993,-3.288700536659233,0.5514365381755453,0.7258211480387973,1.731005552423417,7.36376696498983,-3.430822286746596,-0.27111514836190953,-1.0693978513501499,4.506864141095521,0.34929277235420775,0.5825708742985982,5.077375702496963,-1.486178115721951,2.474409431353423,-1.1104139643678863,0.3057011907497771,1
1.012437990381146,-1.8711406836015798,-0.06297419683096095,-6.184692320464617,-4.976938020846291,-0.7737805788906579,-1.008106506760428,-3.42425514100865,6.862309919041153,0.17113470181179014,-1.0878930121092585,-1.292649493611445,2.9964723802368227,0.08497296263582721,1.3845096447238776,7.587975314162269,-1.2750060565053225,0.490047566747692,-1.1089449854954596,-0.9857330334274745,0
-0.49833217887766756,-0.4251940414576676,-3.731787298916648,-1.1791548678087715,-1.9874050755229182,2.1572158874477374,0.03660365656307895,0.36249403600552155,-0.20186610482695455,2.2128516106812453,-1.17038359810434,1.8031639326729296,-0.16705535752404774,1.8142528277002747,0.2289282678770601,-0.3968032506913988,-4.8246107751810525,2.015071485847275,-0.8954310050994376,-0.18186006579016192,1
1.2228362280004395,0.6050628169513961,-3.019319018739008,0.26015146882419515,-2.0915436729188603,0.11523986697201831,1.2979401935351325,1.4784770033276746,-3.8339519033042158,-0.8701411131695151,0.701255639443369,0.3647915224240734,-1.2024227666106142,0.6460832412118543,-0.08664950338955868,-2.4196494845718375,-2.5086570436790447,-1.2744166545243494,-4.4891695055014385,-0.2434064747951195,1
-1.7311483226462037,1.000516602837605,-1.192242257441467,2.31947759490004,3.3825675168396687,-0.35854252756260985,-1.450163167036702,1.352535614187519,-3.522155623694685,1.3096782092646926,-0.23587146453367722,0.07045286305347165,-3.884250066121716,-0.20103877186663505,-0.9099766339637104,-1.3575206583629735,0.34668639201761553,-0.1192126306223329,2.6452144253044323,0.5463989516672717,1
0.8742678699751512,1.0905313437842366,-2.107439263084177,2.8861082076213695,1.544983916283165,-0.4075893446596956,-0.6115158020383546,0.8745341083930526,-5.125115880322318,1.0833955213314719,-0.6465284794765146,0.4502809374030148,-1.369295786433629,0.7875433243268652,-1.3252457784698195,-7.024609207478458,-3.0123482885418893,-1.8122844136382423,-4.545149260643182,-0.3680582821436807,1
0.5887771516337474,1.6194283902692987,-0.6728144843521937,0.578937903800298,0.47392800180650235,0.6698844902157408,0.2948306892096945,1.7160469821801665,-2.600121918420955,-0.6038141386049432,0.5379759698264887,-2.034506841845252,-0.2547352288983784,-0.19572497908388292,-1.1263811628750917,-1.7283066694637776,-0.72565293470443,-0.6224968427454465,-0.9778051869096335,0.7404212140477511,1
-1.8839656473206605,-1.9849318418619908,-0.316716926438383,1.6951592259781951,0.6921131061809409,-0.04831967873434432,-1.537026001127929,4.090444637621109,-3.865639130741557,3.731654229683649,-0.9656679138472309,2.660243277270433,-6.7691197363858,2.184230601754902,0.33806148881538434,-0.3069918824324219,0.205049982071422,0.2407633035748341,5.014603841970702,-1.7931535024541505,1
0.030158035328233135,0.4340034683309285,3.2239515393307348,1.1486702845829115,0.49734738680938817,-0.14448784144442942,0.033567648069006084,0.19440329884347274,0.82925810746945,1.7169170509135405,-0.11387660773574096,-1.8237717810689134,1.886998824482591,1.0893798361546077,1.520074414325585,1.2675256933504377,1.3152117660856977,1.6122712453084027,4.916237033030381,0.6099091226546439,0
0.5714381152085366,1.0879444638113143,0.6677871038721643,-1.3295819101520228,1.3812517343572994,-0.8725945264061531,-0.5483967878111827,0.31932077941857706,4.159954952796453,-1.9265779277284367,-0.5016466787964576,-1.0531316072098438,6.04546562691877,0.26621526015290703,-2.7673485255982726,-1.4359881625134139,-0.30983158840985237,3.239388856656186,-0.01771574968369588,-0.1341533269924053,1
-4.417477428859591,1.7874334864733115,-0.11488703522613386,2.016957077991295,-0.7215324809648159,-0.5495543958595862,0.27820459602097986,-1.0768737488514957,0.04871977730386488,-2.744229188722046,-1.0707543763385026,3.349314318946471,-0.5583723571748819,0.15557946923063878,2.431067729528506,-1.792924084611536,-1.2947691669949721,-0.6534345958409447,-0.32830606370898335,1.2032127822922853,1
-4.5390178409876984,8.237993383124389,2.4759741260365855,2.4445644210256976,3.2184450642106057,-0.7502588076917368,0.5882367945150587,-7.238352807740584,1.7235571360842001,-5.911063153302836,-0.6517041482182336,0.4957713647516536,3.108238017924214,0.721921252408372,-0.16177960923609402,-3.641226987403373,4.834453840322635,-3.5183940760555785,1.1586573968438658,-1.6214526245522214,1
2.140141062129385,-3.1627878753408054,-1.942123323130149,1.5031180398174975,4.22902777675273,1.385575233941481,1.3593852232307442,-0.5152378467242658,0.39853024307423135,0.9315180991886928,1.5092400198275007,1.6920192681578894,1.3510351063206356,-1.366211590902226,-2.5724719263932627,-4.205862319356507,-1.6097541932252055,1.4077412311793052,-5.231253607479756,-1.7951291966198684,1
0.006125382442980554,-2.7573930963903974,-1.443828931728926,-3.0361794038488052,-1.730350537154768,0.9492964983753157,0.5239989555843281,-0.6222787001163302,1.1503406783944035,-1.1190862557829386,-0.4970306906659087,-0.5952694364598372,-4.025359046999117,0.09274306577955228,1.3761507656602292,8.146163088767482,1.9241259701201998,-1.307614824279067,-0.35760666003330827,1.2237936225131651,0
-0.5655507244630802,-3.0115221354940065,-0.11516863919299591,2.475906102723302,11.988010412407103,-0.6633383235123018,-1.375149392040303,0.10322343970347314,3.741802368257573,2.5946633216143775,-1.4108022850909592,-0.4293342736741499,1.835013834543835,0.20348200345228765,-5.456203579169829,-2.0391162969753305,0.892328968843785,5.654677520679278,2.965663450260651,-0.8121694717263297,1
-1.047214359433951,-1.0553290805552558,-0.706966529023308,0.3496753005802751,7.346319682474298,0.3510912916767348,1.3762319706355726,-2.3959529905397257,4.37863049305135,1.8292164715551245,-0.4055033665540874,-0.5489859238205861,2.337781034915334,-0.22078914979205388,-3.2858567987245237,-0.017679100836511353,-0.28055530576416976,3.744394492922692,1.8417800261623245,0.15524605205827927,1
-0.33275354386781264,-1.3993233461149308,-1.2377214182213068,0.1286685681126536,-6.022114882900281,-0.6593241347771676,-0.31830101410433403,2.064304353499627,-4.7833297108925334,-3.1606711777661265,-0.08701522331813741,3.8051237507284945,-6.715395345372924,-0.5416207633091875,4.092738497562624,3.3191609321775757,2.889866295704656,-3.80788411453129,-1.4842402301051385,1.6165216545137489,0
0.706570315605288,0.7773106058078698,-0.6429044795356477,0.9639412682699537,-1.5579304164843226,0.21272612119178486,-0.5963246890919207,3.8863975346996003,-5.145134384258129,0.8937283659621954,0.5465897256886387,0.33402897068163473,-3.4797220817170103,0.5286348153345591,-0.3410744672964964,-2.059192186724599,0.36398722961525043,-1.091310166532534,1.2996466963584041,0.6381840407282129,1
-2.4803850903206803,3.9566237320775266,2.0799767603582677,2.7669817014655917,5.6796056136573245,-0.23086411119793532,-1.5086094543797102,-3.151493413490993,2.3324936715689932,-4.36343409563408,-0.9183161373284012,-0.09330301112410444,4.2429839427184675,0.24618394429596727,-2.34227591453768,-5.1577337443831786,2.280982141709014,-0.36753447712281906,-0.9200989116011327,0.9151721507186228,1
0.9882134419247843,-3.5481558094635957,-2.3957112051740315,-0.6777192653481605,5.428022904013976,-0.8047518137191378,1.558294956772448,1.869599391450747,1.699784688086306,1.8820662211305075,0.5205124966282797,0.9993714777185667,-0.13228749444019086,0.7903910765354697,-5.710017270085656,-3.969439459468494,-2.6012778082241894,2.044558763319269,-3.6323231582472792,-0.05786615921434102,1
1.0250050970039555,-5.152137966150008,-0.30850878643552415,0.15612386395866718,7.765844177621057,-0.3829992144834579,0.43406848718317703,-2.1920709779389242,5.844539054844334,0.060463581877775896,0.07427369019014479,1.1993307627617633,2.3646204759124165,-0.04285624766033802,-3.4368286915769093,0.947939750675756,1.8493158714431255,3.5809605627068057,-1.8685096088121995,0.36905204858996804,1
-4.020163296477028,-0.9367041866827628,-0.15498503254450857,-3.921429224523082,-3.6799473767756234,0.39412651043414787,-0.12130867138958068,0.6948200981608386,2.969744768573632,-0.5223643496209802,-0.959850302216295,3.1248008901286104,-4.811263368431684,0.9280720066606889,1.3278785228955403,7.1561854468474415,2.1426730286022897,-0.0925624798083009,5.844401517123275,1.0400267198626876,1
0.6548432111439222,-1.5990192639596383,-3.6291241174984425,-1.60247307994267,2.5839807614162784,-1.051041950286694,-0.692943230147068,-6.152645782022708,5.279240701507525,-0.8184121220500757,0.9384114238732918,0.7637013934812679,3.7741305129614315,0.5765611205089946,-0.20256829643156693,3.5773938958086613,-1.0174432923895758,2.701292226175635,-3.7010661259078397,1.1706787887065004,1
-0.5011797412054939,-0.931682057464088,-0.7511928410549459,1.4767156215968784,2.6116208020496825,-1.527461356118704,-0.21941232097207036,-1.8002081376796055,1.2584948237796652,-0.3933723301324983,-0.38758089125557005,3.373762299983387,1.3296028849415757,0.23492812508811559,-1.5755189368783702,-5.23148870617136,-1.30779932975955,-0.007206303361185551,-4.049676065000476,-0.3628556273736071,0
-0.41047657874112065,0.8104748120049874,1.528181985994318,0.1697494137918224,-0.05571301854194994,-0.8519712450499742,0.2962004433548381,-1.6725325655023084,1.746269230190076,-1.7140746576387944,0.911750123972265,0.22746253233158686,1.5786293163445824,0.7159104161288095,1.2074883138611185,2.123333489643214,3.001518866531281,0.4992289820000798,2.1964831940754124,-0.5493500912013305,0
-0.03161726376957752,0.806349004800992,-1.7485188190571392,-0.4582657309430558,-0.005295015684448533,2.143444818543648,-0.2565948357895235,-2.760665388122444,0.907688859306514,0.4745574168777307,-1.3631030805815936,3.110372615566146,0.6078545592756086,0.14699228428855557,-0.7370660865491265,-1.3657312825571895,0.6657399002619835,0.43222590696170715,0.025256017755324073,-0.6117678621927194,1
3.6127172369339147,0.48119141866319026,-0.22115332760702833,1.6556291117729023,1.4218178033050468,-1.2008189998350405,1.2740635835161493,1.195422412248755,-1.8470968649071198,0.8851763156881883,-0.40231002275272265,-1.8430807285688005,4.584654050309399,-2.55254015202075,-2.7927170068697906,-8.31163069251464,-3.9848092490204987,0.10067964466808377,-6.397553271509721,-0.8249606865912409,1
2.0336706534100504,-1.2720525345804654,0.972094795696564,-3.059205630659834,-6.507131564248596,-1.3395179235650372,-0.8516172401867079,0.39050183616007983,1.6542438503378365,-1.1713440352441036,0.03286337398021315,0.7646121541220923,1.3914330663492402,0.966125325530311,2.265398243583652,3.4941768086379987,0.8853567988860218,-0.45940852867448856,-0.7826676180898142,-0.19280608730741247,0
2.357435912064446,0.3962788259590744,3.4184873089434995,1.605712761559194,1.7701617765397852,-0.5488050227771684,0.2819343032051621,0.32274145761597106,0.314521202983913,0.5308462279293475,0.6984251343843721,-2.411993960659804,3.5638231927794686,0.45649803525064586,-0.25703326307759555,-1.0399889473714303,2.705263381895925,1.2578098911568047,2.3346860535654694,-0.9926590154515813,0
-1.9879580560207026,1.2382081563221197,1.8905069299903925,0.0966117710009613,1.1445494764549968,0.5215951603525073,1.1522136630686688,1.4813424168971134,0.19397726155324393,1.1762877418832143,0.35196107420805567,-1.7010139182973605,-1.652031500833431,-1.4732066298752666,0.7021576353088157,4.463282024060655,3.066002238927779,1.8678977700978914,8.693252740433756,-0.7509003659558182,0
1.6514319586884496,-1.996083021829394,-0.8560766084278062,-2.562723291901974,-4.0140981054897225,-0.644895858644338,-0.7294370488476495,-1.4231052696239601,2.839152141177946,-2.2608899097213113,-1.3657959280509449,2.0618088069058653,1.7910252512900375,-0.5237042828895253,1.7570950751866228,4.0744868490364725,1.3448530820164009,0.7341688892955867,-2.063082021359784,-0.3467498910082427,0
1.7876039733142082,0.9879125762257734,-2.4682555887414512,2.707278237689457,2.466735338025796,0.99006123071636,-1.1561273671510321,0.9520535170367145,-2.9155548006673486,0.32896913732976585,0.36736034914748666,-0.8744741971398062,2.606867412726297,-1.1087648954049951,-1.1393269774109946,-4.614288721608813,-2.836821299400493,2.1866024476661154,-2.8326594481752063,-0.9115933765861459,1
-1.3981617087240976,-0.2016198659278935,1.6984812247299823,1.7158510395004862,7.60196992787798,0.4718699478766758,-0.3834179419689318,0.4433977861100181,-0.0037531804462129256,1.3890849879509874,-0.7283292684217407,-1.3196184777997155,-2.700283455367227,-0.32763343730996075,-4.011459761626121,-1.875645716482629,2.969177488097853,-0.5120448498105838,3.054123913467242,0.48923401355003554,1
-4.10758894275713,3.8584332964119654,0.3278903508602786,-0.9513727820638875,-0.4449611070795156,0.5356540513524743,-1.1020845647760655,-0.6152815619596201,-0.7904470924851608,-0.7417690669197665,-1.324861303850239,1.9663803020022623,-4.702154847241787,0.36752904756141197,-0.5315358074109002,1.7316045215352036,4.232036713481408,-2.0311128979212896,6.91299397623128,0.6230110292977487,1
0.047297628719478846,2.773608772320877,0.2995616959438967,3.7463723765711556,5.63127828942433,0.2559443770783465,-1.7302221261454855,1.868832559945505,-5.320944788622538,1.613983481243484,-1.1668227695340663,-5.062485929725879,-2.6376183917001166,-0.7767739091870604,-0.38629063616204773,1.768701095828297,3.3736923573310182,1.2201091011349257,6.9594374490788065,0.7055133860602464,0
2.5698825393657416,-0.804949769935362,-3.4002389764928935,-1.2172403064714417,-2.492510702954429,1.5623545093732296,0.8889877491836429,-0.8782569237329778,-3.5216560326996103,-0.7086553902594233,0.539950900755103,1.0501893895986523,-4.424120010106384,1.730517951827958,1.2615640613748398,5.007111123263298,3.8958422943436886,-1.6621542359894361,-0.4674585376807002,-1.177031631453071,0
1.528052883763559,-1.2399682766155469,-1.1953555648843401,0.8236008057750934,0.3366789569288265,1.645354952270745,-0.235164878251097,-0.9548978661702919,-1.499711765526436,-1.8087588477328682,-0.6849961501263927,0.2435928360653018,-1.271315889752069,-0.6892766231523877,1.2108758837193492,2.3459820982318216,2.436147355267935,-0.7223436152596698,-2.0761634059964567,-0.25083367181123084,0
0.10511846159041882,0.16004233979937288,0.2562745802621844,0.8106565445640301,1.9789651598000217,-0.002915151414794515,-0.7978221214427799,-1.1702305315821722,3.342147615261993,-4.871714535248055,-0.16877193943790955,-1.9609633329220657,5.896729463777163,2.6253055802689116,0.4264399704249269,0.7469528580990203,-0.655994343293685,2.304074137316516,-3.8277353913245262,-2.0150084395070906,0
-0.6506005086108753,-4.1367842213895125,-0.5900142923654849,0.34954700399960814,6.797451277488843,1.6712624603036346,0.25149366994199174,-0.21545614961576143,4.757854146081577,0.1155016455389799,0.32889153672704086,1.6905942182791043,0.8977085223471382,0.6550780176305259,-2.5346545740774644,2.511437132329409,2.181096808820736,4.883649169837151,2.2506246656545863,0.8098619848708754,1
0.9132875576248995,-3.0819378052343818,-0.3618694296061702,-1.0665128964898578,1.1708831131605042,0.6734288127536935,0.16179154060272016,-0.6266363543828222,3.1837099797256774,1.9553303338429981,-0.33702637468137686,3.0232747691266826,1.0050905888850732,0.3467240162419506,-1.5806412853804164,-0.42330022450013866,0.28220660270966613,2.2522768890379092,0.25588776938613406,0.21920418763358843,1
3.589633472872494,-1.411343041940501,-2.1889251757790475,-1.1938241895496713,-2.851437783404879,1.5564160355717669,0.9328953551938086,-0.6133326933625725,-1.2273620626852937,-3.0325471236336203,1.5789450927179753,2.1553784914410894,-0.3083666394366439,-3.0185567705677925,0.3879916806992382,1.9121694154862976,3.5449491366914994,-0.9306955391424875,-3.8434233778519418,1.6009079918889153,0
1.86541984049788,0.464570149933201,-1.7003201755224935,-1.1144406375385456,-1.1939341264691956,-1.1392861592102679,1.7009715194164998,0.23459387494787065,1.0710599593542824,1.8969237009547384,-0.2338796033133684,2.5663004590567886,3.400711927429678,1.804410826698425,-1.8262933232139673,-2.7022258109258983,-0.8195021134115772,3.4428464600662987,1.3793418955016425,0.5512559223347099,1
0.4166865425285372,2.0204223274637694,-1.3133619865298551,0.49779976264536807,0.547150325432256,0.6623068966479679,-0.5461661042180197,1.367038797665123,-2.8537838828606716,-0.4403824565848411,0.7229969346243232,-1.0343574184122124,-0.6429905354769948,-1.4144630113663208,-1.7232074239112964,-2.7547918107915037,-0.6793332837927508,-0.8398933653395368,-1.1062328557201953,0.12060854761357863,1
-1.31436567777833,2.1204904404766403,1.8312298392102284,1.0160264438056683,-1.4057899260633948,-1.0047048607067959,1.0835485233278697,-3.445093207445661,-0.5111244771457011,2.2548208792312545,-0.8709232698700103,1.5344301892875487,-1.3436551487721955,-0.7216964540154426,3.1334473818322817,1.9471756060178935,3.305417911554128,-0.8743125151496425,6.229607922228546,2.150310793331211,0
2.5733605907213155,-0.8066092858072682,0.5351600920149973,-0.8584322957275738,-0.8495648203287333,1.67817992212487,-0.07296943188127829,-2.246910279202817,3.2641892677900297,-0.5189653869642816,-0.9413814861392655,1.9696016610784053,5.488329622346545,-0.18173353761590594,-1.5120057981978303,-4.549395414916833,-1.0681766902725092,0.3834989298491258,-5.095054683051035,-0.3922296113440237,0
1.4568582728525747,-3.961353235119767,-1.5496374009236131,0.8721896600562735,1.5246720895540016,-0.3525930970644072,0.7009723227039657,2.7721139685502956,-0.1040829880733745,1.2075337545338378,0.8146844372940691,2.457956361770435,0.09198345466585439,1.0733401768635453,-1.257980144888513,-2.114417464638624,-1.7356890029380379,2.8049638415157943,-2.055931491222123,1.6028442471779696,1
-0.19176271778171095,-3.238276226412463,-1.759295087107577,-2.6758009851498494,-5.1624209969414245,-1.3124886903363124,0.24140911637004694,0.05477543930852469,0.19735373721810223,-3.3581758870521314,1.1792631585792293,2.778976787747615,-4.6825831208518665,0.32525167585434406,3.455978303785108,7.935305756141254,2.767073594527515,-1.8906380311183515,-1.6194682499077568,-0.4225684190212183,0
1.303537398540909,-2.434494947230246,-1.4701753658655392,0.1443319494007067,-0.8901380523976381,0.5553988606517399,1.083261776294304,-0.13299252369864234,-2.371482164309892,-1.5569691320141936,-0.9427752402304745,0.7343103129187054,-4.34989798903077,-0.6059900460849119,2.1763002030832874,5.271051659439618,3.6778271438474595,-1.481999837356337,-0.8202482272803351,0.46432056082666495,0
2.918872584286633,-0.2620775807169279,2.7612868083523874,-4.551044652115631,-7.458348442155889,-0.25772456158629525,1.2833545772882056,-1.5953656739214206,7.489279083006384,1.0972074789635045,-0.8594597234480168,0.929791847705851,9.996281921594733,-0.1035878946470647,1.3190563223226905,0.3700593727989299,-2.3235381675690143,3.669754190288516,0.4198012768936114,1.2373697935635992,0
0.03408854511395287,-5.127218726271953,-2.275427167642499,-1.5369313929826047,-2.087423824309033,0.659849612104565,-1.1169408841023638,0.874404138732138,-2.695457892453361,-3.343477849937372,0.6879020828923982,0.464792600344496,-10.092542473202245,-1.047774946139099,3.9843073269286338,12.694486515354551,5.873034450698861,-3.3216954999994264,-0.47699138877754166,-2.4923896515830672,0
-3.3389959204875614,-0.9017293070557832,-0.7998465858250874,-4.349118279488156,-2.3989059161121706,-0.44447952987770456,-0.8459630326292517,1.265364294241735,3.382290905978714,-1.8895332380240553,1.1400132864007855,2.263417204752011,-3.6859453238097175,-1.7417641123833023,-0.6908749686126672,5.730370905031523,1.618689214498775,-0.0784314061529634,3.231498509307887,-0.5153937981154209,1
0.6457588004708374,-0.3433378822263019,-0.5716776671732399,-2.6189225383090005,-2.5171697081844857,-1.6795027929134034,-1.2083035156593327,-0.7704520906272404,1.6988133117547675,1.3487883600685389,1.2762639878735544,1.1067470563704775,0.41404376801403536,-0.18716554786386091,-0.6557471253087455,0.34450014243666915,-0.8567277886017302,-0.1664553958444258,-0.24280035497966426,-0.056836852206949735,0
2.148497078826529,0.5812411059718734,-3.0377763114141847,1.7433693297558328,-6.685988860053139,0.08031957262521117,2.524509276607495,3.6386692485338723,-6.767960886369874,0.15436663353865188,-2.035902570104776,1.9155303348582198,-0.8007064419271989,0.37085189271099683,3.8112156817340876,-2.2275073487736834,-3.492709471823075,0.34932696089642545,-2.424778784777606,-0.07589878507966005,1
1.5728778233751741,-1.172790660544716,-2.495620127359472,-1.8648417843768734,-3.5040461650248163,-0.7426591657723782,-0.5060892911918885,-1.8418621267466637,0.12485840904165832,-1.7623487835259053,-0.22467990162987012,1.2283013597157715,-0.9875242238898914,-1.133042347377462,2.7616340150769556,6.677973448554439,2.6221591875152166,0.3957963191288527,-0.1764953520275485,0.16392406359342962,0
-0.3049763450235109,0.8541631677233665,2.303125493272357,1.043709793573742,2.0071740014571033,-0.5753373680430791,0.25318369569929894,0.435386843845853,1.846704843005553,-0.3758003262797398,0.8246686246914298,-2.123584994001148,3.449625478543346,-1.4292668796711452,0.10530919341460976,0.559718836895071,0.8468952643717604,2.5611494249154285,3.2325726957297256,1.829562596321239,0
0.661588574889376,0.771923996365883,2.75886495231779,1.246987223051561,1.3429533188095886,-0.2537097350663985,-0.15920171158663962,-0.5014986990076589,1.3935430643665276,-0.7553575557260971,-0.17952983397592046,-1.5934929962319977,3.61797339280268,1.0129428846697814,0.17644105010317346,-0.9672477235274085,1.3446687466139116,0.9186196832007077,0.9839202440805438,-0.34130451466005923,0
4.180951202378513,-5.319986780996395,0.18790459252820702,4.716234367605982,3.886329244901234,0.20152960578250198,0.47868118065093707,1.9963599560346288,-2.193832740411362,1.9197438867913919,0.6875507195924941,2.4377834576023423,2.050749244385961,0.1560907384568524,-0.9828518173159725,-7.873072390911888,-2.01283130089846,1.5919335008932816,-6.734814368903516,1.038727059442183,1
-2.427529265044287,1.161288957346795,-3.1286710690467388,0.17918385226370004,5.815749972233117,0.01742895295810179,0.3308635310669119,-1.0585419957889814,0.8185227066528568,-0.35255634566675065,-1.3097319743676321,0.24568349301984116,-1.7909123856852558,1.6787838073868548,-2.7398880680776134,2.343211005364137,1.8831728345890566,2.684592896397765,3.950672208548126,-0.8483778038821382,1
1.2029955457321633,0.7472148264570289,-2.3175458608472805,-2.7989312237730206,-3.1521896920926036,-0.15650383020921016,-0.5517378518322928,-1.9749688723151944,3.4503221977407508,-1.1118692709195166,-0.7631063534454757,0.8321952058501048,4.927947784430829,2.3016748520507746,0.3958731985906663,2.1241206720497106,-1.4853323912408292,3.0895427088914964,-0.8560906546531911,-0.07247771959403507,1
2.3845148609370272,-2.0798115930743206,-1.6734341085544027,-3.962474112287932,-1.6160491678411537,0.14340596107130443,0.5753567245201257,-3.7531732286102186,4.886551939620883,-1.4570088816937306,0.7914974359729572,-0.4998561701112525,2.903703367490625,0.9606132325034853,0.1523605822258386,5.835262350217806,0.8911923421259433,0.9464077344617536,-3.0670476773849,-0.5653499525010943,0
-1.0354339207550751,0.7172871481314628,-0.6584119857488702,3.235847094011784,6.719389301240948,-0.8012203598128833,0.4562033191517433,3.241313877763491,-4.869852887332663,1.4082123944163696,0.7451868818938278,-4.902414484836392,-4.466322431125379,-0.4020493002747899,-1.6108065381799848,0.8934654463787494,0.5666021497547576,0.40815835346211615,3.453446160814186,0.2106354452150584,0
-3.065250469502883,0.2775983414365687,-2.3192000369222114,-2.0665492059883497,-3.1323652988336574,-1.3191950527677994,-1.9314522890962216,-4.725525674448418,5.05224087225025,-3.899786368436227,2.3930122947667867,2.6415713864180708,2.752776301305606,-1.1289632651331654,3.079257146646321,3.4030520100594583,-3.009266568245506,0.44967225961128166,-4.077630298336583,-0.044919538154433135,1
1.73976793787042,-1.2285372893390143,0.5025641446251798,-1.1586515121392864,-0.7914763695381396,-1.2502160258948014,-0.422495895432434,-2.457561328236589,3.291810313029118,0.9354651196550141,0.31552294092025324,-0.30441359459069006,3.6554907503777883,1.0277187487795334,0.9716651127923819,2.1222063267458315,-0.06830563499772624,1.8301169805814292,-0.1429060357580613,1.1064617708120719,0
3.9428894057984554,-4.824474097528176,1.230169807367588,6.832417977890919,4.300465239145599,-0.08714839233542518,1.1408959771502742,1.0314204527603519,-2.337634330758418,3.921154872937926,0.3997799176168511,2.7560158012993154,4.234103784090466,-1.3638679336293416,0.41318008723371213,-10.713231498574725,-4.103946477409714,2.6023496504426413,-6.231035637840373,-2.7829604323432204,1
-0.40564490830914646,1.295731413777003,-0.49437045099085086,2.9126450667594135,4.319534351428117,0.9918537005078577,-0.17471103792997442,-0.37115401005798043,-2.3701255592793773,-0.9388448460993868,-0.8264913757102347,-2.671554409928543,-0.4980932592344759,-1.2463402936208738,0.002243879658647363,-0.014913611685217387,0.7480859794253885,0.1361868172616597,0.11857701777387081,-1.5074989166017505,0
-2.64109205732234,-0.571454823318112,1.2696888323876732,-0.4511749005069934,1.3497154557450497,1.9019131486625012,-0.5220342898417564,2.731524130966395,1.5751929862107579,-1.2778621238963108,-1.2433622606798904,-2.7534226606464163,-1.0843453703785517,1.9192813001444593,0.661387160953527,5.085564153939561,0.22240097841598916,1.7925308968300384,3.995682777581363,-0.8095668020895724,0
0.05930232302598215,-1.7165466447131337,2.0830841932461652,-3.4325981346696017,-4.030830476894544,0.4367677511104973,0.11423264450235611,3.427080764217191,3.162555567799256,0.5527223990249066,-0.09636128558822336,1.9397631710272534,0.337068519488455,-0.16683966769392072,-0.4383401926777285,2.7111717596950653,1.7460942028842492,2.03503104829032,4.8592302082347185,-0.5701935976981534,1
5.510991588846207,-3.576398020127792,-0.7933394843248388,-2.5851260293074945,0.5247700259140753,-1.5309276325126464,-0.7268893832047121,0.3765035224121982,5.35855492559512,-0.5857280861671068,1.2148840301830344,-2.1247746980192423,8.332170389161776,1.0452075820322506,-1.9561848445629504,2.4131651605936693,-0.6801936091189364,5.922347674992176,-2.9880590355528507,-1.1467830986265493,1
1.5540798598676178,1.1436539874857299,1.1616922517926733,-2.7073458131888635,-1.7408742921749842,-0.46524542916908107,-0.5613567375239471,-2.2116166930197294,3.911105403716047,-0.28534358824789086,-1.501836924629838,-1.125572443706508,4.509906010473631,-0.39275895241680914,-0.48481443744408104,2.042726592934591,1.4318145440413266,1.2976759389182373,1.4530417302362866,0.4539358884037746,1
-3.0072588462990817,-0.004952477197224026,-0.16593281784605973,1.7218248475171052,4.695987295914107,1.432988276709578,0.7986482071911434,-4.1777505574751626,4.133667461190251,-2.310925861212186,0.9230334372357293,4.110407811871103,2.3025957332940887,0.9219366012853558,-1.4053407215098899,-3.886521701956312,0.13399547971430625,0.5986050156843223,-2.5813434698745796,0.7664559598497087,1
-0.0028583886730273456,-2.5818288396403863,0.3274571343665429,2.0343611159236152,3.2155559315528817,0.7260359992293337,1.2588862057428216,0.05323980336315659,0.2593586355967431,0.8794968463283613,-0.8072156774844398,1.8321671216885211,-1.0074495788951594,0.09468138947073004,0.32266107992111226,0.732103731152832,2.1447424775750292,1.8712876783478392,1.9278959601029335,1.6764234178440736,1
-2.907133246614415,2.701705077041449,2.6680868415110592,-0.8951947931722792,3.318076360540339,0.02567231520761203,0.24959247607438337,-0.05827976831982695,1.851608236822629,-0.6459754918757808,0.01920342096554723,0.3410536481995353,-1.6210136206115744,-0.14717164784843637,-4.138857028849047,-2.136424766931091,3.9433936127230025,-1.7861829823618445,4.529122979218751,-0.34969874535875045,1
0.8778557450786483,-1.4326672955651083,-1.9794253686162067,2.8532061392987873,3.1464071841412555,1.4812365916235948,0.7588477658387964,0.4719492492711179,-1.4243984224360728,-0.3480882732758632,0.5876949018678121,1.649698656053214,0.8815407228673718,0.8329454428250415,-0.3988882121277869,-2.6770827184877133,-0.7336625344525478,2.2546804211431524,-2.2765153419451725,0.4815076309913054,1
0.03742535859099583,-0.417860444547448,-0.13195475584416294,-0.5162315653449605,-0.3670099492767518,-0.7728337308889638,-0.11399655283962636,2.3214722466127338,-0.781420632414842,1.495138854414014,1.9529445539995067,0.9213267249512378,-1.607918174016098,-0.3399837223515192,-0.8702368562157018,0.34466214199100065,0.9000167569595321,1.1578987951453195,3.3892758061931616,-0.19260643876080602,1
0.2211845468808591,1.458931124913572,2.5846013846328812,1.6131633374496452,-1.360732911767419,0.43504837164044435,-0.8284032217482512,-1.6530043747442476,-3.2044078519286106,1.0630271922756345,0.4888458898129879,-0.7861031436996319,-3.3452223602167437,-0.7551243984485184,3.273755095316307,2.770547923707178,4.831160035380568,-3.0366748014190525,4.465622415157761,0.05539691178333415,0
2.6976159018812385,-1.8924004918095678,0.4185463857166971,4.066549943312296,4.004058252099376,1.7123046874375993,-0.5225209294096368,2.187689395315201,-4.300896940971281,1.0131450389196728,-0.40615141657380355,-0.013837081582326993,-0.6546344549137296,-1.4511039864667383,-2.1243956200759024,-7.63019756191253,-0.8349612144870243,-1.4426792390140482,-5.286895085751025,2.5460545359427917,1
-1.8415443432314524,5.216872259723311,0.039504459713417095,3.473883442486919,4.3190526365939865,0.06584849756591833,-0.4649230143647206,-1.7717606927753802,-2.2520761892651557,-0.01439850148911026,-1.745969032474982,3.6144566486293326,0.6124677791544638,-0.180653382045721,-3.3413399909311057,-8.809693808491115,2.8502956272832725,-0.2722856833136027,3.1330531666448063,0.9940020395062782,1
-1.3462594241401633,0.3589646003536996,3.127195405215756,-0.2435575561802652,-1.3398588873137804,0.3296335328077915,-0.9117822876686418,0.9222027160535082,0.8071664590473739,0.525852734736193,-0.6238402486872604,-1.5966431011325266,-0.9929138935593984,0.2594199912631591,2.706668240900466,5.634827694131216,3.183144968019404,0.8981555237816314,7.328541661618353,0.16387140173645573,0
-1.4387851568429402,-2.330148610177183,-0.7222882232376481,-4.169106420331168,-7.697319108357169,0.19366176451679923,0.0029259666794376887,1.3866069288874927,1.0121758180514882,-1.6397180590164062,-1.070668371416597,2.563744624978786,-4.635748170710017,0.17790839141165377,3.764172517229533,8.173617413628833,1.0583765323120682,-1.5036679283357102,1.3809855079262305,1.1549975605416176,0
1.7186161597054426,1.2190980503465352,2.185900475997381,0.4755903186702518,1.1014477779579177,0.5358569424886379,-0.862306936163681,-0.45697549976406693,1.3072065472669658,-1.4696141011830282,1.2938176908147259,-1.413128133712583,3.5118384007480925,-0.5869582099762845,-0.06488742428469396,1.8942032405678986,4.808529468617101,2.14380194299921,3.9388286444423968,0.8454065567820555,0
3.182715253154,0.981057717155259,3.907159872324928,0.9076877713791146,-1.2108872047598653,0.17382352524484837,2.307688227735451,-3.1988657363656157,5.6255198161347835,-5.327337958973908,-0.3181426326614269,-1.6817475473753225,12.388323237666778,-0.7436999169051833,2.012208384353312,-1.2549275662355621,1.1753439062117894,2.8040433233533477,-4.105829488252521,-0.6367305591080572,0
0.012614943133311574,-0.15563484172956077,-0.13424098779003502,0.9722324797366815,2.412107074003651,1.3385195085812724,-0.8963333329719959,-0.7899435643491586,3.267412457369185,-4.464693324581255,1.7379047618352501,-2.4752842528349164,5.889265362080284,-0.48559011204500924,0.595647045301145,1.341580378523294,-1.3771236642261777,3.0464089735948705,-3.532595214158436,0.701882252059294,0
-0.8105712399584357,2.4548810166884154,1.6472613232964755,1.610269967013604,2.780612010582691,-1.456857628248038,-0.6247725827776154,0.28861620853810144,-1.250619429680234,2.055859129204101,-0.8535662847026064,-1.6200496283958326,-0.740536734003388,0.47900262409198874,-0.029871665040997808,1.8870525631244035,3.9685084726035744,1.9460236579144006,8.826952198642228,1.5986475935911102,0
2.6498801950750335,0.761525961828214,-3.2149630446297675,-2.382120068147694,2.4082987933404922,-1.0449250346222516,1.1629025725441393,-0.6543623445393202,-0.8230278974677955,3.5699807674904367,0.030948088267830184,-1.662226407572596,-1.3979474245403236,-0.1471553052168605,-3.790230347897962,2.6034600638046292,2.3682441582411946,1.8546040095978928,4.08569356063027,0.11108835130483316,1
-4.595459997410817,5.627290438478282,0.6066094367321369,0.45383103111320033,5.742245716066448,-0.8571723738917058,0.4918144010879626,-3.3797864607634387,0.314305478965644,-0.5676400442920739,-1.0562704077481064,1.6775967584262628,-3.235372947659655,0.7733998160676115,-4.651678367437247,-3.4167174209140136,5.149554652003081,-2.711386232257261,5.687206555149907,-0.16451453179616995,1
1.8445172788537865,1.9392690584479861,-3.4662554421500613,-1.9554505425441269,-5.574731409070058,-1.9517426090104495,0.45507557572037044,-1.189195495292215,-3.1545901325900716,3.035215189382394,-0.7100250868151013,2.8741120570628063,-2.2905697840596537,-0.11040116390158848,1.774040956244494,2.8931367204724485,1.8443397592725876,0.6496194927399211,4.7749537055415585,-0.9740601569182217,1
2.3538910331190563,-0.03946681701697363,-2.988163594663808,-1.0442150054725186,2.120605464645338,0.819973642346786,0.9462436716153141,-3.678617956234517,2.541632154730514,0.6040895277122493,-0.19860215535348436,0.2360862632700892,4.1046344384905025,-0.6880821265803181,-1.9471419831056016,-0.20130988366374689,-0.580029165311402,2.6611585042584496,-2.242401034284422,1.1475206166322423,1
0.703967067058616,-1.121683572825304,-0.5278632025570715,-0.8452186421565844,-4.748968701883193,-2.2259354179580777,-0.7875514406287065,-2.7060234833993713,3.261231735007125,1.3774061259154071,-0.23598009886694632,5.062258991335905,4.593581363417955,-0.46995787317315146,2.3825922582866297,-2.4112013950836535,-3.2086135785205174,2.0133712275832014,-2.1179254110803534,1.1389106114800476,1
1.1338130376869269,-1.3600408779893456,-3.5234688903845384,-1.7519941258835372,-0.4982662314892407,-1.869731661954991,-0.06330322278133675,-0.7336967657110928,-2.3455565707128896,-2.553513724314448,1.1983685693734596,0.08189682544955246,-5.408996871158002,-0.0785883929143568,-0.23711537827068718,4.924221823349677,3.0167495640410023,-3.043099725873772,-3.3286200171767577,-0.2717300398697084,0
3.1171304286957167,-3.2352520783407663,-0.7175232559528458,1.0762717259627768,-3.0926584053495167,-0.7721489637119425,0.6533683837958855,1.9746962664051786,-0.7897394121481809,0.762694904534008,1.3332105613800442,3.190290359265215,2.5088726652081768,-1.071194857868986,1.8868059650382114,-2.033231337302455,-1.6915551723483708,2.6434336956984748,-2.6259413221340067,-0.552750787066322,1
1.4836180642281556,-2.856286075052898,1.7612114830937347,1.2385409554834053,5.783424240035018,0.8695725186534211,-0.8097354673898115,1.1197682605460608,2.0356313898348732,2.809214619743458,-0.2841878821547786,-0.21681045746211347,1.8670722952274197,-1.2512279153776757,-3.8652135230811386,-4.066892995638044,0.012393614517467677,2.1664571936410515,0.03143155517938153,1.0733665824449723,1
-0.8354708092967005,0.1339676426937384,-0.3861064082156074,2.0828098339296,6.258371218965803,0.5136092944152219,0.749698021444869,2.4329359349703465,-2.5554625897723375,2.222567863695849,0.6223791184731184,-0.10513370523513843,-3.312696416498034,-0.758665201542772,-4.381972592145308,-4.289170858987282,0.860249892965973,0.18649701839540844,2.248650288278456,1.5498186063283395,1
0.19390984523429622,0.12641788647463847,-0.3327158715165872,-1.863302933083566,-3.36134154208935,-0.40867234570604166,0.5902703110753222,-1.7326031424043062,4.5287063317606435,-3.7190339918109028,-1.289382089103393,2.8418591878322017,5.235773177942984,-0.10226635021759252,1.2676140814831256,1.6300651753785669,0.6922325802181424,2.571870407305309,-1.0615737972287376,1.507707699313365,1
-0.49536415996892214,1.4063239034412292,1.366239422148584,1.0474807715240104,2.505455860396777,0.14888660395377015,-1.5151149362494807,0.8228019939007045,1.0310155973792146,0.17907426035719376,-0.49819192070143903,-2.6089030472211157,2.3635020094221297,0.4532740421331758,0.4720930220237384,3.381748405214603,2.312899878823697,4.051416851915652,6.859630753273026,0.33847310531211144,0
2.2550515585645488,0.0533238709636783,0.055902191933678846,-0.22091060711760913,-11.421566158937319,0.24784628190182476,-1.0703205486518375,2.8511785752825376,-5.384282861006628,-1.4896427815386246,-0.3983270128816281,3.123680854161261,-3.0082345705106355,0.6868274954528385,7.889918640338459,6.86671031965427,4.510625536217587,-0.29540010859686183,4.832810321599684,0.10269051674858726,0
-0.7446575522962575,0.43643981757358064,-1.9153578984547561,-1.3525354400985812,-1.1739024661382742,-0.32732557507239546,0.4917396407562205,0.821217920786282,-0.09721444258796545,-0.38715626862480845,-0.4561683474800591,0.7731193206172712,-1.2470830364415604,0.76339307958197,-0.03433553691879132,2.5575327070108362,0.30529707673404594,1.2169182643147118,2.094165346215549,0.11122333484085792,1
2.950640567630305,-1.6584733155696165,-1.3490051757522308,-4.725165759168686,-2.727825643430781,-1.157933699731306,-0.06439754062470791,-0.28469895037042336,4.08279784944093,0.5035566145904631,0.24733330168252382,-0.36533112605417295,2.6001170308447072,-3.329503797508129,-0.5839974004559604,7.0760874101325415,2.416767756994523,3.848142245258151,3.303973728806479,0.6802871657177568,1
-0.714022410877925,-5.45306154706969,-2.1907070939183093,0.28138641432928746,-0.4641542079741755,0.6785496546210517,-1.874865655501711,1.4076440972983297,-3.1482453466957367,-4.598271804558703,-0.5432015003763371,3.2619005326325974,-9.902121879056761,0.5220206351107666,2.5880771374710188,7.216252752796923,5.191115438418178,-4.024092950597417,-3.6315718239860493,0.23671712102639317,0
3.3346411225454284,1.5408255751597824,-3.662468380771091,-4.8408603703345,-4.420431744263576,-0.33477332470482757,-0.6961170513463018,-0.27133256727029254,-0.715894882451047,2.244372035446883,-0.28002423292176953,-0.11430714804871256,-0.7746848661011513,-1.1595355504504887,-1.2253287492238285,5.39608630133488,2.7008294207637267,1.6850080447979725,4.710548791936,-1.4467571063284652,1
-0.1390371279260605,-0.9592116080444932,-1.9564165697088374,-2.1615583216876813,4.436576443361698,-0.8153111147881075,-0.4011731717473891,-3.7155822692382974,5.602238466253991,-1.1421633065609542,0.8756563632282364,-0.2723925702324854,2.8575519037568755,0.8583512330053901,-3.0574886600809092,2.395613518245893,0.5605721158589053,2.344126890764601,-1.441923727318374,-2.335953618801436,1
-0.6258861854887126,-2.5661328461878723,1.7749451706487092,-5.008397866331441,-1.4417530794006506,-0.42447591759177994,-0.5025865139056851,1.8728644218282764,5.275626861514707,3.9967471193368977,-0.30814762945313745,2.4843937745519886,-1.402090571672474,0.8747396215802571,-2.835244561770163,3.492401211632118,2.309162335232458,2.3934591713942583,7.743025508816174,-0.5299929317034756,1
1.1625816779766325,2.3561286904722296,1.0533756762297215,2.856546836009355,5.604083849192729,0.4828487457481086,0.3147625614551637,0.8905292797755202,-0.6627295055162163,0.4386710454516689,-0.9222192771347147,-4.050725169378259,4.089868470131949,-1.0513218142392298,-1.8018161791695873,-1.2378515478928216,1.6048894533051237,3.9490947101676124,4.259251119218846,-1.654510394912746,0
3.5742547842345367,-1.0517364804988287,-0.19128167156020537,-0.7942042814260052,-2.3344154413005516,-0.5953056976939823,1.435856464085898,-2.3303920438171257,2.342420412463493,-0.7736050281915641,-0.561050852022268,2.0423864938243073,5.119873343499691,0.28456679047452627,0.6145321084277788,-0.5997539670582247,1.0528038304317568,1.7085926104056273,-2.6600136437762516,-0.5527909175451801,0
1.6352206784099175,-1.7092785463254128,1.8566457473436224,-0.7905803300399485,3.897455837187248,-1.1419860706926814,0.34809529178734483,-1.643391619589882,5.461907445934921,0.7371904100191039,-0.09665390961814083,-0.9083010262634599,5.322005929460268,-0.3912998898983776,-2.812937777618918,-0.7372097641459651,0.813739296748696,2.976702484139534,0.024478245329396686,-1.2463934985391623,1
-0.4580081587691349,-0.8073251057170183,-2.2126403790432256,0.0022475393459888693,1.1728432319093434,0.8264531108587624,-0.7449787674850553,-0.9093822424969182,-0.7479607176391182,0.703376260008427,-0.6760707152936095,2.8243239217649148,-2.656586744800118,-0.8396083720406722,-1.278507133011384,-1.3690701733388104,0.10731887476484758,-0.7578023446051432,-1.27153870874219,0.0005599923396953997,0
1.9659910663008289,-0.642139599419622,-0.26520486455524805,0.09974469246843476,-1.0543291328431559,-2.707565693672108,0.26264198787169046,-1.7452735521053278,0.8995721021901146,-1.2609089417222061,-0.9659709246115362,0.8400489452147739,2.8099840952603015,-1.4500163561675328,0.7643152178229338,-0.6138686523017639,0.21438204117233628,0.21377822718083428,-3.281599647925943,0.38505516793783434,1
-2.379291526515731,1.1970978702988493,1.5911197890969613,-0.1266636255277982,-0.43211951325035425,-0.8190526431188059,1.4381955852087482,-0.9496111944496263,1.3349012136410379,-0.2360047676347391,0.5985950914443922,0.31973885684199077,-0.8755985345454708,0.3342754660765211,1.8531820310662304,3.74090700094583,2.61437946591637,0.5292473315864339,5.610300852156752,-1.8437529587926298,0
-0.3481810990964701,2.1629180249767077,0.297225956735645,1.5737321017047161,2.7058238119865434,-0.5124933908809022,-1.1546369488847281,0.23436712956862782,-2.667422806567817,-1.1472925142894568,0.7641876161355642,-2.326363770115267,-2.262463086927905,-0.8806064597816493,0.1093063647864152,3.051622732007046,4.705203883633529,-0.134240673326689,4.658491995183542,0.3017919306528728,0
1.5155990640140775,1.9019258280638964,1.175006569913333,3.378421935657239,0.5943238931506172,-1.5052791761614406,0.40153863571920506,-3.653401229210024,-2.288748032090843,-1.0032229183206878,-0.9961892455959969,-1.7055313565166852,1.9698563832332425,-0.35204965603229166,3.288662937490122,-0.12952134332912574,2.042580906618225,-1.3424273538614777,-1.086072075950729,1.004829149483237,0
2.9654053911153095,-2.8315066248188145,-3.7499840341215873,-0.20629255105290478,-0.3887154074511174,-0.8212863840728593,0.9454973046593947,0.007734356556767796,2.5192073913600774,-0.6162330047716758,0.2850347420993615,1.9237134451402624,6.030038374590909,-0.07939638138549375,0.3340061564950645,0.25301321627997836,-3.2241709800741924,6.157078596560513,-3.674834506858846,-0.7591835461675044,1
2.0234513617821475,1.4093297402706049,5.381789190462192,2.7803775352020526,-0.38680667608724895,1.133688498098509,-1.3248330557026344,-1.0987197469241499,-0.030627017682287656,3.3698632981266963,0.7209891534309195,-2.8125424043482714,4.9020730519531925,0.965264384380448,2.8074978275929623,-1.7285947249759608,0.9234757406537637,1.1466060986955595,4.455417648104164,-0.008870932289573393,0
-0.4377917782149481,3.8648020205799796,-4.722357853642022,1.4626639730965416,-2.514417593554748,-0.16833763423719086,0.23946698878043493,0.300197948420172,-5.349811940056945,-1.7913045979439817,1.5949202080860148,0.2660053284284798,-0.7484085746813588,-1.3708420448290057,1.7966237167197123,-1.1998160054941613,-2.680476753781777,0.004586148185187433,-1.821038464864362,-0.660147867336476,1
-3.574290546865158,-0.27823830180602704,1.0302042982079966,-2.6350682616603915,-4.6281524432467025,-0.5218305414881482,-0.9111700600248446,-3.775495322114517,5.801050675702804,-2.98319673187393,-0.3834780189238867,3.886148531427481,0.8218450768296129,1.2246387312151752,4.113434536629386,6.148503325988949,1.6302878493116073,0.16153375484473897,2.1391889116672633,-1.716497577143866,0
-0.14034142739522526,-3.6132655905815216,1.9216425957449124,0.08858756163810999,4.944193461094499,-0.47269227772357164,-1.0701584635068604,-2.4214741009382243,4.828085208347833,1.4575646994577705,0.3188374033804253,1.5348933639803288,0.556220890417299,0.26713629646173076,-1.4232794641209991,1.6620613907841535,3.141357858216761,1.7278902219525711,2.0009070367923263,-1.671972471792552,1
1.641889089663238,-1.5145397134955543,1.4763742633817283,-1.7999989537246908,-1.102173196047551,0.18933403618016584,0.6209333956139913,0.5813808724424097,5.459933028071056,-4.985063663092092,-0.2899211530250153,-3.763865024130582,7.426477320042737,1.2095314011362686,1.1520158154353064,4.58973969735595,-0.783080369304445,3.35716519444757,-3.2486645795010114,0.4526240299801209,1
0.7906576458183283,0.5240035662360021,1.3264425244054288,2.3543353449388777,4.202098142173297,0.6689644817181823,-0.7185427067790403,0.23081781673934865,0.0032207700909273993,1.0003524847891887,0.3447749725922945,-2.3621768472404394,2.9833266221032284,1.8321196075773012,-1.4000117693795655,-3.039192010352588,-0.5954328102593589,1.7303173433848082,0.3612147165274613,-0.5588162917367949,0
-3.0232484620208804,1.5554216898120619,0.11900875975376768,1.6316730805274697,1.2677929586294834,1.1370588600455223,-0.9112800569029585,-0.5392829679384855,-3.014698468509784,0.9538981398362434,1.4844340384402286,-1.1028331089124435,-5.176684689315416,-0.2052925216285141,1.732749010251477,1.8979325238525837,0.5995365117717886,-2.4527403356328263,3.0601714772108233,0.14701083361286355,0
0.3011505898740451,1.2652876221205571,-3.2464251157735635,1.5481928688932816,-0.7659356943212122,0.9078523849098702,-0.31444379029762937,1.0181086995565296,-5.396422832560391,-0.9681623827796426,-0.1664855842815459,0.7994755706786498,-3.0414909116968287,1.3255002197212566,-0.101824615319967,-3.4914266488884347,-1.9516777633775395,-2.4959821643500977,-4.503078705680841,0.21747348301422456,1
-0.8847271602872083,1.9269824302795104,1.8284931687193708,-0.5565875881480309,0.029938763963339207,-0.5753086084017933,-0.9724506376870051,-2.069801366331288,4.662148583132651,-3.421269715403132,0.9092873966936939,0.48304040066296383,5.52009549802076,0.4660667482786038,0.3235424744577946,1.3261376665708473,2.5705014469621466,2.533197049089385,2.3279521301826,-1.9633586432655206,0
1.9934709688563013,-1.3460979668701099,-0.4008980520781237,2.030090737551893,2.26455483168356,-1.9323720874958086,-0.3297982570458398,0.4432022113208771,-1.0070395230319704,0.7918007839116278,-0.871590471068428,0.5990958252629136,1.6651963287222789,-1.9873102297264285,-1.0754350223789837,-3.90505491661974,-0.8857914334003482,1.0705772416879205,-2.729967853463339,-0.5427989717169651,1
0.22967966343804458,-2.4879500199979576,-2.304227653778616,-1.8659567603409348,-0.9013950328537765,1.6047350122948532,0.49100394595775343,-0.7210046003461885,-1.4734397693752355,-3.131815482593149,-0.0617760622705607,-0.9491374497349887,-6.2132199219128905,0.32982306086851004,1.36578823712894,7.459899133187343,2.8555745437181246,-3.7741578780136575,-3.505723096361034,-2.9469042192840145,0
1.1203815129726054,0.7544904071460428,0.7911441995095312,-3.707119802854241,-8.388438320098944,-0.42158231144029273,1.045056145231206,-0.4997400148236746,2.5024061726309537,0.5045666301305942,-0.750022681565717,1.618536721109629,3.327464853146602,0.12079023250111028,2.4765156743250243,1.5480592041991683,-1.5159064564889357,0.4011548208063551,0.7340265299556245,0.014336422175760023,0
1.9270384582731377,-0.6447565730516286,-3.61686014031316,0.15345296909502526,1.059696357745306,0.310539637914204,-1.1152172279709192,-1.9758519072124883,-2.0979189607807207,-1.518135037029369,-1.1907458007366716,1.3359192080626607,-2.1614829476652075,-0.7931346636139368,-0.34878473352050676,1.868552774763378,2.7917092539605455,-0.6972990110067478,-2.591479458682302,-1.5285912962592862,0
-0.16695236496551424,2.794825217709275,-3.0177358459157033,-1.9911270636411813,3.0303825537304414,-0.66778239428829,-2.196446261643099,-2.987440237747934,0.0059110367191147675,1.3430746484370237,0.9878344213079936,-1.8463707642749894,-2.2349228174168876,0.4708688593753808,-2.078017738815652,5.811602670589595,4.293492836237452,1.274871882622554,6.423411249048229,0.8027275724376979,1
-2.4220518629689995,0.9997952562553464,4.202620690005537,0.1537962480511298,-1.6125666454567678,-0.6304451907931798,0.3727941585292059,-1.817713281718849,4.960491170044696,2.2359405073187135,0.4543314331522287,0.6358646161155679,4.7893190249382,0.1676813334492398,2.976243703767778,0.8882028552925995,-0.9362290742729653,3.0984941065061835,6.396416841428563,0.9276455318033,0
-2.6114875817938126,4.1312379538338355,1.9315781276753792,-1.6726517813641082,-2.415733457519448,0.30915771951746424,-0.6840460303790418,-0.6983844513535198,-0.17680457285064666,-0.308814617138897,1.5271323841551305,2.249994495366731,-3.1199259542984077,0.005085396128234085,-0.3092715895137841,1.584114160566939,5.88866020204771,-1.9897188738119782,8.270249513185886,0.3520386129581204,1
-0.4984354187209432,1.1642993117995992,-2.6687264582082735,0.13634801326585566,-0.24232136348609276,-0.9080669707599652,0.45303965657205886,0.8355480430943832,-1.177851625082117,-0.15822418985143605,0.2608661747219758,1.2640459195566596,-0.24809286074118336,1.0731180267993747,0.11355940861260261,1.145045815522102,0.11427649971190768,2.6217811336539434,2.711148279270768,-1.4280671761054449,1
0.8782982400515054,-1.7872506242133888,0.3215279391458359,-2.436179412007843,-4.479512710471901,0.02250038824543957,0.7637997723632599,-0.24924084544277592,2.5961532748772047,-1.0696998713142265,-1.8825207514674638,2.7960033380194274,1.34638678671334,-0.39167060950403243,0.9794164179090491,0.9157440393730862,-0.047442323780931384,-0.1628481027113028,-2.024587617024905,0.07468584263688564,0
-1.6831273664158934,-0.1832159538754896,0.7592981166213044,0.12512847854370213,3.519285941278643,0.012654464148654489,0.027177167672463982,-0.4444241486666288,2.2557567590688494,0.12220876075979636,-0.37051335659386964,2.382695417011898,-0.48419439267969056,-0.6213317235219793,-2.6260533870032523,-1.4385053789062923,2.4867189731562114,0.9367828330406187,2.82624420397738,-0.8641720791739649,1
-2.4524310431877794,0.5193244166664066,0.1529582932763427,-2.224481929129672,0.7540286693405994,0.3587361439966162,1.7804527512924062,1.6204571173550524,2.117409904484188,-3.7106245941072973,0.7746256352751506,-2.1554682289443887,-1.4886002188982845,-0.5374063789038138,-0.9615264488154043,5.297399337019204,1.9267110332977748,0.11259150584504274,2.0210333657591937,0.03322323851695945,1
-3.201445376322584,2.701227510293072,-2.7432910632285257,2.599569094085745,6.777602295648317,-0.3987017824831894,0.07737428276083357,0.8569788079138376,-4.267429009375944,-1.0606737617140316,0.2567191727957405,-2.466130293256775,-5.357731207261154,1.1842994311567254,-2.300847197342408,0.28338744185630155,1.0609276795319864,-0.8377584350388256,2.091139389491275,-0.9557543578226444,0
2.988337237920412,4.0036338768374025,-0.6106721936078441,1.2927518384878023,5.224896499468251,-0.45566249801366066,0.7370228555563136,-4.319343010803537,1.7223323622662634,-0.8919467879884607,0.924098128840789,-2.0328755076442997,8.04641479981103,-0.2418179125289801,-4.14455367690961,-5.672473039667629,1.1565665311950137,2.1947492529804924,-1.995403587641227,1.511322799203203,1
4.1783326061952035,0.7969193399935319,-0.6436811813122865,0.31651951823400193,-1.660867805743225,-0.027969414486982293,0.27361458116570514,-3.1875116981371114,0.702634764825854,-1.2532357787225377,1.0692837063951832,-0.6529554235453316,5.978755821296959,-0.6005066354139633,1.7633058475681431,0.9739427234968522,1.5461594660772253,2.0621630696977387,-1.8322404309078015,-0.46039233265665513,0
-1.2004243004482769,-1.1811288460660587,-1.3410796170091,-2.2324478588604144,-3.1825435838649287,-1.037795473018184,1.4767436707882908,0.8269304240465118,2.5386007371130277,-2.816461862856614,1.5355307733718826,1.0498489836301785,0.4607693262774429,-0.6221274803563891,2.0692454819285704,5.654124887639893,-0.1917153603784516,2.11863640154475,0.6197760226777764,0.0432040486855039,1
-2.265921743068602,3.740882863943824,-0.9112709801733448,-0.27943300891118383,2.8692643742111676,0.3644260771353479,1.6692469423765,-3.9481961318338965,0.7305761302828346,-0.2782317604326231,-0.4872209416682223,1.9825934320574394,-1.3009334823572112,-0.8842760363604178,-2.420161279934354,-1.0596640010902858,3.644068127306665,-1.1131328744178486,3.4721450087563928,0.9393198902324555,1
-0.5422249804223636,-0.5861424938090931,-1.036964066683797,1.961343060390781,0.3942440395562035,0.40787905089749055,-1.7577874239420725,3.269576737450544,-4.1394476913099965,1.1614727276701626,-1.4572992875838315,2.1215037688525995,-4.270615496948422,0.5705847001198596,0.3302592011448866,-0.5659498849979173,1.293012512078696,0.6000640412947174,3.2121948706396353,0.04959182766158583,1
3.011937106456621,0.026872723042300484,-3.53584627349496,-1.1078125632593254,-0.48431450659310155,-1.1689809102124997,-1.8116398471183872,-2.7072403966500707,1.715629072234957,-1.7937860722962342,0.22302030296216313,-0.058757712104661186,5.57555470007347,0.7184116977766297,-1.2218416725306018,-2.3262244735124296,-3.4429193417644566,1.355023862863938,-7.8137469660467564,-0.46056602975955757,1
-0.18504846624165172,4.7150105977127,-1.3010194051287334,0.7660468226362687,1.716197549889837,-0.621159243445229,-1.9158690263084484,-3.3043657261918784,-0.8076183551787962,-0.9242840006358046,-0.2462901426088,0.7294387552379895,1.6157796551057184,1.5102866512731454,-1.4239744239303462,-1.8442742829484136,3.082805426164331,0.2905517179813033,2.6180281521442086,-1.1239011249228845,1
0.5479227513844813,-2.163953749173513,-2.550145796166112,-1.364616234737301,0.7654079871197433,0.16222321689883193,-1.6352902700715526,-0.4809946532589109,2.1570970920323167,1.0695166959618463,-0.14987803352216836,1.9777031664713185,0.7080032440552705,-0.9186164585230326,-1.2542374111942893,0.7669068400547259,-1.3579860602962175,2.569883370261266,-0.863511859665221,0.7091143896332839,1
-0.6168993262323847,0.04398397578000013,1.4065800730750406,1.048020065108976,2.5381828057538316,0.44485822059832236,-0.03826128246415587,1.124251591907791,-0.669903899686754,1.047420172612033,0.3731223970910093,-1.7174786185211395,-1.1773159703738318,1.346673001401146,-0.7473080390254205,-0.11304793773120425,0.7280990811954,-0.04872077688086196,2.2699823285082408,-2.5782928501405302,0
0.15983545779777675,-2.750617577564119,-0.589523088489528,0.31922828294290895,5.181284702792523,0.0035826018327832724,-0.19466369502467937,-2.398097975687702,3.50539142002348,-0.514888798618859,0.21740585272700344,1.9499815498595834,1.5275175316801881,1.2724283828165954,-3.5533738660530005,-4.0673287058199215,-0.9348515062578415,-0.13384260267308135,-5.838290055088684,-0.5276537761783373,0
-0.33785351962368737,-1.5216655856283006,-0.39500631888440296,-1.5147309472701829,-6.751211925213574,-0.3779897459852177,-2.0152219054323766,0.3970099702184793,2.8443040582681154,-3.3252888862372045,0.2618572072457253,3.531256163180253,3.4590612999707915,0.5933365996313634,3.9133871495138806,1.6906641555199498,-2.4867255816177036,1.6351488531741185,-3.1269979853080203,-0.39608396607926877,1
1.383476408987018,-0.9898467144202884,-2.1471071119615184,0.23796327896386704,-4.137286126638635,0.579076300875503,-2.49116140815146,0.1894731592820207,-4.904988962475355,-1.8595617129764,1.0896295229091613,0.6200260706260152,-5.7286772597082,1.2167234924979469,4.80012082316324,7.793847009793464,4.5275620302445665,-1.8775932125502244,1.2370769726366353,1.8115557731939131,0
1.6710748348134477,-1.5948844602920083,1.4390304010064248,1.680596718060651,1.190063461823685,-0.9603530521421138,-1.7551020312711616,1.7502034209607662,-1.2216697379686732,1.619362001974746,-0.32107942945924683,-0.19522539570586095,0.6900323437055055,-0.21035760377691182,-0.8587582421507591,-4.132301564051558,-1.163671587218973,-0.16777782344472914,-1.9597602498200355,0.0956075441125776,1
-0.3092795709158276,0.9459634572469942,-0.3134051616959055,3.567590017442927,-1.9518416318205318,-0.5944977224267224,-1.279647848349243,0.9023905679731687,-6.119378494545208,-1.240045679654793,-0.82932037436137,2.2124456530892957,-3.8364671685519602,-1.124200096946978,3.048055935785269,-2.4929880132541484,1.0697308104708072,-3.070916568713613,-1.4262517987222023,-0.5491264809895774,0
-1.1690478631628052,0.9967414496912566,2.0824058106924666,0.6299977364373688,-0.8445057288896662,-1.5793451620702603,0.20415387199602714,-2.4219328240954656,3.04082872820292,-0.8071544175313867,1.6776840908998094,-0.050942378441177105,4.067541553732076,-0.18271846181432752,2.5009231659267988,0.6654066916545193,-0.5032316301863844,1.2868923278237423,1.1010597345247701,0.9283886791361711,0
0.6823533536011868,0.8101781460538627,0.0937556244076837,2.2951471758972866,4.81263117291586,1.0248864327659302,-0.9947717179316953,0.13305604284728245,0.08148664610796894,-0.8468725254332824,0.7887540438854471,-2.91567159647061,3.3486279604479443,-0.6189888028476827,-1.4186626456446376,-1.5687486988784154,-0.2920078834072508,2.386624990777227,-0.42644785937602836,-1.2245569402250898,0
-4.907866272280847,0.913299118046413,-2.305108180998406,0.8060653289215495,1.3891556723069667,-1.7890451542463222,-0.748009486600535,-1.517378919584598,-1.2921071516166316,-2.2232249443370735,1.1632821327942087,0.19703900277521047,-5.598241526471301,-1.7849385328721046,2.288057571111274,4.507529682976529,-0.23061788711951037,-1.936407319351666,0.5705484795548177,0.44230215613534063,0
-4.33146677042587,0.8567211631613169,1.9672680787625563,-0.30938195682070324,-1.0997409464500438,-0.8131240938463867,0.8221108472828129,-1.05415573685292,3.7636607859028604,1.90348158134793,-1.1245216796138953,0.46230914719968563,0.9561190728493922,0.14046697573485675,3.409223377119474,4.493100745289152,-1.0397092740211207,3.128979205080298,7.898961351619275,0.14358982547949223,0
0.5981150265148945,3.9252524211078064,-1.5354658022636452,2.2205475974604116,-0.7971831552553538,-2.143966831621994,0.1023821983476529,-1.024341819146231,-2.770672995107253,-1.0384932745152673,0.09643037952850439,2.7496689345060847,2.362382206668025,-0.629867349137375,0.18488061613921447,-4.387535969434231,1.3636040028651706,1.2015065305897292,1.2422562370254908,-0.7675070366738105,1
0.03051844120052405,-1.0675079844674624,-0.7674747182509631,-0.4187435400294619,6.413826721502396,-0.7146641168409925,-0.35991109356667156,-1.042225122681164,3.7872358273489315,2.6413166773864107,-0.9126787606958671,-0.14611983637027937,2.4575316307331954,2.031158713073231,-4.866250481780989,-2.4740682449929157,-0.9684827933745687,3.331669892155416,0.9409475949976579,-0.18080744508722618,1
1.1045552199340125,-1.3984249433020304,-1.5230364894649517,2.0146337507402188,-1.5665100134514482,-0.8323894449694428,-0.49176661265620286,3.4597345529246644,-5.100035643726511,1.1676995514882493,-0.39925664594596205,2.1137347994431264,-3.065397830223565,2.177293447549066,0.5357388083247179,-3.916618032351528,-2.0439804459264206,-0.9476379571174243,-2.6117139882572378,-0.611188502250286,1
-3.152326100310164,1.3320270142032353,1.4284814491392608,0.6170096017044803,-0.7425664911057495,0.09390648166044979,0.3001750492845211,-2.122755300901434,1.4891949814803378,-0.12781225359396442,-0.13721170304420047,0.44087462873713235,-0.28363051358747954,-1.9793296949964025,3.262446912833954,3.2983716057632058,0.750609406780875,0.3406459598042765,4.3069148076619435,-0.9229768983740939,0
1.3640397300932814,-0.46306976045691983,-0.81523798494614,-2.7636454898684732,-0.17878624540297597,-1.0427750567564191,0.20324773130540036,-1.9292311067890706,5.211082633741464,-2.9224307904042783,0.5200043808008099,0.020209189068632893,4.867187853184187,0.43800525851872685,-0.7974766114192542,4.280084865076603,2.240504852172961,3.383622386345324,0.16751251949319346,1.6350476706194583,1
0.4434316791615066,2.829424291407268,-3.3151257641961265,-1.459673529571042,-4.820220844158495,1.0608000718059476,0.8995613767383077,-2.503197448188902,-1.579106603846839,-0.8378378317398436,-1.0859631707417063,1.1558232461145101,0.12859916011438163,-1.0182539014177285,2.406769102397363,2.47993621393809,-0.21559271715650352,-0.3070595800659247,0.007919374382751998,0.3142674218011834,0
0.9706749993848737,0.47062746261582333,-1.8586334168604415,-0.3294782282779358,-3.345667315195131,-0.8343381865826627,-0.691054377393896,-0.15531260850396067,-3.3580224116721182,-1.6509326665403934,-0.8033604327656939,0.9652853561217568,-3.039375600819859,0.11835020112343628,1.829857455055246,1.9847909154631023,1.679874006310903,-2.401943491564431,-1.5979454417675107,-2.388531462477686,0
3.504506260214896,-6.05692964197585,-0.12974240387661373,3.122467217115289,4.104899279683667,-0.05321243627298323,0.2536835542980969,-1.8398961465703825,1.9511860531187708,0.6173958554918881,-0.1349902279770614,2.8526268406468587,3.8418887317691888,-1.314748860310423,-0.4257244812244141,-5.190197436408902,-2.035370720412055,1.5776066057609337,-8.70198737757485,-0.689655504900944,1
-0.05578443681540768,3.4894423128902137,1.3449362814343409,2.760728200402589,3.274816203710879,0.03979945411601616,-0.6673840543601282,-1.1179462251314898,-1.9678306463981734,2.9142263072599532,0.417459031363166,-1.9206863573597965,1.0304576178145497,0.36013095127756267,0.10738151692014464,-0.6245824544973123,2.6629692718890587,1.9900503250084944,7.4970016432502495,1.5533546990558944,0
0.2943227120034627,-1.595266599807375,-0.673849415979662,-0.7857716788132472,-1.8833368495308436,0.12249092537445466,0.0873574252602637,0.04361144201153566,0.17583527097814097,-3.0718370402560002,0.24529174263693532,2.170381872534421,-1.1702559183927812,-0.7308131256087531,0.345197995327038,0.18953088934077883,0.7579204764255332,-1.9787190271913206,-4.472493360386377,-0.36123019291437297,0
0.896994875335881,1.37453031071091,2.385363057187438,2.6972231625996796,2.5821272646157643,0.7178462289962667,1.350993905727516,-2.116342843736863,1.1198946978169433,1.119838872747012,-0.16048622032856263,-1.0751886930671903,5.103055647829826,0.883624548970972,0.37960964237503203,-3.300049080031145,0.08473170380293205,1.8630045880903268,1.1421072587815326,0.5379836721509411,0
1.2027757034695814,-0.846801538949416,-0.05110853549814831,-1.2385747189376954,-0.7119606615839263,-0.6705431614166831,-0.1513974919414092,-0.53724849759867,-0.06646525345048332,-0.09365379265182905,0.22442003838225033,-1.1310590341755815,-1.0315857910769823,-2.153588112944552,-0.21382349782442045,1.405025100332947,0.4609413563545135,-1.8036850311114945,-2.0281162413082288,0.3160878221089337,0
1.0939116081998028,-0.5523369901835383,-1.422316345014298,-0.5785034874462283,-2.817863506905894,1.868527188073091,-1.3938176478742055,-1.253391444996077,-0.3346978080184588,-1.4715948862451633,0.06908519272427113,2.1963410266304373,-0.09270350185888596,0.18411939832816962,1.664884526895523,1.4884780479428046,1.1053022331239069,-0.41491443613995427,-1.8231347308524453,-1.8190510153025476,0
0.8401439222787681,-2.4135762659813103,-1.3642835739783723,0.05153309137655804,-0.12158198966474967,-1.5069222991380136,0.1462147963775593,0.19784660514197516,1.757493829198772,1.3666766277363327,0.6295583660658355,1.5568088524700547,2.3337036616974194,-0.6047188666354779,0.7479249663669534,0.4900054472869952,-2.290642798712914,3.6210268272245214,-0.389282390308022,-0.5515157301029804,1
-1.3979586339620265,2.016973130945067,-2.3617765461523823,1.6105720577973885,4.587716684901383,-0.0742521074930824,-0.2799661328065288,-4.6638223463169455,1.1994639368639808,-2.5339113086340594,-0.7483831806910335,0.8479154956875788,1.5391721597863082,0.1127489380767495,-0.7218672002900894,-0.17449113446267467,1.4929811139990992,0.8204768778543132,-1.1887050929886263,-0.7480718043216674,1
2.087968423807513,2.180642603340583,-1.705310355116249,-0.6547690423797141,-3.550628996738896,0.16068549812565303,1.6147832542473273,1.1312521440742964,-2.0626227851918326,0.892348326977223,0.6513309519952039,0.015642592212247397,2.8609724085567048,1.3446851732306149,-0.8515766694071216,-4.938847313956887,-3.9146590209033736,0.1550986239435278,-3.0051749310326623,0.3821171705925179,1
-0.06352519524436862,1.7912343893091451,3.5924392933022715,1.8718492543320706,-1.77821314016549,0.5687696953394487,-0.6298862375727151,-2.32043046294305,-2.26399899036365,1.7255909796044593,1.7806385994777079,-0.3676742632299541,-1.6701614623770453,0.3479160781208834,3.3393604370628296,0.28852367946431823,3.2140888519032287,-3.271250509689878,3.506309601416596,2.7359601593834886,0
-0.29642452947830544,0.10066579669984188,1.1322648024922,-2.510387047938195,-6.637279708071819,-1.108497090796783,-1.5703258142530165,-1.3155710943708183,3.8303148918155934,0.07540586115815562,-0.5181340566668575,2.6579060929741134,4.055667367494803,0.3367122954206112,2.7509772944074378,0.335862376662808,-2.5151231869880255,0.9383821391471809,-0.20833206317630953,-2.2912928068840652,0
-1.7021504732706219,2.1359456313772887,-0.4762312408292929,-1.7397165621377053,0.47559624989036214,1.4513754610703817,0.2553281717450444,-1.1330272126626095,1.1740286184275497,-0.22820798825999222,-0.5833429328784879,0.5980302030508262,-1.1915929204070517,-0.8483665364230907,-1.7774867872212134,0.9569735454070754,1.873941018477455,-0.44672817900715134,3.0827586320637423,0.539723679738307,1
4.133446526266689,-2.990068008378607,-2.3056024858208626,-2.0306104646646235,3.9789657731366233,1.6776254421561345,-1.2666319951066096,-1.489189138831886,0.6994613629569744,-2.2865098896302722,-0.6866045318482008,-1.7608760206750222,-1.1044860120484985,-0.9896509661643634,-4.395857498473165,1.6944092677383027,3.420478509879915,-1.9996423413185798,-6.742030971329972,-0.4299001052078867,0
2.423841898689272,-0.17669786400622445,2.384030826011064,2.235716454841951,1.7556963686213698,-0.7036364441092297,0.7422099624265004,-0.6952761999474373,2.087552597614297,-3.3727536664156497,0.39017219288008514,-3.755919032215032,7.800405093343801,0.5620922620826175,0.9755484362708359,-1.7852364660134052,-1.263226493239745,1.7401285268828643,-5.078759541880332,2.3120440563595306,0
0.11355542921736284,0.6900037367136422,0.6823622751428458,0.8845284582721109,-0.7084105938831142,-0.3484661913619802,0.9940027883688466,-3.2035531711202667,2.1032671857134537,-4.165775849236335,-0.186148218965649,-0.6414367929844641,4.221562872984486,-0.042267998434793036,2.6389507758268724,1.147075292811653,0.19929102866159842,-0.17173003207205118,-3.886518225924898,-0.7709990128187286,0
1.2683747360552187,-0.5827540482227681,-0.800487389794482,-2.247976188125218,-1.864160093578627,2.1773203810422213,-1.8249777469611168,-0.36993820037010106,1.7873600863935524,1.1030615076642236,-0.6270278518303946,1.4211517044643367,1.3440562803314864,-0.7387387253049276,-1.0805237277892148,-0.027568454079913204,-0.35077311155262614,0.9910273604977224,-0.019553440223057106,-0.9711898691379917,1
-1.2223800891462886,3.1515709317095104,0.665059839967973,1.864653087055741,0.9358558459046796,1.2354837695030692,0.6371190404112276,-2.877197001695279,-1.3323106135610345,1.37728998658205,-0.6792219372181003,0.13259025819551806,-0.631557251042095,1.5583840118807817,2.0606021558940304,1.8684991321969528,3.472847137419339,0.5155818604077222,6.615078952051607,-1.1366931189208151,0
1.4537630919236029,2.3017412890220967,1.327748547206371,-2.4550468085747985,-7.427547958198671,1.2972975339255457,-0.07937614002031229,-1.2264037323273198,2.4356507788023687,1.3141989040817497,-0.0963846363148971,0.8928518214151199,6.0587571688951405,0.21446326746755132,2.251956507349318,-1.1803742328273505,-2.6096689152036063,1.3626781598190831,1.021055884712458,0.22732590682319015,0
-1.6146417942065083,-2.409639697259049,-3.419588122682455,-4.173158635377485,-2.6700189733746007,0.19380900833111825,-0.006400752603138034,-0.8958822864692526,4.864783199931078,-3.3877980533761805,0.20188719429148277,1.0229837645043445,0.22103644216330418,-0.5012379575000783,1.5485030530869754,8.448027686547329,-1.2886111104730662,2.4036844478974433,-1.5069707036654278,-0.8467193279265061,1
-1.8009050386392143,-1.5670918771840734,0.05764709218668984,-1.1857126527430388,-0.2423499576529426,-0.49016731537656055,1.0560303715657138,1.113201707184826,3.848012420972086,-2.4759077162740084,-0.04244852901175601,2.5200065252772257,1.6850918149472358,-0.522781216566171,-0.6631155537965763,0.1471110778892799,-0.8239708102759533,1.962042030168651,-0.8760768369838466,-0.12331159906616064,1
-1.929956077993904,1.4032499975241146,-0.5485843534862618,-0.13363601504269085,-4.052527639980601,1.1961502215261264,1.464201272523587,0.41391989437599874,-0.00998320132747675,-0.7959798399061728,0.49243733915416665,4.5295750552475695,0.2771027958821975,1.1847438987066805,1.6194470046613034,-1.7887023737436372,-0.7641359306435789,0.6437494903975494,1.498149000123677,-0.9346089125902313,1
-4.2255260767753855,4.73487270658101,-0.6987711880050154,1.6042648935677395,3.06717480003161,-1.464706681617567,1.1329561648061375,-6.8207465204697355,1.801827192429699,-3.9962381037285724,0.7929053718372014,2.409741734077101,0.7084812638338498,0.5100665931710655,0.3619501339502773,-1.011840708353455,2.85336894669779,-1.8515348161017093,0.15314795091017647,-0.24421504017566917,1
2.357280417177021,2.4196146867229724,-2.217671551959827,-2.906427420375448,1.3331384032641356,-0.4142107809275325,-0.9447528520088895,-0.4061444052249821,-0.8004032593550462,2.4023849855390047,-0.8727610707885383,-2.859790803876298,-1.0772371545917225,-0.05171311130804584,-3.1760147898001505,4.741993231990105,4.394050098351988,1.8582637384287921,6.817749912810665,1.2129839285493706,1
1.4806813883965675,-0.14491514433134933,-3.827840966266506,-0.8069491856077396,-0.29713109643657326,-1.622974962003564,-1.213463360152923,-2.057240386856699,-2.0294707998665604,-1.1672815702579165,-1.1719339292231947,1.2802906345850062,-2.7316704647559105,1.0974849713531636,-0.17791281007070125,2.3531138441038397,2.115679941670469,-1.3043779451469761,-2.341563070068619,0.815594244596163,0
0.7754857818254215,0.7098738866501075,-1.5776275410816583,3.6554204627998264,0.6381099896510287,-1.1363751667038573,0.2316480716109227,1.8155321059851426,-5.1120977919512836,0.8082988118071559,1.1116314741410516,0.2345095624664777,-0.4902952985053225,-0.6560347582406549,0.8629234247374888,-4.58360198156931,-2.561063373174563,0.2306802033023556,-2.072698571354968,-0.4411766907937603,1
2.574133854073172,-2.0181490028504703,-0.1557243996743679,1.723012771963219,0.47965429466840903,0.02394638244926125,1.3869598902732805,0.46808077679456106,0.37342837326730777,2.326845923780656,0.8544377511405561,1.7316202384796535,4.223519594040746,1.035916209432034,-0.3341913386045344,-5.161469093153029,-3.11748000691219,2.811563913145565,-2.7798729743139146,-0.9653962101329222,1
-2.25612119601839,-1.5711763355969874,-1.4353732088274076,-0.8047432005477738,-4.940392973559321,0.970462636906666,0.4133720291303957,1.6513695378952393,-4.177142847078054,-2.618595192769365,0.6573210951195391,2.0762746783350643,-9.191382946653945,0.05461178291007045,3.9499341836255963,5.674603248407414,1.7579869500007823,-5.070597629917501,-1.1889018519193426,1.0929591108966683,0
-0.8642626250373218,1.0330790343665717,-2.0300796113434987,-0.9823916612027855,0.9677376002859085,1.8105224784209932,1.2149441068549691,-1.5862094563667393,-0.18934292745318818,0.5107118281283727,-0.3317787717721222,0.6358906111725746,-1.4234877412694986,0.10577038352412323,-2.299228536994374,-2.6842191048406647,-1.9574014499792391,-2.031843914567963,-2.964250650150134,0.9308873827918375,0
-0.4284176002893416,-2.44977117820254,-3.250083838491625,-1.4969650585617906,0.1784471841392447,-1.1310686299349713,-0.9621412281903847,-0.8945748452852127,-0.1626944531995001,-2.3029801298773,-0.09512487755346981,2.2980523984924126,-4.672558979259366,0.00022394799578804667,-0.1260014895846877,4.218728344083854,2.073467944652166,-1.5278351641969925,-2.6896808080234123,0.49200405410295983,0
1.118613910611816,-3.5917946445900575,0.2426471254717104,-2.304352161105374,0.11755311400080957,0.47474210483989104,0.3775547328379105,-0.37764342409048735,3.1770831652537463,-0.6925524751453156,1.8307438248312617,1.561858044633908,-0.2754301616746986,-0.18204043108565582,-1.9274030119649246,0.19953258382671157,0.4523123520430268,-1.1333936846159642,-4.127333285147307,0.6102350056939962,0
0.8987565064360175,-0.6177086238578324,-1.914100016553742,0.7599429201380308,0.5932519116335525,0.4637230575571145,-1.1675008238807143,2.775887176928994,-4.254609163086509,0.6956742987965782,2.0178064487930305,1.5347002515157593,-3.8803553745132255,-0.1403162280471598,-2.386465446733451,-4.238063323863001,-0.5408796958336123,-1.9317094277394409,-2.6602709358543035,1.112292449891728,1
1.8994166391310805,-1.8156947238569057,0.6995698015563114,4.481695535405093,5.338230806819288,-1.6223206132937653,-0.11335479410729969,1.0004812928899487,-3.3143357097763864,1.7733562296798837,-0.31062923983688057,-0.1996404248242214,-0.20469649421086142,0.13155164017749568,-1.995916435668759,-7.57821754145602,-1.311103462479935,-1.0046132660595677,-4.590651537483242,0.5022347203519739,1
-3.353694063587974,2.5007744272371646,-0.9168984222998455,-1.738355593125109,0.342041475501547,0.5344685350685111,0.32683220948352026,-1.5537073808646147,2.6034338059217417,-3.6474431986256146,0.0893607385962395,-0.2393599426326556,0.009359066657951892,0.86535870905007,-0.38449051552352964,3.205829849975992,0.9650908763076221,-0.03582878895049957,1.3115324906328663,0.8549446510561495,1
-3.129555538429591,1.2195394076459214,1.5883160395247242,-2.3563456391678868,-2.824377772287353,-1.1684908920992674,-0.7906239912729525,-3.1975396785985537,5.035569999276952,-4.109669887122699,-0.9437054314300761,0.9801651669402142,1.303090632911326,-0.28231204192492954,2.8422084650690924,6.299265514202246,2.8403273777096762,-0.21141618239909565,2.5215496785540665,0.012814304566494936,1
1.6661501433075023,-1.6437123073058966,3.180478701174022,-1.207915977581055,-1.8300222437078326,0.10714532973756831,-0.2242409555481863,-1.4822861199183244,7.894211612141941,-6.549261501122837,2.2354274347569607,-0.9785453696649747,10.844225009217162,-0.21083471865458023,1.2131791486785832,0.18582439273873655,-1.1495251816303749,2.495893270099506,-6.916814490042714,0.19092373175510596,0
-0.30713205182063796,-0.25049935163009796,1.3285059375094819,-1.2688437681372813,-5.548899523114,-0.3700224658372443,-0.2793502470569217,-0.03893716540501291,0.9508222739028528,-0.7254715699668861,-0.08119318413546972,2.0289945588676748,0.8188153406438661,-0.3709311036076685,2.4456061787659085,-0.5096509622177218,-1.5099949858465758,-1.5770098627297489,-1.8199895664707393,0.3987128017903442,0
-0.2601135184474086,0.9112053075571235,2.0395762829167863,0.19439221842359455,0.8217196661391186,-0.8665705544254966,0.3490122686280793,-0.3086877136373001,2.3778463236952065,-0.9066528397240996,0.6951660176182558,-0.9777060408866652,2.903038441822297,3.285723713681842,0.7851210479841375,2.99397565295795,3.0608908769179655,2.8297249329021423,5.087748853277853,-0.5231043068844964,0
-1.2534418847400262,2.4277787912603195,-0.42360455383370255,0.15963574573412398,1.1430880072722767,-1.3550860657750061,0.0690035007370614,-1.0665191773149254,0.1696710765233984,-2.540562606454623,-1.0550207553771844,-0.8880310080038201,-0.21087361773947785,-0.8175815867776912,0.9069209145914355,5.05571653751307,4.507343047156595,1.5311564245843299,5.2034482961804915,-0.45662878572190524,0
0.9908811397502468,0.9561810538447248,-2.6481405823128106,-0.7753588061289878,5.620924463283716,0.30517263458050764,-0.766479772908569,-5.1119965531119735,3.073091234280964,0.3745466947542442,1.0416667330833504,0.6176526814992573,2.168365484366992,-1.6970961432894554,-3.627525906092607,0.8358294808632597,3.285738380892989,2.296271380425624,1.2049633382915308,1.6159816799179296,1
-1.0978389214185191,-4.09850753729911,-0.4221796270181395,-0.720397922302441,3.1097548474653447,-0.9683358632535589,0.2483054757359842,-0.2497652511825431,2.8263433752868408,-2.5222160401254574,-0.5881085989243096,1.415945042741495,-2.238997319582909,0.7524833770742185,-1.5761224314199973,1.3839460536559565,0.6085434032612836,-1.1731983458522852,-4.610341258108589,0.4931956884898786,0
0.601239099580493,-1.654000104366931,-1.9881577442409384,-1.727831094825218,-2.0123081563297567,0.08882296227878847,2.4359851242292434,-1.2651021020276323,2.7222750805606575,0.42553634141569074,-0.08541883283306649,3.355364778659915,1.8508603620180666,-1.335016245648024,0.37628675503701126,1.0548760153462473,-0.9604244628213052,2.455001531435678,-0.6037897767284084,-1.6599055625051826,1
0.5887919670517511,-0.4192585658385253,0.9899170716088808,-2.998096061509837,2.0428038712760275,-0.2134326970879245,0.4685312569051241,0.19682312989327788,5.8433499550257935,0.7859028355675008,1.2322042374139113,-0.4932970812334516,4.17863580263546,0.15226937580750002,-3.384059394819451,2.400953470973484,2.168275449270473,4.6723500015708925,5.166182023117061,-2.2832386346150395,1
-1.6520403494145448,-1.2090691463643846,0.9873229533166603,-1.9174657814204954,-2.041354204750255,-0.20891795737087174,-0.40701589180677117,-1.1423908657289108,4.256417507021909,2.6659608422250214,-1.165974185680461,3.4874310988523245,1.6518453015066314,1.8507811424357337,-0.4404090287581377,-2.8145638988711887,-3.50694224074084,0.5296166538521512,-0.18577059505570617,-1.0456949708779122,0
1.341265410307576,-0.7071851515183589,0.0634300851743157,2.2512006840383947,3.921568203654143,-1.4512192162599356,-0.0875535464534396,1.169188954388053,-1.7492022474300857,1.5500038823402136,-0.4172653653223936,-0.48494346461496485,0.37080651651121077,-0.23307719205082233,-2.53867119044698,-5.162080790159872,-1.0040650834483698,0.18905764545478032,-2.053532456405948,-1.1216462365331947,1
4.143459823044943,-4.490058764469143,2.583041745086488,2.926995382579933,3.635116145670386,0.9772633703031223,0.17969538110620695,-0.6462889560990324,2.1650288227676726,1.44897108152227,-0.25177867392637926,1.1168286539068426,5.699549914720623,-0.04946657132325152,-1.3575440828402523,-6.938111559758769,-1.288708044220384,1.509935852633785,-6.281600791208036,0.3683520038409712,1
0.7658639029472087,1.1348265477887653,-0.40900440232128377,-1.0390179498585106,5.406504841527385,-0.329396455962543,1.8182787037428214,-1.084318006950474,2.170128324412416,-2.2553281871197557,-0.32016950822072576,-2.334796784104714,0.9556242050507826,0.1921922494586957,-3.751528615847572,3.700178763774064,5.943418098255671,1.9598934857468961,3.5752492972855756,0.6104399993168492,1
-3.439397649659028,-0.4539861080680596,1.9472028820160414,0.38654618351822867,-2.976461075702916,-0.68135160643521,-0.6590596905145408,-2.1491739729843213,1.5423862352573117,-0.4877021768284364,-0.8605073265053107,0.20941998263796413,-1.227760140537905,0.5995786278137535,5.372642901695824,3.9500074747585323,-1.6902795397472592,-1.6856075743019003,0.5215600396430842,-0.3725622805709149,0
0.4154928806987872,-1.0696987276212355,-0.8614183484940712,-2.5754945219264513,-0.9485170492681415,0.193798713767092,1.027070300644139,-0.34123847317509504,2.611522032117802,1.6931802515331076,0.26816694982197375,1.8463161348979584,0.5395864484804764,-0.21556794341894983,-1.6058214999302138,0.5457985538564158,-0.28354642278434916,1.395365001602596,1.1228181835138027,-1.188384670740071,1
-2.5308795116260256,3.383815248500676,-1.9832922418348606,0.34345874146611943,7.055039500752857,-1.8794669639461663,-1.796991647279401,-5.063638458768014,0.8491931803518699,1.6376926336749795,0.8623905759176876,1.7557878992183475,-2.1422054943464697,0.16208569264677555,-4.903813596410423,-3.117401148895712,2.840229454356969,-1.0231369763921094,2.8522630404085216,0.06217922981228763,1
1.3147379214630575,3.2140983154662472,4.086865671552189,2.0962524917675505,2.0411866576148796,0.3901926106054028,1.1240958947016253,-2.1698287190066035,3.702414728398052,2.48773683202055,1.0383860371596325,-1.093320235312883,9.567566433013198,-1.0835965446725375,0.15678676368504074,-2.813981047508764,1.6426937489992233,5.816174389249366,7.472633732179314,1.1111452152044627,0
-0.33616939906965104,2.656946072009098,-1.1833988388620176,3.094224684120219,4.7573487349539985,3.186574911811055,1.3444339080830043,-1.7126642141426554,-0.16790263550952958,-3.078895732418371,-0.912804486601195,-3.0593179707711706,4.232457532978397,0.701131200712918,0.26811013929997274,0.12536814422929174,0.08554755523074942,2.8621698923863166,-0.4365551609028258,0.33952878740421627,0
-0.7744143913909103,1.115390702778945,-1.0050192509381244,-0.39678344667564835,-1.8610378914869408,-1.6455122451253463,-0.39126771490754075,-1.2225203964219733,0.6152247386253101,-0.3827311257504653,-0.5167091094298853,2.4705990262984123,1.0922999042151662,-0.8889248090597707,0.33844841743889376,-1.8432665356258062,-1.2409570475764493,0.09431329936135646,-0.860347509583574,-1.571489187576273,1
1.2393161356895346,-0.4781764746607352,-0.3830284721388426,-0.27114602160640233,0.2973857375455609,0.4963816465288452,-1.0794739195745453,-1.5561856595491688,2.1858824911575847,-0.5635344078066857,-0.5993027886237254,0.7157451882741063,3.183797607471402,-1.0149165707990837,0.11322680458188294,0.8830683933403143,0.8748810862931076,2.2488603643157212,-0.023893257950450827,1.372278913446575,1
-1.2010177971539235,-2.5126627754430695,-0.9869530978041275,-0.19179666081738467,-2.2322773609423257,0.009395354575849457,1.056288483746123,0.9148561050601312,-1.7790867204984258,-0.8923412750910719,0.013420485388464291,2.2731742663156496,-5.820477380197521,0.3975277565731539,2.980333228368786,5.247327409479882,2.161227394831833,-1.4613083975021657,1.0068401500277637,0.8549039226364025,0
0.1091666403233823,-1.3213356865007142,0.5356871068062103,1.384948776175861,3.408651735600631,-0.957927839495268,-0.9906540774992385,1.5165047324936198,0.7313110573795418,3.327790412919016,1.9519290895174237,0.22388792889400044,1.3182847446752628,-0.2867216948200629,-1.7248554932315967,-2.7183337935353946,-1.5475047555423291,3.1628412884704242,2.4233735357237487,-1.104145456663919,1
-0.6584115336897579,0.4238916709395546,0.4655097984647185,1.9843762672353955,3.588901184669505,0.03935575499419535,0.2638884943500218,0.8405906612627618,-2.924355696207871,1.8234662884287784,0.11083637869222239,-1.8274713746295848,-3.362571984598428,-1.454614748577161,-0.9709230193832381,-0.964341284906825,0.7410695474481619,-1.2966282504488178,1.7984703044105084,0.09912579247616002,0
1.3157795797508043,-1.459985877898045,0.2744953501101586,0.9855809060807286,2.0169478554333655,-0.28368622092717277,1.3163448375195195,-1.2314638803392444,1.3076388285979428,-0.3374605942117104,-1.222750278738175,1.4928839571215187,2.217628212622759,-2.9086607444805037,-1.2545419125669044,-3.3347267614459466,0.01824905857112913,0.2767307700072996,-3.4290059255890037,0.8439514005189311,0
-1.6555615636713248,-0.09728042613224464,-0.6360323695609738,0.9106023976626342,3.57259371099043,-0.16291219337623528,-0.6337886457778004,1.014287365501143,0.903697230964867,-2.4825326638679592,-0.5407633549772218,-2.4313052944237734,0.38754109114984536,-0.4121611450482137,-0.08246435629883409,3.241229316842785,0.16683375452470683,2.2528636069106094,0.9780105399134993,0.5634099508221323,0
1.7360953577479128,-1.9357337079156123,-0.682982384855485,0.7227821015136494,5.975319560712267,-0.24266646142712253,2.580291898690775,-0.5999277380082713,2.099037748065724,1.5780103265096719,-1.8075896491814576,0.05425340999953854,2.677501961300574,0.5432569649742733,-4.507320171560471,-4.4470530473731,-0.9418764347666597,2.076967940497594,-2.7687688294615906,-0.9770721461414011,1
1.0695072537837718,-1.7219476501267013,2.393690595296948,-1.567139086354564,0.06073174092986203,1.3698682233619108,-0.6414157900234342,-2.397711676299081,6.167252498668739,0.015704897236717974,0.2753962341432087,-1.9233311180798807,6.202556828273533,1.110677684054092,0.5320765566355212,1.6800450755516059,-1.597707798909791,2.098222201341571,-1.6190627703660472,0.6259320959729026,0
-1.137928290839719,-2.3894012262247513,-2.6394671873424436,-2.402700189834852,1.8061945686229814,0.5692893232700639,0.07166855388024412,-0.6024208771334254,1.4685877802272977,-1.44177896211959,0.9622105785810979,2.0028960101205424,-4.0802602279133335,-0.24237545810511135,-3.081615937074864,0.6706532086504479,0.00588579440735848,-2.3092648345579763,-4.414221157632221,0.612171618618584,0
1.07594811421166,-0.2181539958395161,-0.23682042148946103,-1.863629435339118,-0.14267027070198537,-0.09762069577407609,1.228572082061997,0.8743616178241669,2.0692196058090446,0.75016281637968,1.3354738978506546,-0.25240370888087416,2.115369186391701,2.202243273372913,-1.7338760445927437,0.8532898167185106,0.2947243836168447,2.489340797098799,2.010552508779645,-0.5465482962364754,1
-0.8017817608208901,-4.229353313337947,-3.986795760181081,-1.5631680436782656,3.452465916103812,0.03537141708863912,-1.0867108113847272,-0.837611804943885,0.17520147946922607,-2.781313661892176,-0.5029096500380191,1.6635479277077965,-7.073963672501534,-0.7712694166774808,-1.569000047183407,5.938157770369224,3.1666707853153464,-1.9776684971276852,-3.5911538887181087,-0.2597211710765324,0
-2.565476336997709,1.5742128369248665,-0.36839350842867513,2.4638636841086003,5.050172776982422,0.7463732418253723,-0.035316859594895715,1.4594610999261937,-3.15077417423042,1.7291855431283558,-0.9220530471774268,-2.613011731549222,-4.180743647002008,-0.8030845807190595,-0.6092455043890188,1.444564759581856,0.9867424968068262,0.5873326362324252,5.6076267891626745,-0.46812453379619046,0
-0.8479927143330275,3.101370273784527,-3.2212476715809366,-3.6513981136735127,-7.311555489765887,0.5855215328568677,-1.671332267634772,1.796308049886846,-1.256446571884344,-0.7472850120699073,-0.734975101257266,1.3340574421640408,-1.094708759836116,0.37105373821536314,1.647744233718329,4.415457862802052,-0.4456251250998202,1.41289665729329,4.380285680710667,0.293008807258655,1
1.8577964379194105,-1.3608346427915834,-1.3527818418495774,0.37379685651699324,-2.0218510228850306,-0.3564271205250787,-1.525185436662198,2.3791484421385505,-2.2630916553637754,1.3386257610421628,-0.30530915351856486,2.0899471842255295,-0.18830440800112494,-0.1947896212832356,-0.31942050978013736,-3.442071617677952,-2.1205530561729695,0.475551013219606,-2.3261374669065904,-0.8612881023859008,1
-2.406185882821697,-2.429723539649315,1.3901441775891916,-1.9515830839267334,4.242177342331529,-0.8312878954818901,-0.49094894973186637,-0.38888293158719267,6.068002560232026,2.6303124856052875,0.39662793922145717,2.079160398108107,-0.724520415577339,1.384871093794044,-2.345393287807324,4.569321474065183,3.695146234444735,4.282289995510718,8.803737829102447,-2.993706602660623,1
-1.727800621904731,1.0560737683192891,0.3740726942288908,-0.379883457096878,0.3174376334791825,-0.9311652607769603,0.47729600880942324,-0.4247891627073288,2.868675278557703,-3.8144835800714545,-0.7893523659025773,0.45766271213954346,2.459289702224735,0.21751349593878547,0.2913603694035989,1.9748327384027167,1.518187101519947,1.7420690916398907,1.0940463863744818,-0.6490763335666393,1
1.5360678173352817,-1.3577525688550918,0.20718513363801372,3.4992397440057883,2.63813295373485,-0.46291637948632713,1.075390554416414,-0.6375324332291759,-1.5923245376350559,0.6038872616008457,1.0825370086829098,0.8431016080123764,1.3473870043840595,1.110499865647384,0.5223706935786998,-3.784202142614349,-0.43746913738801385,0.4989467955339676,-2.8064167608591,1.0175314239306263,1
0.7630049842356397,1.5379224912181595,-2.403276078963701,0.7547326551175223,-1.2171995200263144,-0.8539202975207183,1.9620683618985282,1.6513107660477575,-4.441701703021368,0.00020253823604832188,-1.1933788124438198,-0.2561209971113585,-1.4407631606380646,-0.7920035740952445,-0.8628617321074501,-4.293015156271438,-3.041544231976185,-1.9172747287657916,-4.021426941162956,-1.4397052966180355,1
-0.6745912369609908,0.4695444322073983,2.1772194031028067,0.5348379578585651,-0.9508552289812895,0.006984916255938687,-0.6361984412021284,-1.6562216269931134,2.5640046621292374,-2.063173814472846,1.8549873574806566,-0.9977567655004431,3.522492505694838,0.40113826126422947,2.7228191432967677,2.039320055606209,0.2957313845014856,0.8184752600278997,0.2591686650132855,0.4601976812300412,0
0.5032659406963185,3.0270951800799946,-2.587013750650392,-1.1578137752640631,-6.404089009546568,-0.26904109188808245,1.1600825123986132,1.6372505879028108,-3.9716656322474573,-1.2779413778189261,-0.5867447607300117,-0.6571933932183407,-0.5137481421530439,1.3617609133402233,2.169398976485977,0.2844503599675393,-2.788327010252735,-1.24884900067083,-1.6186962664845126,0.586801850735655,1
-1.0706484910763812,1.3931209888363825,3.3269441075259647,1.327674920280153,-4.74072635529704,1.1464718774879026,0.7906862100258404,-5.7952306354723735,1.4253291281399656,1.0628926128216065,-1.1491796022167802,1.9982960653565072,2.007754137744797,0.7860172908142086,6.683996597248084,1.6710122335234832,0.8978779851687305,-1.7643489999064754,2.082991512592118,0.23154106881380565,0
3.81050990881631,1.8118841339318852,-1.3158503340928525,1.6308106891451488,2.387553743454426,-0.32551341299493647,1.3212111260775765,-4.998117712794457,1.1287709222249251,2.517539670096762,1.4922645094750588,3.0921147276465692,6.799517329971678,-1.6139014554789919,-2.297861646518536,-6.894422796173108,0.8867822313248019,2.939168376775404,-0.8473818285426222,-0.9550822881358275,1
-2.2518316420890074,2.4542766949633097,-0.26400979778808364,-1.8339726564844638,-3.0360349445180637,-1.1485833152387388,-0.24735092714891319,-1.735191746535392,1.5040234260813652,-1.6759808697519496,0.4408197989057157,1.9180427984459227,-0.2682999979555483,-0.7225967814014777,1.0754210500281056,2.104748396898247,1.3600327644407608,-0.5946438044085842,2.531149053225069,-0.2536404538925019,1
-0.7629342935011811,-3.0405826704179844,-2.734940486626601,-3.9658760536076394,-2.7577950745803292,1.9941237407344399,0.21655473837820582,-1.0126042231461305,1.6585672925499544,-1.04466275482085,-0.30746090001514215,1.4229422665265608,-5.095530073558812,-1.5722305440781297,1.4572857085943915,8.896631066485984,1.80721108663396,-1.0732745685988696,0.030063202576377276,1.3486931986455122,0
-1.8951307966779005,-1.308392179836467,-0.7744438439437904,-2.238471846481803,-1.4608766576655072,-0.4472243596775238,-0.02264413013637428,-0.4712152707655839,4.472529000343042,-1.0984632728200625,1.4571018262274051,3.3599624216376967,1.1006415332161703,-0.19629361774576656,0.40340598255746163,3.1475668086024267,0.24836954009832124,2.8278720489279365,2.152966341697569,-3.0942892490913896,1
0.8023829964921145,-1.0145226096960922,1.184345677715469,2.995173705547005,5.467614648769003,0.642717152631484,0.7206392313572674,0.346883150053345,-0.5462558307832249,0.8446246768528962,0.8892634247589758,-0.23440788381219235,0.792504500720438,0.0773637302840967,-2.083681428071878,-3.838204671063405,1.1444230105272548,0.8926740920317987,-0.29050947294763374,-0.30093529297013316,1
0.008903814052040326,0.8277257794883688,3.735038603055104,-1.0901345947031507,-3.2897558450557183,-1.271284249114102,1.0904721690569936,-2.8816154999671886,5.690456422052925,-1.5626853583046285,-0.9379534088448924,1.291429325584672,6.175804918297652,1.0449804951331938,3.342743461935466,4.163781603129107,3.761521280386544,3.1271978005795753,5.345576013843691,1.0275527136751572,0
2.8395995721804246,0.49921778816660756,-1.2342965653842017,0.8634818964594739,-2.34604950870004,-1.0704682430200712,0.3269108642391749,3.3595788881121464,-5.638480374387265,1.236137939856556,-0.09800096678333997,-0.6597288333759244,-0.9293726976201685,-0.10140782972186395,-1.6893488885435786,-7.754696481962039,-4.381738298458252,-3.148370208725545,-6.70120902581078,1.7347627931235772,1
-2.4627302591850224,1.4132739900068063,-1.294601866187979,-2.7139532284682346,-3.6042053695035645,0.32375506723149367,-1.4904928657368934,-1.1761282676582716,1.0320083418846748,-2.335872857559688,0.8252244191816259,1.7767831780942984,-2.7893004412703717,1.158565492822322,1.7414740638465074,5.798944557172112,2.4726649309849753,-0.8734226216173209,3.0881594694854093,0.242462971722711,1
0.14041396526323568,-0.3543444826938842,-0.9713583708440502,-1.7873054161883428,3.3156506879528918,0.5634043604480524,-0.7299966715800764,0.8083360571785885,2.164841998201304,0.20807036962895697,-0.45242426480904147,-0.5925113030118851,0.24302609850900248,0.8868426594885851,-4.008367388994124,0.7081198432625704,1.2964726771095645,1.949641433026167,1.788133781602094,1.6997427421986424,1
2.029039202162969,2.0229526934412076,-2.113188363070131,-0.8280828031460615,-0.44120554711284027,-0.48348390840381605,-0.8179372904264822,-2.8235860541964746,2.4374822812367722,-0.5989601363920539,1.6491913233344617,0.08510490889298084,6.870393195545314,0.14050890428560542,-1.0367066500533733,-2.289298389190629,-2.142161559164243,3.026980470289066,-2.4546924852626297,0.5660574588320672,1
-0.07647322070118057,0.4817462981799526,1.7729347365144217,1.9415387089150038,4.630598710325877,-0.4321210431294197,2.4409239654565345,1.6176649266761802,2.0201695960455157,0.3258861992859168,1.1794244681404278,-3.6758258881523083,5.18140892605175,-0.8386236735995307,-1.3384986631221105,-1.4321387626833895,-1.7126682474262243,4.3685996978122645,2.0744037852727994,0.16151349923840733,0
1.231180056244015,0.8443340958091962,-0.5646547090982437,2.73161756413113,5.207177082855191,0.02166541170356352,-0.4291822902276543,2.4681994976800308,-3.6737045021446804,-1.6615710160415322,0.12150300981893442,-5.701772489456799,-0.9523413561345141,0.07999585524358216,-0.3010434486542044,4.027551195739483,3.2406217826751664,1.9839508850454688,2.9824262206049466,-0.8291434854434051,0
1.210658347147443,-2.2046436421725595,-1.5304909741729045,4.71795394070211,2.5399346993323646,0.22271606260096463,1.4295196585259922,3.3618347429296556,-5.833799847794393,2.704907332865021,0.17044299872136276,1.8227933415656645,-2.3503020366901923,-0.3030927196917261,-0.3762561693823028,-7.369231544921128,-3.610721290012856,0.043321041183569275,-3.80501383878672,-0.38841124098877516,1
-4.333574857121375,2.3751668586973036,-2.195119085835791,1.3501923405820406,5.2248351887001805,-0.5996495114509319,0.4307399339818508,1.8110410978966143,-3.6241334088180643,0.45179785795843475,0.9007751317905579,-2.0495273223901185,-7.161465052938125,0.349827912680088,-1.2766922225374886,3.8404822866658503,2.0774472125829435,0.144726468776879,7.018531718425696,0.015033925541790552,0
-1.7600801432004505,3.0875150855174796,1.3476763770620261,0.9191022442869842,2.069517448327708,-0.13331580651810626,-0.3190629197847002,0.7987934027027612,-2.436636962282104,3.2917001327848796,-0.8879629366016216,-1.1891851274145593,-3.996049479698285,-0.9146537353257299,0.3270476038565283,4.577150502768409,5.973429708937788,1.6968496469351002,13.268480039973728,-0.41631525734402774,0
4.184294701239426,1.8777532731160074,4.688413110564884,2.206331873322663,1.0725216662252957,-1.2732127739133976,-1.3177997521089737,-2.785835800409288,5.103541848437659,0.02811528912025696,0.8175345098452976,-1.9954225916996604,13.935539356461286,-2.2142681858845514,0.9190942234488212,-3.0792106909849184,1.496045304266727,6.365329589853956,2.637181180924141,0.07234521731918178,0
0.43485634379546456,-0.21127559889133396,-0.37495939858011884,0.4223967247386654,-2.3504370364268237,-1.6556393601700825,0.6463201631358254,3.8674443830555933,-3.5087634980417133,2.0178655908336154,-0.9262391125885509,0.7385088261577557,-2.2884667460756676,1.4744973675705146,0.17707181554390194,-2.0301513323037144,-1.626497131309924,-0.03718436380706014,1.2002291641374587,0.2997948741631638,1
-1.1312555211891082,4.797466866613065,-2.8637185938222007,0.20092967944330997,-1.4524420892332133,0.5098872479211952,0.7177387066589797,1.0871709671538345,-3.947026157589585,-0.42114603055576794,-0.06487144105336112,-0.2549014499455997,-1.419777233290231,1.1469628682551696,0.06551143623123146,0.4334482577908493,0.5287623450015169,0.902204571045176,4.4197856772868995,-2.9667530687407306,1
0.7351175388228959,0.1775212758401632,0.10049131010665735,-1.1764654713500788,-3.227829928238645,0.5065876716972757,1.1119533608604089,-1.4356156911664402,1.0122544535533202,0.3913024945269259,-0.1271585968748843,0.6445445285874326,1.5617647748134584,1.1044777038374665,1.5621359416325475,0.7413873941013094,-0.7585132256894702,-0.15518432863874143,-0.5828765551735439,0.5775169546072118,0
0.3348696441598942,0.9517968104414839,0.7735351983675067,-4.790287919770738,-2.6615314093222304,0.5452584830261195,0.8869526074731716,-1.8458719991566714,4.526751424084275,-0.36486628148221445,-0.4182489152798312,0.7429030740538308,1.3032079452711622,0.21112477684466674,-1.662111882746212,3.7005008847576866,3.4334435291591414,0.1480864873752772,3.46029181509967,0.5068113976630492,1
-0.0458060421519455,-1.335709042925642,-2.4611642680597052,-0.21316718531434076,0.258357815399448,-0.5807410905564503,-0.0034808485732018284,-0.17584630959731973,-4.216907134133184,-0.9342506445853229,-0.12168868568726995,-0.6140602920789897,-7.861431426929765,-0.14503369152842294,0.8444942551128922,4.624935775536848,2.5800820024406637,-4.217146132981283,-1.802158870917845,-1.125096327023029,0
0.8854291046152145,-0.7646533798618804,-0.7567656141550035,2.5414940997288626,3.9906370643536153,0.7076782440272429,0.5065343913859176,0.05210874500356533,-1.5393172166506126,0.9063391957692862,0.17392351197515246,-0.33110732448358915,0.42620152517676824,-0.6584735952612559,-1.4702881211944896,-3.8889321794633225,-1.3159978219531734,0.42090470887905795,-2.677691321809399,0.7998872897059831,1
0.493329348326049,2.0443965605065877,1.9612269606605572,1.5169012812423988,0.5456488460523043,-0.488273724696688,-2.0527824331705253,-0.6967109099146982,-0.7372861871588017,-0.9758520811855265,-0.5603531560598431,-2.531592134023657,1.5241695696346567,-0.7249193428916019,2.0038017158814077,3.042977181998969,3.6785466805650615,0.9667934095381138,4.4269076421570865,-0.7808049515789934,0
-0.9525340883080322,0.23803600023096494,0.3313273894088734,0.12045162869121284,3.5391132921110544,-0.5564657778499762,0.5172102161589602,2.3244794269614375,-0.12306417773349618,-2.1439928140621554,1.221165750004087,-2.233343790360804,-1.4249934440085945,0.4438928390428866,-2.239507373431384,1.6508527420828534,2.2968839756436,0.43829447655156206,1.7050109228070498,-1.504148530947979,0
-3.434088332009845,-1.0200159396455266,-0.726930765841749,-1.7879335073174882,-3.2474467286201225,1.4399540414286307,1.07562679401766,-2.8123100383439548,2.5278951868705297,-6.569889429295168,1.0686422195900849,2.05834093093992,-2.6553480657482655,0.5667603811176578,3.414484578100277,5.39152830821163,0.744789090058394,-3.919345156522631,-5.365949493070888,0.7255901754823215,0
-0.015334745855513199,1.8835069838950047,3.221681527849185,2.878761815590952,-3.8544591322912765,-1.862863586451236,-0.5347722560578038,-6.446244695237246,0.9769059766255763,0.2689570140785775,-1.6363017850994594,0.30670505365823764,4.747955620839051,-0.48495554487761494,7.601766098619317,1.039739166691273,-0.10758550279260959,-0.7895659550495684,0.28248010228920695,0.8258526698277096,0
1.2850713237271618,1.6185081838532787,-1.7006783018486393,1.05130731402963,-2.025565745786346,-0.3759282454713564,0.26118454127962865,1.5148445230261527,-2.4526976437115757,0.8115382878448794,-0.571902849809924,-1.6002773789894005,3.0549410651742925,0.7917452740087223,0.9820960318351799,-2.9420052723430223,-4.929616848820763,1.6604999079496425,-2.192116198978008,0.906870534610285,1
-1.2761483077205487,0.9881259012859316,-0.7169324208951124,-1.6225946705658107,4.793812092824869,0.5541429265127487,-0.6144235244478418,0.3392601010413435,2.159057897013687,0.03462170267987441,0.5475398201690533,-1.0541764063141228,-0.714591778660944,0.09637712311403587,-4.757387765070267,0.7021764188720871,2.1099222722375486,1.3962872721045192,3.412684544535109,0.7268705237449358,1
